cutoff_mode,dataset,replicate,prime_cutoff,feature_id,track_id,tau,value,prominence,width,curvature,refinement_ok,refinement
hard,real,0,5,peak_1,1,2.561664568060864,1.9964674961270097,4.227483350574872,6.106209161585219,-2.1935127898000957,True,derivative_root
hard,real,0,5,peak_2,2,4.716156926414792,0.8232619488396802,0.4117954701815282,0.7869576134959957,-2.8440244721791212,True,derivative_root
hard,real,0,5,peak_3,3,6.630314810737794,0.5631158454149028,0.6568568618399405,0.9684848750611601,-2.9333326154454378,True,derivative_root
hard,real,0,5,peak_4,4,10.12078414980564,0.038965746213302954,1.2104307459788428,1.2548086738507322,-3.141858259706156,True,derivative_root
hard,real,0,5,peak_5,5,13.844395902919423,2.6370725376076907,6.088129386459174,3.6352135596121418,-1.9422184969799396,True,derivative_root
hard,real,0,5,peak_6,6,21.16808816432899,2.0059591311871428,4.213127459672616,2.6994814498344626,-2.21081178005788,True,derivative_root
hard,real,0,5,peak_7,7,25.0754411966309,1.780421226349893,3.146350596538346,2.302142600021108,-2.230291719279859,True,derivative_root
hard,real,0,5,peak_8,8,30.228168185150157,1.4736890286247684,0.7251784243367903,1.0858457167886855,-2.5299228654127757,True,derivative_root
hard,real,0,5,peak_9,9,32.48902827139491,2.06470840996401,4.42187720340643,4.73900272955421,-2.2694193135011873,True,derivative_root
hard,real,0,7,peak_1,1,2.1669504975379756,2.2337113082502973,3.866798290703057,2.3331828989940115,-3.853240016039863,True,derivative_root
hard,real,0,7,peak_2,2,4.760069916573912,1.4564890277702347,1.183697957149823,1.0774704774179398,-4.388710546970453,True,derivative_root
hard,real,0,7,peak_3,10,7.138841303478848,0.13905773187906562,0.5949101684368068,0.8170455246014214,-4.17965534449461,True,derivative_root
hard,real,0,7,peak_4,4,10.512084052759311,-0.048528474561634116,1.3525045046075463,1.0929561497470075,-4.949062294927336,True,derivative_root
hard,real,0,7,peak_5,5,14.14505806184892,3.0772015995140096,5.898040542288871,3.013973156249509,-3.5884729178569903,True,derivative_root
hard,real,0,7,peak_6,11,17.655779186505615,-1.5137405208430126,0.10267145793920607,0.42394022030727285,-2.661051760134992,True,derivative_root
hard,real,0,7,peak_7,12,18.668295711072954,-1.319412944930122,0.3269791571973919,0.5983300188834363,-4.209169585406135,True,derivative_root
hard,real,0,7,peak_8,6,21.09498299139109,2.632631030297828,4.45931205620934,2.144057110047342,-3.7238196030539106,True,derivative_root
hard,real,0,7,peak_9,7,24.72825017891965,2.0851514005747966,3.918056539493622,2.122604348697345,-4.003786774534798,True,derivative_root
hard,real,0,7,peak_10,13,28.14392773708275,-1.873201955636588,0.127440972391915,0.3785254120691889,-3.9484464743243874,True,derivative_root
hard,real,0,7,peak_11,8,30.396864903204456,2.0206324831829394,4.679501902636753,4.76607328300218,-4.014878911763812,True,derivative_root
hard,real,0,7,peak_12,14,33.068078375491176,1.7789904264068856,0.7302662699197597,0.8748957655379286,-4.050648989685591,True,derivative_root
hard,real,0,11,peak_1,1,1.8700968176929382,2.268530381323424,3.4445894307443323,3.9778507208396334,-5.863902975977173,True,derivative_root
hard,real,0,11,peak_2,2,4.487412163500161,1.5054749816375705,0.9381707045568832,0.8832485454091853,-5.748798879115094,True,derivative_root
hard,real,0,11,peak_3,10,6.9370891236327985,0.42994259681367036,0.650875349634358,0.7896948240875532,-5.471598760597642,True,derivative_root
hard,real,0,11,peak_4,15,8.571541910510117,-0.37122909505103996,0.7487495891374476,0.8521869693428457,-5.5109485461078,True,derivative_root
hard,real,0,11,peak_5,4,10.835355510393569,-0.6730339133354066,0.2827602218654851,1.135236282285227,-3.6178269000952232,True,derivative_root
hard,real,0,11,peak_6,5,14.24192644639047,3.5579173047557284,6.1627385611003636,2.205650720039583,-5.654829142984215,True,derivative_root
hard,real,0,11,peak_7,16,16.771949993005652,-0.9658284813379789,0.8454842129741782,1.3135313975200178,-4.490295408234907,True,derivative_root
hard,real,0,11,peak_8,6,21.492814389467107,2.244020912387799,4.105168898616065,2.4752121059065786,-5.111803686973635,True,derivative_root
hard,real,0,11,peak_9,7,24.783998938532758,2.5938756800942655,4.8389348630407545,1.8557535200449793,-6.041515654186286,True,derivative_root
hard,real,0,11,peak_10,13,27.94708872527047,-1.6252311000691453,0.7133475988885571,0.687990971591654,-6.779407244762092,True,derivative_root
hard,real,0,11,peak_11,8,30.30835490196698,2.5004783473456107,4.775711026382252,4.379927228486304,-6.146729516901406,True,derivative_root
hard,real,0,11,peak_12,14,32.960523202348696,2.2391316976175437,1.8350055883440053,1.2584633186517977,-5.878341364735315,True,derivative_root
hard,real,0,17,peak_1,1,1.5635771613794114,2.524620373053696,3.7546883628480936,1.3252313220851861,-10.61014623192888,True,derivative_root
hard,real,0,17,peak_2,17,3.59879681566903,1.5170831780394787,1.1389702913591755,1.333965103581608,-4.510738976599306,True,derivative_root
hard,real,0,17,peak_3,18,5.936855234478032,0.5484029683916275,0.32771467229933715,0.6609232420439689,-4.192252244035282,True,derivative_root
hard,real,0,17,peak_4,15,8.391764788272596,-0.054360114547372725,0.7758766260560545,0.6576614164846405,-8.506633052695499,True,derivative_root
hard,real,0,17,peak_5,4,10.557965713744943,-0.47734067218882326,0.6202225945566142,0.9519750039911927,-2.051698972157324,True,derivative_root
hard,real,0,17,peak_6,5,14.124868000313674,3.868446390093969,6.912668549769681,2.1455414256149967,-9.65181929837679,True,derivative_root
hard,real,0,17,peak_7,16,16.54542779773743,-0.607275204783694,0.9514495399061675,0.7231091227449753,-8.77784473554939,True,derivative_root
hard,real,0,17,peak_8,12,18.820094636358046,-0.8412772326996535,0.9820424313088515,0.6999126242971357,-9.450156324273882,True,derivative_root
hard,real,0,17,peak_9,6,21.150677402795466,2.820355267802777,4.858657260056287,1.916254568468287,-4.103639245592763,True,derivative_root
hard,real,0,17,peak_10,7,25.144103726991617,2.5973024693970723,3.750654764151182,1.6081033227971746,-10.013552019428785,True,derivative_root
hard,real,0,17,peak_11,13,27.941302192669543,-0.8213799948051748,1.985734639838333,0.8898722385447911,-11.48560306518154,True,derivative_root
hard,real,0,17,peak_12,8,30.28815151491667,3.1467686465782014,5.272222431826151,1.5526354801259517,-10.739926517701115,True,derivative_root
hard,real,0,17,peak_13,14,32.80875716731284,2.510120263934036,2.5029514446656416,1.3442680921147598,-8.236319485344374,True,derivative_root
hard,real,0,29,peak_1,1,1.3255222062199856,2.893568949318977,4.003148678724135,1.0012850294471123,-18.48110528977112,True,derivative_root
hard,real,0,29,peak_2,17,3.1447201696612423,2.0873021662816176,2.1297320021628092,1.0212221890736117,-8.892642543787664,True,derivative_root
hard,real,0,29,peak_3,2,4.893762009666955,1.0997126089628015,0.8692137196942067,0.8718242233968291,-5.008538070789687,True,derivative_root
hard,real,0,29,peak_4,10,6.958413806071923,0.41699464789412444,0.6480494647578027,0.5427722033825987,-10.483861233465657,True,derivative_root
hard,real,0,29,peak_5,15,8.47205136620965,-0.2717516819884516,0.7333792158949101,0.7939586433255628,-5.854052885212854,True,derivative_root
hard,real,0,29,peak_6,4,10.381530845759187,-0.6176203749533495,0.40124192653151836,0.7976171268091719,-3.5609296051608386,True,derivative_root
hard,real,0,29,peak_7,19,12.405111425398822,0.04164512411874255,0.3421799561328204,0.5286778528232929,-5.954911821685574,True,derivative_root
hard,real,0,29,peak_8,5,14.07720997506701,4.08529495024809,6.403893825668948,1.7845648821169364,-9.0583593674413,True,derivative_root
hard,real,0,29,peak_9,16,16.422656194005196,-0.6719854564173691,0.5154087599998389,0.5009622097682268,-9.762255749028316,True,derivative_root
hard,real,0,29,peak_10,20,17.593536148527672,-1.6499409397891207,0.22188720634322046,0.43513378813188697,-5.5829242703192055,True,derivative_root
hard,real,0,29,peak_11,12,18.829375097343675,-1.0141728067398588,0.6987028151952408,0.6464360833210265,-8.075713431692998,True,derivative_root
hard,real,0,29,peak_12,6,21.056315175787418,2.9961765172864125,3.9592703503918423,1.5923917445248663,-5.20517474265065,True,derivative_root
hard,real,0,29,peak_13,21,23.051299271218298,-0.5309278626207817,0.24136607189562265,0.43779653311743233,-5.874510218981836,True,derivative_root
hard,real,0,29,peak_14,7,25.055447294154046,3.3248640150419355,5.247089678561124,1.3101886441597062,-17.05853727081101,True,derivative_root
hard,real,0,29,peak_15,13,28.33046896250566,-1.8924764408042813,0.15986747695657866,0.3962336244197275,-4.998008169993759,True,derivative_root
hard,real,0,29,peak_16,8,30.567553112378963,3.2920165832581048,3.905330007791317,1.1608241486513293,-15.8816165826298,True,derivative_root
hard,real,0,29,peak_17,14,32.866791825169976,3.4500862813549196,5.508208145224225,1.365072584385291,-15.997177913203092,True,derivative_root
hard,real,0,29,peak_18,22,34.81712108026644,-1.1742797359103225,0.2063968892614083,0.2511261078073858,-13.398414830961167,True,derivative_root
hard,real,0,47,peak_1,1,1.120800906816357,3.4188185313969153,4.772188697867419,0.8119408330304762,-33.120199558222005,True,derivative_root
hard,real,0,47,peak_2,17,2.7882453551934434,2.5003938422865666,2.9408226527276393,0.8861547400655749,-19.42584229409361,True,derivative_root
hard,real,0,47,peak_3,23,4.390468538661764,1.6639378776141485,1.5213012998322126,0.7782117257103884,-11.393080551435204,True,derivative_root
hard,real,0,47,peak_4,18,5.9430492410903915,0.9698827342812764,1.2398860838891306,0.689906243787953,-12.585069174479083,True,derivative_root
hard,real,0,47,peak_5,10,7.391770758459084,0.023293562385642452,0.7556325199235612,0.8840854109588534,-2.652401525806964,True,derivative_root
hard,real,0,47,peak_6,24,9.26734729603079,-0.41108085153497215,0.5510903070768017,0.7029021444367758,-5.619050253562726,True,derivative_root
hard,real,0,47,peak_7,4,10.776741334907378,-0.41710413334783136,0.6709110108804871,0.6935627558499164,-7.2931224480766375,True,derivative_root
hard,real,0,47,peak_8,19,12.445844725681878,0.4458064146719807,0.8190303740866742,0.5382306566525514,-13.630644364592275,True,derivative_root
hard,real,0,47,peak_9,5,14.108075286200743,4.560178680615506,6.922387165913124,1.4945421640965522,-16.485454009062494,True,derivative_root
hard,real,0,47,peak_10,20,17.558211222723255,-1.1475225023723152,0.7276505854792004,0.5434013533964305,-11.752118634672547,True,derivative_root
hard,real,0,47,peak_11,12,18.96738265417263,-0.7820967434894172,0.6123631818245611,0.48886069099223733,-12.261735288356203,True,derivative_root
hard,real,0,47,peak_12,6,21.027078018477063,3.3234068413018996,4.311149964874689,1.3983739541009301,-6.910726915071022,True,derivative_root
hard,real,0,47,peak_13,21,23.02800295647924,-0.2805683588187091,0.5936396276604367,0.5672321458030695,-9.688216126992177,True,derivative_root
hard,real,0,47,peak_14,7,25.007687656124446,3.505737097736039,5.7770809712528095,1.3120532694081306,-19.3638764163589,True,derivative_root
hard,real,0,47,peak_15,25,26.590926119482138,-1.2713786246214778,0.29959489450458965,0.4355834936037013,-7.0462548290812155,True,derivative_root
hard,real,0,47,peak_16,13,28.372909538320293,-1.5621038400645817,0.2693785717652013,0.39287816349033167,-8.020417497050595,True,derivative_root
hard,real,0,47,peak_17,8,30.52420038233575,3.575546356457493,5.6692971557993435,1.355143067957323,-19.411954569470634,True,derivative_root
hard,real,0,47,peak_18,14,32.79113395977742,3.082487415049382,3.5216140645279044,1.2186852307242533,-12.046019863442258,True,derivative_root
hard,real,0,47,peak_19,22,34.76637176886098,-1.6483177267912466,0.13953636381334023,0.3089315402755404,-5.979472146145356,True,derivative_root
hard,real,0,71,peak_1,1,1.0087787502445273,3.9016192803543728,5.148255547936993,0.6922832536857761,-48.33458983541199,True,derivative_root
hard,real,0,71,peak_2,17,2.5374504173687717,2.627694555784483,3.4697841373071947,0.8770073478071773,-22.405812672625565,True,derivative_root
hard,real,0,71,peak_3,23,3.989981877064144,1.8231449683176582,1.748404736954195,0.7519886678826432,-14.89827258739546,True,derivative_root
hard,real,0,71,peak_4,18,5.4844355298469365,1.022947218689955,0.9929714097058748,0.6536378330127512,-11.11079808143336,True,derivative_root
hard,real,0,71,peak_5,10,6.981949127674307,0.5217054824872616,1.0254462879397064,0.5582990368299704,-16.158410592303003,True,derivative_root
hard,real,0,71,peak_6,15,8.341935034690255,-0.0919085031145461,0.9340073042478643,0.6694159056814002,-9.77404206090867,True,derivative_root
hard,real,0,71,peak_7,24,9.721289292497403,-0.5353919570165327,0.62253243007978,0.7466964432127142,-5.307377219298843,True,derivative_root
hard,real,0,71,peak_8,26,11.338196698091883,-0.4538870111167925,0.3985137157635554,0.557815645633363,-6.247350042474414,True,derivative_root
hard,real,0,71,peak_9,19,12.593077266759632,0.3351563821043559,0.27165061048371675,0.3392486168799351,-10.875392633633382,True,derivative_root
hard,real,0,71,peak_10,5,14.176069152364164,4.63030206113201,7.034065223631351,1.4764129308563214,-20.49722845298517,True,derivative_root
hard,real,0,71,peak_11,20,17.531939848876164,-1.1295040209183003,0.7998805723691376,0.585171202863853,-11.194787188564243,True,derivative_root
hard,real,0,71,peak_12,12,18.92414592369276,-0.8117954826197039,0.5622202825633971,0.45233305141787244,-13.202920742548578,True,derivative_root
hard,real,0,71,peak_13,6,21.10291272963963,3.403976476912835,5.678297692156917,1.6071375092142945,-10.488647461320063,True,derivative_root
hard,real,0,71,peak_14,21,22.989517273422493,-0.16229302190775313,0.8979641022600171,0.710188178216373,-8.419004608131333,True,derivative_root
hard,real,0,71,peak_15,7,24.975115408620795,3.384703534844667,4.573654017541101,1.183461462530093,-19.450020865629938,True,derivative_root
hard,real,0,71,peak_16,25,26.544018582674894,-1.407744968971526,0.15642188955714276,0.33970317582997045,-6.185792274845087,True,derivative_root
hard,real,0,71,peak_17,8,30.481348653317497,3.608857286643978,5.577660313091787,1.3158216890433438,-20.792075171529163,True,derivative_root
hard,real,0,71,peak_18,14,32.84453604278557,3.233840154259426,3.5249721425380325,1.1104781683695932,-13.715256415847112,True,derivative_root
hard,real,0,71,peak_19,22,34.66444877251103,-1.3938488671654,0.5080213941724316,0.4478186195511853,-11.47877315088307,True,derivative_root
hard,real,0,101,peak_1,1,0.9249022704511096,4.466721375245702,5.798707169421922,0.6210970717176428,-67.0636343221592,True,derivative_root
hard,real,0,101,peak_2,17,2.337637709339634,2.904688826221715,4.117954381683034,0.8082573948072579,-32.525596102431095,True,derivative_root
hard,real,0,101,peak_3,23,3.701813970694991,2.1244260023452273,2.172083003645177,0.6847829626919002,-22.61416840044611,True,derivative_root
hard,real,0,101,peak_4,18,5.037621658117481,1.2553532763734063,1.3017307172168926,0.6818661534452105,-12.60611832758867,True,derivative_root
hard,real,0,101,peak_5,27,6.350343453390638,0.46177685921343015,0.7413764589867831,0.6441198580696871,-8.85253224026161,True,derivative_root
hard,real,0,101,peak_6,15,7.860958029607979,-0.12154140789686438,0.49140583647139346,0.5634903978495388,-6.864387882786371,True,derivative_root
hard,real,0,101,peak_7,24,9.292780497592819,-0.45973804188768375,0.5550577108289217,0.6101811352735013,-7.313424245008148,True,derivative_root
hard,real,0,101,peak_8,4,10.627918537730185,-0.585342933260017,0.33282527963298425,0.5075205549341035,-6.098449158336543,True,derivative_root
hard,real,0,101,peak_9,19,12.517692160202401,0.10486753617776501,0.22534249778300308,0.36710856717043044,-7.985588440120528,True,derivative_root
hard,real,0,101,peak_10,5,14.177997793770414,4.484262723372209,6.8801988943263845,1.5631929514624945,-17.9727308607077,True,derivative_root
hard,real,0,101,peak_11,20,17.50089897322791,-1.2800438826289966,0.557106898656127,0.556267719665587,-8.861534203634196,True,derivative_root
hard,real,0,101,peak_12,12,18.876983397589225,-1.0303934524975438,0.276715658475684,0.336858989123769,-11.48888580882336,True,derivative_root
hard,real,0,101,peak_13,6,21.095585565993098,3.720725824249748,5.794997345808161,1.4203581623962862,-16.199507494547156,True,derivative_root
hard,real,0,101,peak_14,21,22.7539070848686,-0.20151819823351194,0.7555162117182098,0.7037280454447711,-6.697127124045855,True,derivative_root
hard,real,0,101,peak_15,7,25.045500211006004,3.4795360164335496,4.650424476765173,1.1126360358550187,-20.059682002675803,True,derivative_root
hard,real,0,101,peak_16,25,26.62016187440289,-1.149428691351165,0.5770242313012242,0.5075453123805914,-10.177294833052793,True,derivative_root
hard,real,0,101,peak_17,13,28.27354248995706,-1.5494074755074387,0.36444190993471537,0.393079836573105,-11.332409067134076,True,derivative_root
hard,real,0,101,peak_18,8,30.511611716247412,3.7362362563478864,5.942740011358808,1.308508577570217,-25.32673467460846,True,derivative_root
hard,real,0,101,peak_19,14,32.904684328465926,3.030464265231714,3.4061705544016037,1.2170296612240634,-7.232025896265723,True,derivative_root
hard,real,0,101,peak_20,22,34.701764930901476,-1.1104010740865315,0.669117473519186,0.4018299829533817,-18.067431837284275,True,derivative_root
hard,real,0,151,peak_1,1,0.8383782904874155,5.324023516767332,7.650040769037074,0.5939620344936868,-98.26823999725453,True,derivative_root
hard,real,0,151,peak_2,17,2.1423594584230425,3.367914069305251,4.63988624587441,0.6721945364043975,-50.66175796787317,True,derivative_root
hard,real,0,151,peak_3,23,3.410681869280045,2.4706623760682773,2.8334089191715877,0.6608772332711234,-31.966992898980394,True,derivative_root
hard,real,0,151,peak_4,18,4.660016722604214,1.7774637112670884,1.9713080038358264,0.598849935955247,-27.22887465754522,True,derivative_root
hard,real,0,151,peak_5,27,5.90964184879654,1.0692159477067127,1.4880991498137754,0.5894354978544037,-20.413451234130875,True,derivative_root
hard,real,0,151,peak_6,10,7.118098264531336,0.5321178456706491,1.3623389451600372,0.5568301882895028,-21.859997082228944,True,derivative_root
hard,real,0,151,peak_7,28,8.38260072508455,-0.042134497568025384,1.0073188309553547,0.5701196789404633,-15.191363569981167,True,derivative_root
hard,real,0,151,peak_8,24,9.634911389762934,-0.38632353241935324,0.8825059002757094,0.6052116067674262,-12.096724503336151,True,derivative_root
hard,real,0,151,peak_9,29,10.96837776510907,-0.5269759151306869,0.42866160044389845,0.5806845183334289,-6.095589493493204,True,derivative_root
hard,real,0,151,peak_10,19,12.46070195299979,0.1464556889089751,0.28240578757307977,0.3731699858773098,-9.633374255758628,True,derivative_root
hard,real,0,151,peak_11,5,14.234901264273082,4.660110493826349,6.688858122015098,1.431196049875618,-22.89593269792705,True,derivative_root
hard,real,0,151,peak_12,30,15.684954684055558,-0.1071510815224459,0.2011427387714908,0.3419285236849362,-8.090686511173542,True,derivative_root
hard,real,0,151,peak_13,20,17.032029460634877,-1.219172309840158,0.3654694243888623,0.5296198364604948,-6.5737258430961525,True,derivative_root
hard,real,0,151,peak_14,31,18.376729620097272,-1.3271526855649032,0.46297589256276694,0.576484933012486,-6.481251597776861,True,derivative_root
hard,real,0,151,peak_15,32,19.664991369554738,-0.2462333794331177,0.5767486600670251,0.381915818391326,-18.1969604080151,True,derivative_root
hard,real,0,151,peak_16,6,20.989348029779126,4.348952617885837,6.373975642020751,1.1233738372028057,-31.843461420390508,True,derivative_root
hard,real,0,151,peak_17,21,22.312990351174644,-0.1144874290707555,0.14759106159419527,0.2517209685751567,-10.622482662253526,True,derivative_root
hard,real,0,151,peak_18,7,24.963374308054032,3.980359928719311,4.985331750193428,0.9135333954557296,-32.4635573040218,True,derivative_root
hard,real,0,151,peak_19,33,27.485905317115677,-1.8425249031845736,0.3030549973276788,0.4468800173337741,-7.208649021430632,True,derivative_root
hard,real,0,151,peak_20,8,30.434001411330396,3.9849891436525255,6.2118198066890455,1.17106918747661,-32.101476108026624,True,derivative_root
hard,real,0,151,peak_21,14,32.914562707667436,3.5976646379154897,3.5241401711001092,0.8988274883217742,-21.286475617119937,True,derivative_root
hard,real,0,151,peak_22,22,34.55003065619823,-1.2228164010825433,0.4665267213900417,0.3973127820830371,-14.0174934300149,True,derivative_root
hard,real,0,211,peak_1,1,0.7783978681507406,6.158283349362586,8.81036848559499,0.5491958447032624,-132.08070364077457,True,derivative_root
hard,real,0,211,peak_2,17,2.008642202583722,3.7789206399312345,5.313649309673676,0.6096222121798658,-70.13084934249453,True,derivative_root
hard,real,0,211,peak_3,23,3.1875057793067123,2.779054382259584,3.4878298260970246,0.6304878529037392,-43.49205816620297,True,derivative_root
hard,real,0,211,peak_4,18,4.370677273432705,1.995569792942138,2.287550807366917,0.5911520551969439,-31.405914463156627,True,derivative_root
hard,real,0,211,peak_5,27,5.540629985917967,1.3090558187357861,1.7482585724560544,0.5720574284481622,-25.50445062447487,True,derivative_root
hard,real,0,211,peak_6,10,6.739870202356429,0.6563604348154977,1.3373364573789495,0.5777662949066951,-18.3476869542044,True,derivative_root
hard,real,0,211,peak_7,15,7.894465038691817,0.25455700650048474,1.3610312197271275,0.5564078852325054,-21.151944837421013,True,derivative_root
hard,real,0,211,peak_8,34,9.08832248244397,-0.1027953239288088,1.229572912937502,0.5594492511603661,-19.260640527140183,True,derivative_root
hard,real,0,211,peak_9,4,10.287858796107606,-0.21752034602250317,1.2762125473714536,0.5790648983091131,-18.712556331153703,True,derivative_root
hard,real,0,211,peak_10,29,11.454022807357308,-0.027562746216285728,1.1614580412613285,0.5507879437745772,-18.014975121723364,True,derivative_root
hard,real,0,211,peak_11,19,12.625812446258674,0.7996835110793337,0.9319747903964701,0.4299977563106609,-23.734403058293577,True,derivative_root
hard,real,0,211,peak_12,5,14.065264831809008,4.773053904593604,7.145308580390882,1.374630000346511,-20.692031900070454,True,derivative_root
hard,real,0,211,peak_13,20,17.24355616165236,-1.310645214278577,0.34599023363095527,0.44273652155658855,-8.150003598994486,True,derivative_root
hard,real,0,211,peak_14,31,18.51036908738565,-1.2643432103484182,0.5605442749382377,0.5621769499251371,-8.183617603413543,True,derivative_root
hard,real,0,211,peak_15,32,19.68401109913234,-0.17795060827745754,0.6270410865720115,0.37829011392298073,-20.20576054604047,True,derivative_root
hard,real,0,211,peak_16,6,20.980237634597913,4.385766049868538,6.414198522794251,1.1092021735768527,-33.23144961910878,True,derivative_root
hard,real,0,211,peak_17,7,24.993256370440047,3.777804309884567,4.681945402420855,0.966398684286628,-24.990102701195585,True,derivative_root
hard,real,0,211,peak_18,25,26.47860672723047,-0.9201482898131447,0.5026831719179758,0.3673598835911662,-17.194278416536346,True,derivative_root
hard,real,0,211,peak_19,33,27.703565334608307,-1.7479544497436026,0.5289425453928855,0.5679564218473899,-9.171732609054922,True,derivative_root
hard,real,0,211,peak_20,35,29.052394101997685,-0.8460787695356502,0.3811171646213847,0.32286266092494886,-16.789052295027453,True,derivative_root
hard,real,0,211,peak_21,8,30.4008783940076,4.240450650090464,6.327716873937664,1.0247335591448177,-38.79677809025041,True,derivative_root
hard,real,0,211,peak_22,36,31.513188453738593,0.48460570676183035,0.11713709805474792,0.24921188310352138,-8.588472207070408,True,derivative_root
hard,real,0,211,peak_23,14,32.86014316334585,3.7879911223913245,4.021920096501801,0.8809498169732195,-26.7578460908344,True,derivative_root
taper,real,0,5,peak_1,1,3.592816675292788,0.8933542564830013,2.209619701379183,6.632311912174259,-0.3882021141812371,True,derivative_root
taper,real,0,5,peak_2,2,6.834151583419056,0.22926859629631036,0.24195011726950688,1.2141652444091875,-0.6667234081441682,True,derivative_root
taper,real,0,5,peak_3,3,13.989309154484461,0.993948155054949,2.714915759631298,6.194614207215164,-0.3531458820585597,True,derivative_root
taper,real,0,5,peak_4,4,21.167867873136796,0.7020103758174953,2.230947189462192,7.2348929868931044,-0.46146469343550856,True,derivative_root
taper,real,0,5,peak_5,5,24.403327682892005,0.5844139414466929,0.4830408923049394,1.9165902285202265,-0.5103599568262362,True,derivative_root
taper,real,0,5,peak_6,6,31.575030541412467,1.0118427558656808,1.6024671063693967,4.017849221199976,-0.3471665906793945,True,derivative_root
taper,real,0,7,peak_1,7,3.027658886936892,1.20731460235999,2.5970032369521525,4.191037879530292,-0.8634820724640093,True,derivative_root
taper,real,0,7,peak_2,2,6.838122272620191,0.30722763708432144,0.49630202244949373,1.2621284218937896,-1.2992421895469974,True,derivative_root
taper,real,0,7,peak_3,8,10.407189460778879,-0.35274935329162516,0.4967324449808793,1.1254554026349908,-1.610969516764696,True,derivative_root
taper,real,0,7,peak_4,3,13.940808357496119,1.5233937445974333,3.62037877888436,4.420666588505438,-0.7587191809811187,True,derivative_root
taper,real,0,7,peak_5,4,21.094893347979678,1.0976443549411905,3.185670878790878,7.31732663560386,-0.9204144053484785,True,derivative_root
taper,real,0,7,peak_6,5,24.781043243455606,0.8999988476863281,1.191265028307487,2.1632843974105955,-0.980329630039136,True,derivative_root
taper,real,0,7,peak_7,6,32.04774986352532,1.3494567177022487,2.4227838885872606,4.247614796085418,-0.835248707148415,True,derivative_root
taper,real,0,11,peak_1,9,2.4556380876755193,1.5634390734444328,2.9163512851413103,4.191119352965435,-2.003580454708761,True,derivative_root
taper,real,0,11,peak_2,10,4.583604252553717,0.9937143974670797,0.2538050943991019,0.6899713698128089,-2.2980257229724343,True,derivative_root
taper,real,0,11,peak_3,2,6.948238691980134,0.2599060838271512,0.4624733695041847,1.0189808052070362,-2.2730316997241253,True,derivative_root
taper,real,0,11,peak_4,8,10.395218873968812,-0.23867297204073898,1.1011658494618435,1.312071977018026,-2.8871147767867473,True,derivative_root
taper,real,0,11,peak_5,3,14.042526773300779,2.2132253955313734,4.803454528652422,3.6614012752232883,-1.8295615192655044,True,derivative_root
taper,real,0,11,peak_6,4,21.102585972081503,1.7424316211633777,3.777914104830786,2.7134779432206955,-2.0021515048180833,True,derivative_root
taper,real,0,11,peak_7,5,24.81174116928773,1.417379348555817,2.362249337400239,2.2139262081454802,-2.1277147242572925,True,derivative_root
taper,real,0,11,peak_8,11,30.474547935027328,1.4466400860549433,0.305323324266475,0.788700938704352,-2.0856509178095455,True,derivative_root
taper,real,0,11,peak_9,12,32.659259034136724,1.4595563431018754,3.260580442153975,4.645349409207228,-1.323912174777691,True,derivative_root
taper,real,0,17,peak_1,9,2.0644945753564343,1.779210540795556,3.152637890750595,4.252263238561844,-3.3220696412189454,True,derivative_root
taper,real,0,17,peak_2,10,4.534932275733396,1.1694840841409606,0.4448269953677031,0.7509964750272822,-3.5619889157011784,True,derivative_root
taper,real,0,17,peak_3,2,6.925608808158336,0.2400704281933339,0.38864534935326533,0.7635473759584812,-3.405523287453769,True,derivative_root
taper,real,0,17,peak_4,13,8.349950446009576,-0.47933750351900384,0.15621106521430184,0.4397891956493567,-3.5711833665312662,True,derivative_root
taper,real,0,17,peak_5,8,10.512720722269272,-0.3259529166022208,0.8619589200266704,1.1472417015324126,-2.2880211379339954,True,derivative_root
taper,real,0,17,peak_6,3,14.10478244558128,2.789218173145323,5.436015687640669,3.1439380921139732,-3.512837066889019,True,derivative_root
taper,real,0,17,peak_7,4,21.185875473927116,2.0820870136843013,4.002868807867647,2.430519391556905,-2.197080905635394,True,derivative_root
taper,real,0,17,peak_8,5,24.83887433877744,1.857897725163468,3.1979119948025154,2.029006242111558,-3.510279062971594,True,derivative_root
taper,real,0,17,peak_9,14,28.10850482965116,-1.7460350661065278,0.17764067523629357,0.4347934042308168,-4.155253868615436,True,derivative_root
taper,real,0,17,peak_10,11,30.39204404451381,1.9196831993644834,4.044691373852576,4.523070429477366,-3.9683979527326474,True,derivative_root
taper,real,0,17,peak_11,12,32.91591164528829,1.7888360268823176,0.8637271427848352,1.0634736696907054,-3.7377858224670106,True,derivative_root
taper,real,0,29,peak_1,9,1.6474950190124495,2.0215851774495275,3.1256601519476535,4.182929736404967,-7.415268544231829,True,derivative_root
taper,real,0,29,peak_2,15,3.442623641454898,1.1513830613694185,0.214494741717411,0.8808421245402656,-1.9116948795813375,True,derivative_root
taper,real,0,29,peak_3,2,6.949770702913925,0.16044778435833168,0.22052450608019203,0.4554781684853268,-4.858658171635332,True,derivative_root
taper,real,0,29,peak_4,13,8.414790398450792,-0.37492288221572667,0.39824947153653095,0.6139410763280169,-4.848858745932365,True,derivative_root
taper,real,0,29,peak_5,8,10.673951415772036,-0.5316917915273205,0.561985568743369,1.122674499432857,-1.5208824264990521,True,derivative_root
taper,real,0,29,peak_6,3,14.090525184509298,3.407818398825372,6.000269316726753,2.3718962537497563,-6.6190463624416696,True,derivative_root
taper,real,0,29,peak_7,16,16.483733622369513,-0.8788607549613998,0.28887816565237867,0.4812173658687755,-5.791935567509698,True,derivative_root
taper,real,0,29,peak_8,17,18.799063316842833,-1.128642560402434,0.5217333446474495,0.5968034717198464,-6.79498093845613,True,derivative_root
taper,real,0,29,peak_9,4,20.97760567592672,2.3721830992954844,4.219211161721712,2.1851501894963974,-0.9927258703981585,True,derivative_root
taper,real,0,29,peak_10,5,24.988648896062813,2.2721333774775894,3.542964041841949,1.795126419475372,-7.1174727088444465,True,derivative_root
taper,real,0,29,peak_11,14,28.038479823410405,-1.4647532974917685,0.8046212208510215,0.7314481886260581,-6.806194905715491,True,derivative_root
taper,real,0,29,peak_12,11,30.399325093194143,2.5353814926498006,4.557835500056074,4.235058096065711,-7.534233236208219,True,derivative_root
taper,real,0,29,peak_13,12,32.91298986395369,2.34582390877292,1.8806267509325005,1.1421165579770332,-6.843990845562558,True,derivative_root
taper,real,0,47,peak_1,9,1.40271737388096,2.3384993379439023,3.354609618473269,1.2393516056239644,-13.05707472303175,True,derivative_root
taper,real,0,47,peak_2,15,3.1146867063710366,1.5740238320835702,0.9973895083122605,0.9613646534917184,-4.904003339543682,True,derivative_root
taper,real,0,47,peak_3,10,4.6848923762815815,0.9385591904586212,0.2747990263136989,0.5719640649591206,-4.131972198621728,True,derivative_root
taper,real,0,47,peak_4,2,6.943874299156594,0.17942681633046728,0.27915618599629566,0.4482739246292184,-6.435723345158862,True,derivative_root
taper,real,0,47,peak_5,13,8.39230317967552,-0.33738003587534765,0.4625396391525261,0.6235133375782582,-5.677595923435911,True,derivative_root
taper,real,0,47,peak_6,8,10.346082834521898,-0.6576434149867393,0.2624762790997649,0.8733056255769768,-2.435682183111371,True,derivative_root
taper,real,0,47,peak_7,3,14.071089842263241,3.764379604167358,6.15639429245202,2.024337661641798,-8.065224096513871,True,derivative_root
taper,real,0,47,peak_8,16,16.464847412910714,-0.8127369869696948,0.3915626747421439,0.5145142070697347,-6.893057082829716,True,derivative_root
taper,real,0,47,peak_9,18,17.592293667235474,-1.6952201571839274,0.13459871717369554,0.3889703764703882,-4.100663672997261,True,derivative_root
taper,real,0,47,peak_10,17,18.814652383493762,-1.0074825057688268,0.6894832419277215,0.6149549418031711,-8.612586062474067,True,derivative_root
taper,real,0,47,peak_11,4,21.004749762547586,2.7453027272127404,3.7343493417482794,1.6948712478978962,-3.1071872231742255,True,derivative_root
taper,real,0,47,peak_12,5,25.013121852912708,2.818321047339731,4.719891943270621,1.6085183720209102,-12.509446684790326,True,derivative_root
taper,real,0,47,peak_13,14,28.138436798433236,-1.575801187586785,0.6378675419699733,0.7594057581167135,-5.296557756039795,True,derivative_root
taper,real,0,47,peak_14,11,30.47509387339358,2.951826790715239,5.022460303361932,1.6980350519992726,-11.961398284111864,True,derivative_root
taper,real,0,47,peak_15,12,32.870904847597586,2.755530863248619,2.6986878404144337,1.168302448421207,-9.310142139494012,True,derivative_root
taper,real,0,47,peak_16,19,34.81238335038678,-1.7011932558817433,0.10114271048724377,0.2575750278330759,-6.319842398558063,True,derivative_root
taper,real,0,71,peak_1,9,1.228206595425441,2.6464638924640416,3.6423115538759285,0.958274384197564,-20.778992688995583,True,derivative_root
taper,real,0,71,peak_2,15,2.9014564111832457,1.8227363198494984,1.4589382723097866,0.8968523845520491,-10.850567111507317,True,derivative_root
taper,real,0,71,peak_3,10,4.4992438309444935,1.0875571902152157,0.39160751223912227,0.6090039847753147,-5.003155328046458,True,derivative_root
taper,real,0,71,peak_4,20,5.880622492974674,0.3908396232996378,0.11974191666944917,0.3789733473096682,-3.9530234458025553,True,derivative_root
taper,real,0,71,peak_5,2,7.027168157233935,0.0607560521134574,0.2873215106219241,0.4516615153834906,-6.618370728494248,True,derivative_root
taper,real,0,71,peak_6,13,8.36032478448233,-0.459511775372158,0.23794588850988524,0.5546308616705034,-3.7193477521163563,True,derivative_root
taper,real,0,71,peak_7,8,10.504290332479176,-0.7029541207741351,0.21286130428126349,0.7759537209444333,-0.8450500460552088,True,derivative_root
taper,real,0,71,peak_8,21,12.446949610883966,0.04706643675208099,0.23588293373375363,0.4098906616405046,-6.533777488483179,True,derivative_root
taper,real,0,71,peak_9,3,14.091596480258522,4.024562721392495,6.2981765666225975,1.815290062786167,-10.07240878214288,True,derivative_root
taper,real,0,71,peak_10,16,16.350485854900484,-0.8293487275152324,0.22739365491068064,0.4455490685931466,-5.323686038943354,True,derivative_root
taper,real,0,71,peak_11,18,17.608562907106812,-1.496425805708299,0.34912617431814486,0.4858696853541375,-6.943931418458088,True,derivative_root
taper,real,0,71,peak_12,17,18.889396948864253,-0.9969615186795231,0.52744738581129,0.5177043201972396,-9.31896404833505,True,derivative_root
taper,real,0,71,peak_13,4,21.056044923672005,3.051303561342159,4.011165781578545,1.5174701336979695,-5.730800117774591,True,derivative_root
taper,real,0,71,peak_14,22,22.998534830275855,-0.5394520214919276,0.23752248176939184,0.4545781339281547,-5.597477083196556,True,derivative_root
taper,real,0,71,peak_15,5,25.003777597122117,3.162512526825596,5.134324864909532,1.4072691202843175,-16.103360943203924,True,derivative_root
taper,real,0,71,peak_16,14,28.250155056744656,-1.6253153132441476,0.4435648435911006,0.5728910381195647,-6.875478557876942,True,derivative_root
taper,real,0,71,peak_17,11,30.511118524140194,3.238948998397159,5.289922288676106,1.5185635696183626,-15.34375923868864,True,derivative_root
taper,real,0,71,peak_18,12,32.81541485892154,2.9547877978368438,3.188602626886834,1.192716400780182,-11.439257364510745,True,derivative_root
taper,real,0,71,peak_19,19,34.783994233147176,-1.7117195622320271,0.11279710577508872,0.2937460230746524,-5.352083700127793,True,derivative_root
taper,real,0,101,peak_1,9,1.1039713879116269,2.991161738851321,3.9383261978176627,0.7914692439457258,-30.631317738797367,True,derivative_root
taper,real,0,101,peak_2,15,2.7050761358694775,1.9007080107804828,1.7750993940101452,0.9289319555229743,-11.24571598985766,True,derivative_root
taper,real,0,101,peak_3,10,4.1179227272526004,1.1258696550471428,0.3628450018215038,0.699232411298479,-3.911874237428654,True,derivative_root
taper,real,0,101,peak_4,2,7.004510881929256,0.12367831887758017,0.3754484403433216,0.45980853153892554,-8.429394860145683,True,derivative_root
taper,real,0,101,peak_5,13,8.298538064123028,-0.4149299402646045,0.27205865839425525,0.5196556311824295,-4.906892796526575,True,derivative_root
taper,real,0,101,peak_6,23,9.466029807807486,-0.7749407218889348,0.11155159626891065,0.3698272382352983,-3.9107502305677815,True,derivative_root
taper,real,0,101,peak_7,21,12.470445565468433,0.14000638125397968,0.33160083605313656,0.42312694571794796,-8.723975664261943,True,derivative_root
taper,real,0,101,peak_8,3,14.11324422509213,4.208369464439055,6.458596170912786,1.6822122018252772,-12.468312314557911,True,derivative_root
taper,real,0,101,peak_9,16,16.24309397108515,-0.8028338415473915,0.12407448742369953,0.3886935516987336,-3.691957631409051,True,derivative_root
taper,real,0,101,peak_10,18,17.61255471461386,-1.355401532689997,0.5327549421772908,0.5419891238758254,-8.619802835820977,True,derivative_root
taper,real,0,101,peak_11,17,18.93428248397698,-0.9705118601252133,0.4141484794616389,0.45434124003047605,-9.513245934695865,True,derivative_root
taper,real,0,101,peak_12,4,21.05890343816882,3.253259275861967,4.269623962955979,1.436262922725655,-8.13855362978376,True,derivative_root
taper,real,0,101,peak_13,22,22.98683763960049,-0.405909422997297,0.41237538175394234,0.5757889978583819,-6.278171529709063,True,derivative_root
taper,real,0,101,peak_14,5,25.002352856648308,3.296680423711536,5.353250350232596,1.3737785000428062,-17.670990389278156,True,derivative_root
taper,real,0,101,peak_15,14,28.30850411013397,-1.6112809925360703,0.3254717667221294,0.4529416314692014,-7.55271502692561,True,derivative_root
taper,real,0,101,peak_16,11,30.50551921494222,3.375240429027462,5.352454250393205,1.4358416051687586,-17.203530399777705,True,derivative_root
taper,real,0,101,peak_17,12,32.81144188264895,3.0982808906471404,3.418274709268241,1.1596921168407448,-13.085563134500516,True,derivative_root
taper,real,0,101,peak_18,19,34.70625283423851,-1.6433196542177566,0.24295714882455677,0.39103116493895984,-6.883363734066592,True,derivative_root
taper,real,0,151,peak_1,9,0.987274280231355,3.515581999643159,4.441607392986918,0.6647223907049169,-46.8201853362832,True,derivative_root
taper,real,0,151,peak_2,15,2.4312806264696136,2.038548238704231,2.3380869600702834,0.9648835810928926,-15.610391004896515,True,derivative_root
taper,real,0,151,peak_3,10,3.7268058853052652,1.3589143537607733,0.6207218278603841,0.6039575586946626,-8.303535798535743,True,derivative_root
taper,real,0,151,peak_4,24,4.802560946554134,0.7556855873302916,0.10877373158463166,0.38155925123207624,-3.4203917685632885,True,derivative_root
taper,real,0,151,peak_5,2,7.009533665265822,-0.012564934072456267,0.16527455254559845,0.3491933469421383,-6.323642963537616,True,derivative_root
taper,real,0,151,peak_6,21,12.522433589028603,0.23615475376085643,0.35438121746741075,0.391036605728371,-10.868399834196115,True,derivative_root
taper,real,0,151,peak_7,3,14.12782771929924,4.43152201523751,6.669808278244366,1.5394628815382305,-16.119199589955937,True,derivative_root
taper,real,0,151,peak_8,18,17.62894484251199,-1.3839543646318562,0.4696990278591633,0.5679912237126615,-6.828268980945959,True,derivative_root
taper,real,0,151,peak_9,17,18.968469574431182,-1.0670469307089232,0.13974428902486769,0.32031352052058254,-6.457615217770933,True,derivative_root
taper,real,0,151,peak_10,4,21.040899117644823,3.5045723782963907,5.511976334827294,1.4958202337065871,-12.409422565600803,True,derivative_root
taper,real,0,151,peak_11,22,22.957649190355614,-0.4434196402744955,0.3186583785604408,0.6856181987676195,-3.3262880003059596,True,derivative_root
taper,real,0,151,peak_12,5,25.000957377020445,3.4621283211019978,4.438204549809032,1.077503777056768,-20.714960341470285,True,derivative_root
taper,real,0,151,peak_13,25,26.507641449917156,-1.280952757556651,0.1583621026671458,0.3096579254681842,-7.392853762591384,True,derivative_root
taper,real,0,151,peak_14,14,28.344116048357517,-1.684183006776511,0.11203616417089446,0.3086847981830772,-5.492288383744572,True,derivative_root
taper,real,0,151,peak_15,11,30.48183202638613,3.5582568808721735,5.510305917362134,1.331126005147388,-21.10187528962918,True,derivative_root
taper,real,0,151,peak_16,12,32.84455066669825,3.2016672132585344,3.442723029165438,1.0993482096450122,-13.540467873291806,True,derivative_root
taper,real,0,151,peak_17,19,34.65791355386089,-1.4770252319554058,0.4484139332359456,0.4445391673687425,-10.491297672541323,True,derivative_root
taper,real,0,211,peak_1,9,0.9082739190821469,4.06202140365915,5.002887921125155,0.5927643008255244,-64.90387402550807,True,derivative_root
taper,real,0,211,peak_2,15,2.2570270191996684,2.28620009295264,3.0339696594309093,0.8895110532208336,-24.484547567524388,True,derivative_root
taper,real,0,211,peak_3,10,3.5268860211277433,1.5602586755979404,0.9115309850338864,0.6107333245254829,-12.342891723436416,True,derivative_root
taper,real,0,211,peak_4,24,4.7033494346913995,1.0101345592501896,0.43582192786857976,0.4770067631743629,-9.290992837328668,True,derivative_root
taper,real,0,211,peak_5,26,5.920736065107055,0.44184915712997874,0.21945842119118242,0.43207501241552393,-5.346175883324039,True,derivative_root
taper,real,0,211,peak_6,2,7.052513151717508,0.056113786913780654,0.3502778930454816,0.42261697323907726,-9.435409316406838,True,derivative_root
taper,real,0,211,peak_7,13,8.289646596554242,-0.4452771446106956,0.16832444779722794,0.4271719888320192,-4.417890554383321,True,derivative_root
taper,real,0,211,peak_8,23,9.507847766248718,-0.74205176705076,0.1345420444383616,0.44566396227538263,-3.2588575756967404,True,derivative_root
taper,real,0,211,peak_9,21,12.562000170180788,0.2552107115612103,0.2711459319713674,0.3418295638058879,-10.83016023670197,True,derivative_root
taper,real,0,211,peak_10,3,14.150053661411452,4.5968468549130925,6.749436299425868,1.4309521303044392,-19.212028185374805,True,derivative_root
taper,real,0,211,peak_11,18,17.655896837716544,-1.5178216817556802,0.2202209436352749,0.5377997586814957,-3.4983432483404284,True,derivative_root
taper,real,0,211,peak_12,4,21.02605436850393,3.752089712935841,5.615845468160038,1.3528648927183242,-17.55977281143031,True,derivative_root
taper,real,0,211,peak_13,22,22.541190993702795,-0.4735469146784154,0.15024591650184765,0.43651333208660503,-4.020521355556802,True,derivative_root
taper,real,0,211,peak_14,5,24.996864513922326,3.6709477665000847,4.511168399755319,0.9764382136997711,-25.21648515006249,True,derivative_root
taper,real,0,211,peak_15,25,26.4496524871013,-1.1673632978537738,0.17388849673235862,0.28646299541670145,-9.514876028403705,True,derivative_root
taper,real,0,211,peak_16,11,30.452037730774407,3.72990486009238,5.780374275619993,1.2600525233916926,-25.36159829666209,True,derivative_root
taper,real,0,211,peak_17,12,32.86779189220401,3.3573342139907276,3.4616550338658154,1.0077151760733956,-16.360895124268957,True,derivative_root
taper,real,0,211,peak_18,19,34.61863649841903,-1.4219974643106064,0.4024987454097442,0.4037029730236157,-11.494611664578844,True,derivative_root
hard,phase_scrambled,0,5,peak_1,1,5.282890191810195,0.30879137163953674,0.21742117259321608,0.5881296448869598,-2.692821804320496,True,derivative_root
hard,phase_scrambled,0,5,peak_2,2,7.439927945723631,2.086873631422499,5.519610476847854,4.550630726458737,-2.2416853408269044,True,derivative_root
hard,phase_scrambled,0,5,peak_3,3,11.257119111596456,1.055927410339351,2.1964458241503864,1.8192581332032063,-2.6071263878606317,True,derivative_root
hard,phase_scrambled,0,5,peak_4,4,16.516900622588107,1.9089481038597893,4.077749148466567,4.7420175900979675,-2.3616754927624153,True,derivative_root
hard,phase_scrambled,0,5,peak_5,5,18.776152947455287,1.653328402277588,0.8792287779871049,1.2117013166929185,-2.4389714701558063,True,derivative_root
hard,phase_scrambled,0,5,peak_6,6,23.92750948029607,1.7999008445477365,2.802235644668448,2.1860109344938876,-2.226488687666905,True,derivative_root
hard,phase_scrambled,0,5,peak_7,7,27.84608912701282,1.8725997383397148,3.8453620936286375,2.5668001800404454,-2.2920776988953064,True,derivative_root
hard,phase_scrambled,0,7,peak_1,8,0.3780786985377279,3.059666329900593,0.25464715036283625,0.5356440281657517,-3.5336214001689905,True,derivative_root
hard,phase_scrambled,0,7,peak_2,1,4.814911537975414,0.01854990446151151,0.7623632355280067,0.824428575044167,-4.790389815793677,True,derivative_root
hard,phase_scrambled,0,7,peak_3,2,7.3275528614010605,2.6929233369921985,5.666745460158389,2.5046324416267822,-3.773509227019722,True,derivative_root
hard,phase_scrambled,0,7,peak_4,3,10.935758229646183,1.3326841018639015,2.7723679874483187,1.6692481110128996,-4.350350000912121,True,derivative_root
hard,phase_scrambled,0,7,peak_5,9,13.230327693514967,-1.2712267674238267,0.13873715123327335,0.4415752849621328,-3.2285943742055565,True,derivative_root
hard,phase_scrambled,0,7,peak_6,10,14.254865756615557,-1.4419935147526581,0.11124159262275901,0.402082126978425,-3.1131216671104847,True,derivative_root
hard,phase_scrambled,0,7,peak_7,4,16.645906619881846,2.499761060623976,4.191431064563875,4.379143413567715,-3.903762556358153,True,derivative_root
hard,phase_scrambled,0,7,peak_8,11,19.286511251917734,1.4899198080042992,0.9659139330832833,0.9842757318803024,-4.209806368044392,True,derivative_root
hard,phase_scrambled,0,7,peak_9,6,23.673620585470314,2.2664998273843944,5.099671608011331,2.3602055065327447,-3.8111376685531644,True,derivative_root
hard,phase_scrambled,0,7,peak_10,12,27.319580375139253,1.7099863777276751,2.686582232884465,2.6019660736301944,-4.180878850033224,True,derivative_root
hard,phase_scrambled,0,11,peak_1,1,4.749417392855495,0.5106250052972432,1.839711607165547,1.0569193724986314,-6.960802036500691,True,derivative_root
hard,phase_scrambled,0,11,peak_2,2,7.287854006205696,3.2115232371404128,6.877356772711955,2.232025110911807,-5.8231296370208465,True,derivative_root
hard,phase_scrambled,0,11,peak_3,3,10.591658501908904,1.0197996202071853,2.607795537948687,2.2355322096345334,-5.498928205672277,True,derivative_root
hard,phase_scrambled,0,11,peak_4,4,17.005903484094343,2.2882411056445067,4.552494125307275,4.846714085663956,-5.325889724119869,True,derivative_root
hard,phase_scrambled,0,11,peak_5,11,19.612982208670353,1.2829836947039448,0.8414833848297191,0.7934403867970077,-5.9498245246576085,True,derivative_root
hard,phase_scrambled,0,11,peak_6,6,23.415476016293862,2.4306429262799005,5.304172521780278,2.4436938474316947,-5.888271890517023,True,derivative_root
hard,phase_scrambled,0,11,peak_7,7,27.618274716598595,1.7381436899702025,2.1974255748676375,1.9837857506897594,-5.155766146388453,True,derivative_root
hard,phase_scrambled,0,11,peak_8,13,30.121667640332525,-0.2595448974323725,0.5419965815288654,0.6101432766923609,-6.343838623117685,True,derivative_root
hard,phase_scrambled,0,11,peak_9,14,33.942558126811015,1.3414416771600308,0.5794605912507148,0.684413341489261,-5.551653192052437,True,derivative_root
hard,phase_scrambled,0,17,peak_1,1,4.601924230933868,1.090615514127092,3.2544075850948735,1.0944435637272114,-11.675145202050098,True,derivative_root
hard,phase_scrambled,0,17,peak_2,2,7.02892965421539,3.6505033792053303,7.939967668569423,2.327015091254496,-10.515114556190857,True,derivative_root
hard,phase_scrambled,0,17,peak_3,15,9.456121803557227,-0.27226806010076965,0.447036353317777,0.5853566310871002,-6.413339137008673,True,derivative_root
hard,phase_scrambled,0,17,peak_4,16,11.20507866372635,1.3148827014436706,2.0730349975329916,1.3431482568714799,-2.250144315097649,True,derivative_root
hard,phase_scrambled,0,17,peak_5,9,13.299717535628018,-1.00598822565393,0.8722271325930206,0.790925907883954,-8.13803028407441,True,derivative_root
hard,phase_scrambled,0,17,peak_6,17,16.157127363355002,2.104689245795103,4.115121252295719,4.783039433698761,-5.050565554193874,True,derivative_root
hard,phase_scrambled,0,17,peak_7,18,18.07291857612675,1.2567239430736374,0.11861851898745734,0.33557668171568483,-4.740112398991531,True,derivative_root
hard,phase_scrambled,0,17,peak_8,11,19.578082326399024,1.1725697396028618,0.6787675985688604,0.622942566682525,-8.064316369574406,True,derivative_root
hard,phase_scrambled,0,17,peak_9,6,23.599268179669615,2.3071488005772736,5.739323503197179,2.4448376640561467,-2.426341270024846,True,derivative_root
hard,phase_scrambled,0,17,peak_10,19,28.60985116127886,1.8461737177457638,2.7593423565295705,2.8394970485504474,-9.288382889443918,True,derivative_root
hard,phase_scrambled,0,17,peak_11,13,30.557740748751677,-0.7560361818160541,0.6947807927273026,0.752969886661748,-6.309852997608519,True,derivative_root
hard,phase_scrambled,0,17,peak_12,14,33.719672048126114,1.990759760283351,2.369049817893556,1.1702711952228981,-8.940427229455928,True,derivative_root
hard,phase_scrambled,0,29,peak_1,20,1.5471298375272393,1.4339693174380719,0.40989003561997417,0.41384328712616675,-10.93875052733255,True,derivative_root
hard,phase_scrambled,0,29,peak_2,1,4.325863412783658,0.6387193607372883,1.9596065905256865,0.8859037938898298,-13.336636241593597,True,derivative_root
hard,phase_scrambled,0,29,peak_3,2,7.355433449043787,3.319171430380385,7.914380052671523,2.534860178058518,-11.870311155318946,True,derivative_root
hard,phase_scrambled,0,29,peak_4,15,9.66244087319238,0.3891262584998141,0.6072322952169437,0.5006794434461327,-11.244176147651812,True,derivative_root
hard,phase_scrambled,0,29,peak_5,16,11.557880084540162,1.4754760929538535,3.2398551030655955,1.7073559643316303,-13.768950947655771,True,derivative_root
hard,phase_scrambled,0,29,peak_6,21,14.074590497603612,-1.0609879550830372,1.1156461478777144,1.369745548183579,-2.4331814855496745,True,derivative_root
hard,phase_scrambled,0,29,peak_7,17,16.338581251752732,2.5915174001090087,4.852924954162476,4.9685941458172636,-5.124793829735112,True,derivative_root
hard,phase_scrambled,0,29,peak_8,18,18.30218882028975,1.801316155838789,1.1202857883248165,0.7478584687760077,-9.109455598140284,True,derivative_root
hard,phase_scrambled,0,29,peak_9,22,20.105473466545842,0.7330185642552735,0.5432706636511764,0.6946775014904433,-5.823180762755575,True,derivative_root
hard,phase_scrambled,0,29,peak_10,23,23.025562770324974,1.7006818983700318,0.1749325500582828,0.3636803532554922,-5.917551737414801,True,derivative_root
hard,phase_scrambled,0,29,peak_11,6,24.085904489152718,2.067780487136271,5.305862696412641,2.5879053341902423,-6.983762334895864,True,derivative_root
hard,phase_scrambled,0,29,peak_12,24,26.55325424655051,1.253175489030096,0.7657301584292113,0.5983560911456437,-10.062143721294008,True,derivative_root
hard,phase_scrambled,0,29,peak_13,19,28.518320446254663,2.030935905890928,3.5254741121101096,3.022819215948772,-13.164481469037307,True,derivative_root
hard,phase_scrambled,0,29,peak_14,13,30.430920202378875,-0.8497223653017896,0.2297414505880968,0.3821437146794381,-7.480275264765535,True,derivative_root
hard,phase_scrambled,0,29,peak_15,14,33.732540623421876,2.782090635051217,3.9825476850109283,1.0869266256696335,-16.83549007342346,True,derivative_root
hard,phase_scrambled,0,47,peak_1,1,4.338999902855926,1.5316929083722557,3.5677930154136313,0.8388764849198105,-24.21688881076101,True,derivative_root
hard,phase_scrambled,0,47,peak_2,25,6.356583561271034,1.65468234284832,0.3540716135329671,0.3259609811249057,-15.07748683172013,True,derivative_root
hard,phase_scrambled,0,47,peak_3,2,7.56641019737704,3.6864864627386313,8.7785564742473,2.6083353916903826,-17.583157084794063,True,derivative_root
hard,phase_scrambled,0,47,peak_4,15,9.579357004266596,1.137802426146721,2.0392632535386612,0.6164795438118589,-25.03322805366888,True,derivative_root
hard,phase_scrambled,0,47,peak_5,16,11.385002665887969,1.7925218333839168,4.200797505827216,1.445855517729443,-17.37223434104539,True,derivative_root
hard,phase_scrambled,0,47,peak_6,21,14.262627667093795,-0.8376069837927542,0.9238814627157828,0.7245937197695724,-8.7388354333046,True,derivative_root
hard,phase_scrambled,0,47,peak_7,17,16.179011352252157,2.8931197385706744,5.414297156061497,4.575253099896341,-10.288109061651893,True,derivative_root
hard,phase_scrambled,0,47,peak_8,18,18.053258639012423,1.6276655589588673,0.6519604374956851,0.7207729063174242,-5.958056389288392,True,derivative_root
hard,phase_scrambled,0,47,peak_9,11,19.47568634635126,0.9687530801872668,0.5852802649789218,0.5335717926016201,-9.90347620153189,True,derivative_root
hard,phase_scrambled,0,47,peak_10,23,22.93609790790522,2.4042077274968405,4.626481301607728,2.4411353763573773,-17.69656835529624,True,derivative_root
hard,phase_scrambled,0,47,peak_11,6,24.37209116578693,2.2114485479599755,1.2486949979570767,0.6018260453282324,-16.607026317466712,True,derivative_root
hard,phase_scrambled,0,47,peak_12,24,26.508351808751847,1.9583735925926864,2.3208272389193763,0.7922439889523901,-16.410643295562867,True,derivative_root
hard,phase_scrambled,0,47,peak_13,19,28.398314781302144,2.624044971558981,6.105977567597129,3.127371330389633,-18.71570695909122,True,derivative_root
hard,phase_scrambled,0,47,peak_14,13,30.028697970132555,-0.2214369601534165,0.8875920869723801,0.7237801598450574,-7.2830093564538885,True,derivative_root
hard,phase_scrambled,0,47,peak_15,26,31.603699088431142,-1.0810867637229076,1.4147696106112955,0.5934146344131023,-19.133467361175345,True,derivative_root
hard,phase_scrambled,0,47,peak_16,14,33.62696649988698,3.4077914478228086,5.198488278014963,1.0400288211347686,-23.151638275880046,True,derivative_root
hard,phase_scrambled,0,71,peak_1,27,0.19450810010333047,3.0429039022446456,0.18155312336030693,0.2811852811016801,-9.685519034480679,True,derivative_root
hard,phase_scrambled,0,71,peak_2,20,1.7314847210008226,0.8890215363327058,0.41615830814473925,0.3908561567111516,-12.169394623188794,True,derivative_root
hard,phase_scrambled,0,71,peak_3,1,4.437311279860413,0.9580629042789917,2.9514573360564995,1.0050389651246363,-12.053955117185522,True,derivative_root
hard,phase_scrambled,0,71,peak_4,25,6.403313295306595,2.1615507680816135,0.6815522327917842,0.3798512554147408,-21.917191612451372,True,derivative_root
hard,phase_scrambled,0,71,peak_5,2,7.683328777282118,3.717239321171287,8.497521076884244,2.460287102214277,-20.10781869019147,True,derivative_root
hard,phase_scrambled,0,71,peak_6,15,9.550883769948026,1.5176623803732865,2.812139850373388,0.6362962700381346,-32.89040977760028,True,derivative_root
hard,phase_scrambled,0,71,peak_7,16,11.27214759849057,1.6981991339975075,4.00447562023794,1.470512185126239,-13.454215035598724,True,derivative_root
hard,phase_scrambled,0,71,peak_8,21,14.045782340418366,-0.7928930462147816,1.1521764584095129,0.8638935698457715,-7.754169144107176,True,derivative_root
hard,phase_scrambled,0,71,peak_9,17,16.447564375840997,2.7371521865445163,5.596684694111618,3.3691087148808436,-8.779193521354411,True,derivative_root
hard,phase_scrambled,0,71,peak_10,18,18.19254595025956,2.1623901903762297,1.716488848849188,0.7324967312610312,-14.517880223814396,True,derivative_root
hard,phase_scrambled,0,71,peak_11,11,19.64407188955638,1.4183794354368762,1.736171353219418,0.7682030277983358,-13.184932925441109,True,derivative_root
hard,phase_scrambled,0,71,peak_12,23,22.894447967393265,3.0881361715591864,6.515310571759922,2.4433275435229036,-30.988349045586403,True,derivative_root
hard,phase_scrambled,0,71,peak_13,6,24.362287742895713,2.9252249419868197,2.729756699256774,0.7000217657301846,-27.031489018016376,True,derivative_root
hard,phase_scrambled,0,71,peak_14,24,26.301869284778782,1.4374307712276093,1.275962928989085,0.7932659542835268,-11.196186944192679,True,derivative_root
hard,phase_scrambled,0,71,peak_15,19,28.511324617595992,2.481920150035643,4.871410812893306,3.1617474348968813,-22.506221260222702,True,derivative_root
hard,phase_scrambled,0,71,peak_16,13,30.223384654585196,-0.08891902872905472,1.2439424410175188,0.6649304468187381,-12.175820994158778,True,derivative_root
hard,phase_scrambled,0,71,peak_17,26,31.67681390724014,-1.0622866162864277,1.6691710065546232,0.6089920823196509,-21.86228767221968,True,derivative_root
hard,phase_scrambled,0,71,peak_18,14,33.61844006161753,3.630510000982556,5.629841724189381,1.0215945837560185,-26.787340240480376,True,derivative_root
hard,phase_scrambled,0,101,peak_1,27,0.24009803424903414,3.099484471982282,0.3274005626401104,0.3405383674798198,-12.26579080754113,True,derivative_root
hard,phase_scrambled,0,101,peak_2,20,1.7282679534007988,0.8300982739925548,0.42071053937900915,0.38510271109866123,-12.831667928068033,True,derivative_root
hard,phase_scrambled,0,101,peak_3,1,4.3468468855795255,0.7373663912349725,2.5452616449177605,1.065877331743107,-9.442059269054184,True,derivative_root
hard,phase_scrambled,0,101,peak_4,25,6.508134911793125,2.4317016205304034,0.7388894025572195,0.4189899208319496,-20.08381982969606,True,derivative_root
hard,phase_scrambled,0,101,peak_5,2,7.814497953780578,3.7200509452933765,8.699823461766542,2.4437926736414584,-25.91073953460635,True,derivative_root
hard,phase_scrambled,0,101,peak_6,15,9.533493583281428,2.175372384490389,4.822909466340663,0.7198869324626188,-46.59307026900178,True,derivative_root
hard,phase_scrambled,0,101,peak_7,16,11.068044219860726,1.9704351273251441,3.943359940498209,1.0930160260740565,-17.12272597504354,True,derivative_root
hard,phase_scrambled,0,101,peak_8,28,12.137487171058288,-0.028150873372301946,0.20407705827869332,0.2627503362219784,-13.379308572208936,True,derivative_root
hard,phase_scrambled,0,101,peak_9,21,13.799323443368749,-0.3242741580451381,1.921474500745128,0.7419057864419841,-17.07349476304935,True,derivative_root
hard,phase_scrambled,0,101,peak_10,17,16.479301875453633,3.3973341863602315,6.854666211699028,3.2272256184432253,-22.776215123045855,True,derivative_root
hard,phase_scrambled,0,101,peak_11,18,18.04578591188808,2.4832592213375855,2.423176019477445,0.7312862674515941,-22.36743287879247,True,derivative_root
hard,phase_scrambled,0,101,peak_12,11,19.482227816025567,1.5600577455546338,1.7845879854505025,0.6451517525870998,-22.556593405464998,True,derivative_root
hard,phase_scrambled,0,101,peak_13,23,22.980292562749124,2.8601956006890497,2.4619053722537094,0.6742906642305343,-24.66368934887605,True,derivative_root
hard,phase_scrambled,0,101,peak_14,6,24.447744696392544,2.9154639672894835,6.709776987114854,2.5284135670280765,-31.696863453480905,True,derivative_root
hard,phase_scrambled,0,101,peak_15,24,26.226058653781344,1.9143011614142633,1.8965764690288016,0.5991972024999541,-27.027410431448615,True,derivative_root
hard,phase_scrambled,0,101,peak_16,29,27.65882403345093,1.444711461316201,0.539061398539894,0.35185915532782136,-20.135741389254278,True,derivative_root
hard,phase_scrambled,0,101,peak_17,19,28.60201932017734,2.423741657594208,5.291920669394113,3.315743415794435,-21.51037296515532,True,derivative_root
hard,phase_scrambled,0,101,peak_18,13,30.280343330558992,0.356887496853742,2.137872505436831,0.6619501719856431,-23.338762820900865,True,derivative_root
hard,phase_scrambled,0,101,peak_19,26,31.701762445470813,-0.6475529245566738,2.509225411744162,0.6320025635723199,-31.14097990537702,True,derivative_root
hard,phase_scrambled,0,101,peak_20,14,33.5678545598896,3.5097511075782264,5.226105529204345,1.0230517193929813,-23.74989239141663,True,derivative_root
hard,phase_scrambled,0,151,peak_1,27,0.11084163685198262,3.47665176494497,0.11882407159734631,0.15381180619830476,-20.285593403584464,True,derivative_root
hard,phase_scrambled,0,151,peak_2,1,4.180901192981475,0.5181745587316978,2.583681689253915,1.3792741289915627,-8.182328125614065,True,derivative_root
hard,phase_scrambled,0,151,peak_3,25,6.461913916457322,2.734178515198174,1.3334525068187635,0.45252670401946493,-31.401543465967467,True,derivative_root
hard,phase_scrambled,0,151,peak_4,2,7.7727895747279545,3.9765422125981194,9.3894526033652,2.410702395768698,-29.958082129622436,True,derivative_root
hard,phase_scrambled,0,151,peak_5,15,9.527160562192725,1.9335068319225,4.395129925323346,0.732423877081105,-41.64269063824258,True,derivative_root
hard,phase_scrambled,0,151,peak_6,16,11.122525877668007,1.8261288856047833,3.5584396317099865,1.1363412149371228,-14.047317833612805,True,derivative_root
hard,phase_scrambled,0,151,peak_7,21,13.845096057341424,-0.40187586027425537,1.8556757335266947,0.7676559294549293,-17.491460193177353,True,derivative_root
hard,phase_scrambled,0,151,peak_8,17,16.512794238764744,3.284233231050273,6.595241116916435,3.214984424900109,-24.19477181211521,True,derivative_root
hard,phase_scrambled,0,151,peak_9,18,18.087568585117815,2.5611580931641496,2.5529606515650505,0.7361654218923861,-20.98968104609945,True,derivative_root
hard,phase_scrambled,0,151,peak_10,11,19.522747197986185,1.7726232224749756,2.3076548343722965,0.689364414939351,-23.353034898213203,True,derivative_root
hard,phase_scrambled,0,151,peak_11,30,20.707122027220933,-0.6543050935040855,0.12293929337804033,0.22585205500980693,-11.328512242495737,True,derivative_root
hard,phase_scrambled,0,151,peak_12,23,23.036175545094068,2.624379908367494,2.022985485685398,0.6858494300611426,-20.462655191445414,True,derivative_root
hard,phase_scrambled,0,151,peak_13,6,24.48613601762728,2.921418261212377,6.62325036026186,2.565372680057516,-37.21000470179747,True,derivative_root
hard,phase_scrambled,0,151,peak_14,24,26.20823212497134,2.0500115677486144,2.032467849424218,0.567058315677798,-30.555586790283748,True,derivative_root
hard,phase_scrambled,0,151,peak_15,29,27.626565274883824,1.4204993714690557,0.6259714615727786,0.37904660526607475,-20.350053652554323,True,derivative_root
hard,phase_scrambled,0,151,peak_16,19,28.58553410978892,2.5433721630073287,5.641889556274247,3.3193126776553754,-25.299952111996692,True,derivative_root
hard,phase_scrambled,0,151,peak_17,13,30.271216763871788,0.14868469915695576,1.8185234922079447,0.7001035662706386,-17.15450005005954,True,derivative_root
hard,phase_scrambled,0,151,peak_18,26,31.745696643330223,-0.8413822978873609,2.143270372902077,0.6393801360852308,-25.35503775451947,True,derivative_root
hard,phase_scrambled,0,151,peak_19,14,33.52542060499405,3.863680155575291,5.2964312271191964,0.8943663702601612,-32.810763016817695,True,derivative_root
hard,phase_scrambled,0,211,peak_1,20,1.6287273131635729,0.7946738349229867,0.135518866986589,0.2214668909024173,-12.519633404919873,True,derivative_root
hard,phase_scrambled,0,211,peak_2,1,4.176068646130558,0.6732475662689895,2.7362543348803428,1.344128389347465,-14.437610227710184,True,derivative_root
hard,phase_scrambled,0,211,peak_3,25,6.469406529641853,2.8427481624696167,1.5002700050188682,0.4465846824457984,-36.03025917235796,True,derivative_root
hard,phase_scrambled,0,211,peak_4,2,7.757775224770659,4.059678931555155,9.371845614938154,2.380161139344267,-33.806224298775795,True,derivative_root
hard,phase_scrambled,0,211,peak_5,15,9.537316824517596,1.9136793500280658,3.66035223954914,0.6575411489901953,-42.93251993834819,True,derivative_root
hard,phase_scrambled,0,211,peak_6,16,11.1300792583384,1.9683574427436334,4.57514266264126,1.759060729837961,-17.589038874840544,True,derivative_root
hard,phase_scrambled,0,211,peak_7,28,12.12176659811401,-0.09841977220496961,0.12551269490989578,0.2457275792723479,-9.13552216441753,True,derivative_root
hard,phase_scrambled,0,211,peak_8,21,13.769063589605333,-0.43680376515275615,1.6067862075770107,0.7023550603243791,-19.401415642770434,True,derivative_root
hard,phase_scrambled,0,211,peak_9,17,16.540311233341118,3.0174017522563448,6.243162093462933,3.20579951392551,-17.023681460475203,True,derivative_root
hard,phase_scrambled,0,211,peak_10,18,18.13152989426414,2.740981450855791,2.7868698697870835,0.6985597074566443,-25.6592937435127,True,derivative_root
hard,phase_scrambled,0,211,peak_11,11,19.513373006522052,2.0420831613986397,2.8619605759926925,0.675364444844277,-30.363783363409908,True,derivative_root
hard,phase_scrambled,0,211,peak_12,30,20.699791196389146,-0.3803865168356979,0.4860962968603105,0.35245829520651173,-18.06714229096267,True,derivative_root
hard,phase_scrambled,0,211,peak_13,23,23.057233590443982,2.8682806252607236,2.5051796444109726,0.6629391867951426,-29.06576671478478,True,derivative_root
hard,phase_scrambled,0,211,peak_14,6,24.463747403161005,3.095495947996759,6.966002241284878,2.5236260882577315,-38.7087634702887,True,derivative_root
hard,phase_scrambled,0,211,peak_15,24,26.20058848813121,1.8377577567814425,1.7207573646184526,0.5917703509093769,-25.413713341016177,True,derivative_root
hard,phase_scrambled,0,211,peak_16,29,27.68745208478218,1.3259172018016603,0.33459143146874937,0.31315567706021175,-15.729681492417292,True,derivative_root
hard,phase_scrambled,0,211,peak_17,19,28.560769412349863,2.3839156822459677,5.377382562205646,3.358146515559122,-22.061460290021273,True,derivative_root
hard,phase_scrambled,0,211,peak_18,13,30.31541095821672,0.24501096000093192,1.8596840482485861,0.6388738753392886,-22.98871066055506,True,derivative_root
hard,phase_scrambled,0,211,peak_19,26,31.741841334968637,-0.659005290393516,2.4907905152955916,0.6318581847655708,-29.825184164871203,True,derivative_root
hard,phase_scrambled,0,211,peak_20,14,33.51931452840304,3.6896324328621324,5.1707633419011,0.9489075924615009,-29.15813335513122,True,derivative_root
taper,phase_scrambled,0,5,peak_1,1,7.105791651215971,0.8457901315671138,2.2009618997904274,6.831267430798213,-0.4056243596930492,True,derivative_root
taper,phase_scrambled,0,5,peak_2,2,10.345121950099424,0.3507340200805193,0.31137605445209604,1.4253124307589191,-0.6131991684918809,True,derivative_root
taper,phase_scrambled,0,5,peak_3,3,17.50451972814,1.0078689408736288,2.65916954001373,5.0518223546728285,-0.34848768557315885,True,derivative_root
taper,phase_scrambled,0,5,peak_4,4,24.678578426199223,0.6242711673854819,0.5196904159582876,2.0162031087845977,-0.4934966029465504,True,derivative_root
taper,phase_scrambled,0,5,peak_5,5,27.913793489862037,0.6669058680747456,2.248920559154834,7.31280023831545,-0.47578108980221967,True,derivative_root
taper,phase_scrambled,0,7,peak_1,1,7.212585783567165,1.2454752376961715,2.758484566318482,3.991558967430634,-0.8867397696624706,True,derivative_root
taper,phase_scrambled,0,7,peak_2,2,10.83126240755535,0.4696251222175421,0.7688846701236034,1.6643189902671267,-1.1704035031490192,True,derivative_root
taper,phase_scrambled,0,7,peak_3,6,16.994458815878072,1.297790104752568,3.479535288639225,4.921022990193487,-0.8241395704066952,True,derivative_root
taper,phase_scrambled,0,7,peak_4,4,24.26263311464264,0.9352002501352711,1.1526067513634017,2.1698651309799772,-0.9669907416364674,True,derivative_root
taper,phase_scrambled,0,7,peak_5,5,27.95829678038013,1.0325437554349832,2.9962801901388243,7.322210573000553,-0.9545316407340052,True,derivative_root
taper,phase_scrambled,0,11,peak_1,1,7.314389046845494,1.852282519768278,4.911330779586455,4.427368935737421,-2.008569721896527,True,derivative_root
taper,phase_scrambled,0,11,peak_2,2,10.973500849984518,0.8219302449725417,1.600209248785447,1.676750768784264,-2.4080558741653815,True,derivative_root
taper,phase_scrambled,0,11,peak_3,6,16.708603376781614,1.7717750374652543,3.2900890641341065,4.407263248031834,-2.06638650296911,True,derivative_root
taper,phase_scrambled,0,11,peak_4,7,18.891326655385484,1.1873088572717667,0.16445381850200547,0.7082710469243353,-1.6828950158148641,True,derivative_root
taper,phase_scrambled,0,11,peak_5,4,23.873953107841245,1.4513041716395727,3.6730972764426237,3.055526696890607,-2.070993630570305,True,derivative_root
taper,phase_scrambled,0,11,peak_6,5,27.59930844158493,1.3138112726407107,1.7649424989828257,2.344957212632488,-1.9722532137127704,True,derivative_root
taper,phase_scrambled,0,17,peak_1,8,4.8732408671200895,0.06462379279025295,0.5688114650893413,0.7500237450381526,-4.4047406014094355,True,derivative_root
taper,phase_scrambled,0,17,peak_2,1,7.253166672401152,2.4208162906131023,5.642185345149315,2.8134007671263532,-3.6495525306051766,True,derivative_root
taper,phase_scrambled,0,17,peak_3,2,10.891960160723443,0.9507418923680397,1.9971387345922529,1.7661534522225921,-2.855928769983607,True,derivative_root
taper,phase_scrambled,0,17,peak_4,6,16.77041520000059,2.0794440213467174,3.7148456019216214,4.442418708918396,-3.1719311926275497,True,derivative_root
taper,phase_scrambled,0,17,peak_5,7,19.223661380236898,1.1774064207947097,0.2955914772684831,0.7466080781567087,-2.487700414256927,True,derivative_root
taper,phase_scrambled,0,17,peak_6,4,23.624749163612115,1.915924157832414,4.3432577843380304,2.5441882147578867,-3.705934262427419,True,derivative_root
taper,phase_scrambled,0,17,peak_7,5,27.58831824952063,1.4402106160991648,1.9554177858105377,2.3433889429690566,-2.7395503685068205,True,derivative_root
taper,phase_scrambled,0,29,peak_1,8,4.67496824315565,0.3620977239285561,1.580745947676514,0.9966668674515518,-6.503054097820852,True,derivative_root
taper,phase_scrambled,0,29,peak_2,1,7.167834625523056,2.9591058302676356,6.6091875967976765,2.4686244630256535,-6.496950140221516,True,derivative_root
taper,phase_scrambled,0,29,peak_3,2,11.272361621834108,0.8834661412861183,1.990617713937966,1.8514006665326577,-1.4237715481348467,True,derivative_root
taper,phase_scrambled,0,29,peak_4,9,13.325398851176722,-1.3916677269402173,0.16065577672478204,0.42852227963907413,-4.031569881916462,True,derivative_root
taper,phase_scrambled,0,29,peak_5,10,14.260019206181052,-1.2598607594363873,0.3882793906339099,0.5966565174152095,-5.467453457664471,True,derivative_root
taper,phase_scrambled,0,29,peak_6,6,16.58022055929344,2.1531396689436493,3.85892422656191,4.54569983639336,-1.7466490183985135,True,derivative_root
taper,phase_scrambled,0,29,peak_7,11,18.140309769135285,1.1207972601271088,0.13792410666150567,0.4472485577775075,-3.3111081943958283,True,derivative_root
taper,phase_scrambled,0,29,peak_8,7,19.460059333276043,1.0031753142864155,0.16861165736758,0.44489358894174136,-3.765404725238674,True,derivative_root
taper,phase_scrambled,0,29,peak_9,4,23.50645168136404,2.156104111645941,4.987548925829893,2.424393980362206,-3.2827107055306928,True,derivative_root
taper,phase_scrambled,0,29,peak_10,5,27.553282432217333,1.2395045106749827,0.11621326253538311,0.4958071378870386,-2.150376176134471,True,derivative_root
taper,phase_scrambled,0,29,peak_11,12,28.566669951048134,1.4507746986349777,2.1472246574510443,2.675646361851875,-6.241420496778326,True,derivative_root
taper,phase_scrambled,0,29,peak_12,13,33.82134708686427,1.5761939563367624,1.2042974088247638,0.8978355977802835,-7.266683297331559,True,derivative_root
taper,phase_scrambled,0,47,peak_1,8,4.461976175465095,0.5150439955503981,1.8927624527457825,0.9931861155598135,-8.791523045626294,True,derivative_root
taper,phase_scrambled,0,47,peak_2,1,7.294380153030928,3.059676680074357,7.2079595180828395,2.5232888215214624,-7.863531491562554,True,derivative_root
taper,phase_scrambled,0,47,peak_3,14,9.689610260895206,0.03029504653328865,0.16080137146675713,0.33366665119716576,-6.638056131702565,True,derivative_root
taper,phase_scrambled,0,47,peak_4,2,11.50121062800053,1.1560921985011148,2.627378023628431,2.5937053712621863,-9.313008975060406,True,derivative_root
taper,phase_scrambled,0,47,peak_5,10,14.141833254348722,-1.1369356366269245,0.8304353063672911,1.3584763084415101,-5.129856211227355,True,derivative_root
taper,phase_scrambled,0,47,peak_6,6,16.317737307950846,2.323469643141555,4.349392699282419,4.745481318729046,-2.4894923368209576,True,derivative_root
taper,phase_scrambled,0,47,peak_7,11,18.23403097216859,1.3945142999210742,0.46573472199697075,0.653089541053285,-5.153179652103615,True,derivative_root
taper,phase_scrambled,0,47,peak_8,7,19.569851778556654,0.7564311411075901,0.182183752352311,0.5063868222853956,-3.0510721780717773,True,derivative_root
taper,phase_scrambled,0,47,peak_9,4,23.231116574578248,1.9137566777625368,4.948126225358817,2.5728409110349446,-3.8947981833997862,True,derivative_root
taper,phase_scrambled,0,47,peak_10,15,26.657950765832283,1.0069652378652354,0.24866754238439426,0.44480758870477644,-5.918791921507328,True,derivative_root
taper,phase_scrambled,0,47,peak_11,12,28.523116032542795,1.7957785937027344,2.945499237339673,2.921279344951256,-10.034845288462776,True,derivative_root
taper,phase_scrambled,0,47,peak_12,16,30.365019567683227,-0.8598385108069206,0.1308660121219113,0.3633668239831536,-4.812461969857875,True,derivative_root
taper,phase_scrambled,0,47,peak_13,13,33.73599111489081,2.2353918852677905,2.755288104842471,1.0552353602534823,-12.310739117478038,True,derivative_root
taper,phase_scrambled,0,71,peak_1,8,4.368235860672671,0.8594218789877808,2.353000535324057,0.8766655803666922,-14.845810098030993,True,derivative_root
taper,phase_scrambled,0,71,peak_2,1,7.433495464446372,3.1889988151045743,7.772219917124097,2.5963115594026513,-10.794077996516169,True,derivative_root
taper,phase_scrambled,0,71,peak_3,14,9.631321407854871,0.4771016419398759,0.817047380578215,0.5125429901110451,-14.409929424381218,True,derivative_root
taper,phase_scrambled,0,71,peak_4,2,11.467006151205721,1.4471567030401902,3.2876620383745743,1.6555507933596034,-12.864394124654002,True,derivative_root
taper,phase_scrambled,0,71,peak_5,10,14.18513263810478,-1.076426158273991,0.8873161871863622,1.4077286650347731,-5.660838751095099,True,derivative_root
taper,phase_scrambled,0,71,peak_6,6,16.252953843245415,2.556398862915253,4.721613537775459,4.681032239439162,-5.345913216470124,True,derivative_root
taper,phase_scrambled,0,71,peak_7,11,18.181008847742316,1.5347838121360025,0.5609435710833217,0.6406912971143385,-6.401940405190324,True,derivative_root
taper,phase_scrambled,0,71,peak_8,7,19.532591769355612,0.8150500262822209,0.3570638472915897,0.5650831716482202,-5.1993724266460735,True,derivative_root
taper,phase_scrambled,0,71,peak_9,4,23.018820115413924,2.063733769125731,3.717393492720381,2.3288390181609913,-10.785528889410536,True,derivative_root
taper,phase_scrambled,0,71,peak_10,17,24.251605559872573,1.8847273351186111,0.48756953301979333,0.5376579938680977,-7.590128620558249,True,derivative_root
taper,phase_scrambled,0,71,peak_11,15,26.537581672754012,1.380142081840873,1.0912928854507475,0.6810616858361982,-10.864465544816902,True,derivative_root
taper,phase_scrambled,0,71,peak_12,12,28.458153104142383,2.0975928565227404,5.214816345041797,3.3615892082467895,-13.152917315028406,True,derivative_root
taper,phase_scrambled,0,71,peak_13,16,30.183636616039802,-0.6959007713498674,0.1741712128779267,0.5489400857231885,-2.5580380456322818,True,derivative_root
taper,phase_scrambled,0,71,peak_14,18,31.526289641582053,-1.6526827256148338,0.3526158196343372,0.41883554859121547,-9.277112143215627,True,derivative_root
taper,phase_scrambled,0,71,peak_15,13,33.682341797944375,2.796195297753109,3.9638076284378796,1.0542545220464434,-17.113515537455513,True,derivative_root
taper,phase_scrambled,0,101,peak_1,8,4.367564833774656,0.9290057488468014,2.5968986949368698,0.916563803618579,-14.16348682620074,True,derivative_root
taper,phase_scrambled,0,101,peak_2,1,7.556235200131644,3.291658738820156,8.03237601218749,2.563890865049591,-12.291901781435591,True,derivative_root
taper,phase_scrambled,0,101,peak_3,14,9.588178068962682,0.8793324647110282,1.5691761908631818,0.5810259781392532,-21.810287188378226,True,derivative_root
taper,phase_scrambled,0,101,peak_4,2,11.402233146883885,1.5291471915333674,3.7487648270118874,1.6053470725519419,-12.916169999177997,True,derivative_root
taper,phase_scrambled,0,101,peak_5,10,14.145308112157569,-1.0151071949170538,0.8865689895597644,1.189706743141747,-5.502220581690117,True,derivative_root
taper,phase_scrambled,0,101,peak_6,6,16.313238690400453,2.6508038654045087,4.875048139254131,4.618230716576483,-5.714310645607304,True,derivative_root
taper,phase_scrambled,0,101,peak_7,11,18.162986248122156,1.7429353069479556,0.9126614625456344,0.6893712021088647,-8.912567331134722,True,derivative_root
taper,phase_scrambled,0,101,peak_8,7,19.56990591659044,1.0018651398399694,0.7777431318711778,0.6715060150734247,-8.272646428694006,True,derivative_root
taper,phase_scrambled,0,101,peak_9,4,22.949018154569643,2.3917931711032816,5.585574004168967,2.523930918777086,-18.01660790619411,True,derivative_root
taper,phase_scrambled,0,101,peak_10,17,24.335520476477765,2.2263166907877143,1.2559769738206712,0.6293467206765087,-15.064099250640147,True,derivative_root
taper,phase_scrambled,0,101,peak_11,15,26.465240798573255,1.452967749771965,1.311139895365529,0.752241875619501,-9.555374370873233,True,derivative_root
taper,phase_scrambled,0,101,peak_12,12,28.472989598952335,2.2306332639598594,4.199681259582761,3.0672702556684954,-16.018466078068148,True,derivative_root
taper,phase_scrambled,0,101,peak_13,16,30.22080586568253,-0.4723119015570418,0.5414357130939074,0.6096380086398882,-6.514641431543702,True,derivative_root
taper,phase_scrambled,0,101,peak_14,18,31.619201458871483,-1.4477343991532043,0.8480370655466192,0.5227428712484539,-14.814593481360223,True,derivative_root
taper,phase_scrambled,0,101,peak_15,13,33.64663606651086,3.175977690218929,4.716367618447444,1.03466527502124,-21.15562528061496,True,derivative_root
taper,phase_scrambled,0,151,peak_1,19,1.6729976139754679,0.7750350409014898,0.1463455782437698,0.2772472265513867,-8.494369458276223,True,derivative_root
taper,phase_scrambled,0,151,peak_2,8,4.370306220635866,0.8491250557389692,2.608062384570828,0.9880922197281237,-12.06405979373248,True,derivative_root
taper,phase_scrambled,0,151,peak_3,20,6.479181090310933,2.0746191317644187,0.30336408881888266,0.3039728308654283,-15.274324116322804,True,derivative_root
taper,phase_scrambled,0,151,peak_4,1,7.690357568679449,3.4377873360972413,8.285698984573894,2.5038451999442026,-16.015720359821454,True,derivative_root
taper,phase_scrambled,0,151,peak_5,14,9.553501353542142,1.3776306384996735,2.5564109915558015,0.622145278568567,-31.29174721211661,True,derivative_root
taper,phase_scrambled,0,151,peak_6,2,11.265216553111438,1.5334304613087433,3.668381541710496,1.5474914639387807,-9.825180980943587,True,derivative_root
taper,phase_scrambled,0,151,peak_7,10,13.922704878750995,-0.8746428100190635,1.1657757346983637,0.9919299776433093,-5.547799976834328,True,derivative_root
taper,phase_scrambled,0,151,peak_8,6,16.440734022710565,2.8530626280488924,5.578844850800075,3.3405831036946925,-11.550693518492274,True,derivative_root
taper,phase_scrambled,0,151,peak_9,11,18.116141599209172,2.0409049123587835,1.5080625055061398,0.724016501755412,-13.284679283048376,True,derivative_root
taper,phase_scrambled,0,151,peak_10,7,19.546342998982748,1.2562022736038336,1.2806786046789131,0.6891743511987415,-13.39776465098733,True,derivative_root
taper,phase_scrambled,0,151,peak_11,4,22.94616055163425,2.6030180430526166,6.050972678966811,2.5321665581226256,-20.698258636449925,True,derivative_root
taper,phase_scrambled,0,151,peak_12,17,24.392247013624107,2.491672011406676,1.7888143459175008,0.6446291361541114,-21.41478792007008,True,derivative_root
taper,phase_scrambled,0,151,peak_13,15,26.336848959195503,1.5690137683176975,1.4889989939176838,0.7295829649523853,-13.24344629320087,True,derivative_root
taper,phase_scrambled,0,151,peak_14,12,28.525261031272798,2.2488217746127646,4.567406228776706,3.199446946296968,-17.995765004640997,True,derivative_root
taper,phase_scrambled,0,151,peak_15,16,30.27686310571232,-0.13903480857171555,1.1660934347232514,0.6308466608155243,-13.793738891499054,True,derivative_root
taper,phase_scrambled,0,151,peak_16,18,31.68354800751988,-1.1123031385912265,1.5753308481881259,0.5921535866035867,-21.850498833060545,True,derivative_root
taper,phase_scrambled,0,151,peak_17,13,33.59813815946445,3.3808572824652914,5.001584062300965,1.017663017059317,-23.20925337633113,True,derivative_root
taper,phase_scrambled,0,211,peak_1,21,0.16481497914190016,3.0892058502696846,0.14564118279861127,0.22835526096852315,-11.614088449565308,True,derivative_root
taper,phase_scrambled,0,211,peak_2,19,1.6508020145938571,0.7698158225108214,0.13191668839446402,0.25726728714489994,-8.89966359087672,True,derivative_root
taper,phase_scrambled,0,211,peak_3,8,4.336717345224215,0.7375815300596567,2.5517218728912034,1.0805433886615554,-10.290076585786469,True,derivative_root
taper,phase_scrambled,0,211,peak_4,20,6.477340837911119,2.3143374811545256,0.6137570119930584,0.37422836212281185,-20.688923387542584,True,derivative_root
taper,phase_scrambled,0,211,peak_5,1,7.7459762059766675,3.6246163511038154,8.631841145733912,2.4614288219393203,-21.66066392530418,True,derivative_root
taper,phase_scrambled,0,211,peak_6,14,9.537914636828479,1.6587470150354189,3.847021168829932,0.7282453812474202,-36.78943721445524,True,derivative_root
taper,phase_scrambled,0,211,peak_7,2,11.178086299764459,1.6094495597280574,3.060691529567756,1.242662582970394,-10.20385992932072,True,derivative_root
taper,phase_scrambled,0,211,peak_8,10,13.871467873623224,-0.7085133536137858,1.4443767212884175,0.9021013273889196,-9.579223859351476,True,derivative_root
taper,phase_scrambled,0,211,peak_9,6,16.488135586433277,3.014123571367934,6.03832490341445,3.280050072863594,-16.495662697411426,True,derivative_root
taper,phase_scrambled,0,211,peak_10,11,18.09936841337611,2.283154626343214,1.9880582578179198,0.7256539231505003,-17.35968590305145,True,derivative_root
taper,phase_scrambled,0,211,peak_11,7,19.526120781987284,1.4731047940222652,1.7089608402491776,0.686309157393822,-17.841666907405475,True,derivative_root
taper,phase_scrambled,0,211,peak_12,4,22.976162311364337,2.655604021165883,2.038177395540365,0.6602657061920753,-20.858968174801895,True,derivative_root
taper,phase_scrambled,0,211,peak_13,17,24.430542306806885,2.669418307622114,6.2794739065510665,2.5497598481542214,-27.316159374117117,True,derivative_root
taper,phase_scrambled,0,211,peak_14,15,26.273317655551285,1.6956907182082321,1.6178582936067514,0.6669994982613048,-18.77213846983918,True,derivative_root
taper,phase_scrambled,0,211,peak_15,22,27.73028644191581,1.2954932911279944,0.1475194983466348,0.23249556232850638,-12.357325583159824,True,derivative_root
taper,phase_scrambled,0,211,peak_16,12,28.553222353203264,2.3018682914580513,4.890894131984306,3.2685991854478633,-19.863611555940356,True,derivative_root
taper,phase_scrambled,0,211,peak_17,16,30.292372358511308,0.036257050488683405,1.5050988857299854,0.6452725184887698,-17.380031787499103,True,derivative_root
taper,phase_scrambled,0,211,peak_18,18,31.710345984042032,-0.9257560872802312,1.960732800226243,0.6145728092976697,-25.32994128897295,True,derivative_root
taper,phase_scrambled,0,211,peak_19,13,33.562496051135625,3.5113963274757873,5.069575651367568,0.9872244075132358,-25.360551433640875,True,derivative_root
hard,phase_scrambled,1,5,peak_1,1,2.6666827640893778,2.5456153531124714,3.725471283771006,2.659401354235563,-1.9484942973184978,True,derivative_root
hard,phase_scrambled,1,5,peak_2,2,7.812453927768723,0.6579686862779032,0.38627644658382976,0.774629490375628,-2.717053125956402,True,derivative_root
hard,phase_scrambled,1,5,peak_3,3,9.97539752918915,1.9439437452696362,4.149389666126807,4.243431410551591,-2.340918341913916,True,derivative_root
hard,phase_scrambled,1,5,peak_4,4,13.778304364984606,0.878262300656578,1.7138804786730548,1.59004801446944,-2.715102984404278,True,derivative_root
hard,phase_scrambled,1,5,peak_5,5,19.059650531079892,2.1026027336748605,5.65897914294735,5.083966120741721,-2.2540161385918385,True,derivative_root
hard,phase_scrambled,1,5,peak_6,6,21.318586712454454,1.3950527398183246,0.6725024218806028,1.0430120276903723,-2.5515952417987613,True,derivative_root
hard,phase_scrambled,1,5,peak_7,7,26.458660841088204,1.8850197113229996,3.26437685224174,2.3646542318373096,-2.184666969183855,True,derivative_root
hard,phase_scrambled,1,5,peak_8,8,30.37528139294922,1.9545444379263612,4.044932166542727,2.626424023637617,-2.2234819741151792,True,derivative_root
hard,phase_scrambled,1,7,peak_1,1,2.791435469054962,3.1522332731283607,4.256592098152863,2.1710375561273043,-3.4677584929967087,True,derivative_root
hard,phase_scrambled,1,7,peak_2,9,7.243289504088127,-0.048425859462959714,0.24341755623856243,0.5118599670444965,-4.067174988464973,True,derivative_root
hard,phase_scrambled,1,7,peak_3,3,9.752516012133523,2.4377320931845876,4.715265417551672,2.5702210711969418,-3.936882882794502,True,derivative_root
hard,phase_scrambled,1,7,peak_4,4,13.36092543242207,0.8770080799890925,1.7495970052443548,1.392094776891969,-4.428381314702688,True,derivative_root
hard,phase_scrambled,1,7,peak_5,10,15.65034309083283,-0.8146380890656052,0.17182633067340103,0.44479200722126394,-3.8474647322274507,True,derivative_root
hard,phase_scrambled,1,7,peak_6,5,19.0744353230081,2.743202463686595,5.813925062707828,4.744640755687922,-3.7636996189832432,True,derivative_root
hard,phase_scrambled,1,7,peak_7,6,21.69908896144944,1.547677149923578,1.606208550082101,1.2390419049001595,-4.302991366840387,True,derivative_root
hard,phase_scrambled,1,7,peak_8,7,26.083257207868513,2.1581548166916704,5.109294323622169,2.85627045014717,-3.870605140226643,True,derivative_root
hard,phase_scrambled,1,7,peak_9,11,29.7322058605343,1.415832604543823,2.295219235357213,2.811568136366208,-4.01095108616016,True,derivative_root
hard,phase_scrambled,1,7,peak_10,12,31.043977136245804,1.3549946633394305,0.3505570392036441,0.6281833965988654,-3.8501009713874774,True,derivative_root
hard,phase_scrambled,1,11,peak_1,1,2.8325722333582757,3.6713894196464367,4.656724101536149,1.8296077558916826,-5.513477304434655,True,derivative_root
hard,phase_scrambled,1,11,peak_2,13,5.29184421980232,-2.187871806646188,0.46661602175446726,0.6124835056569964,-5.840396406959828,True,derivative_root
hard,phase_scrambled,1,11,peak_3,3,10.092421523283505,2.2749705977087236,4.94962380289551,3.805964963236791,-5.739129068259715,True,derivative_root
hard,phase_scrambled,1,11,peak_4,4,13.368019792123915,1.4037077254637773,2.5260543935575246,1.3208725933250065,-6.477650865386756,True,derivative_root
hard,phase_scrambled,1,11,peak_5,10,15.766920870613195,-0.37278058191861796,1.072174723515115,0.87813419485162,-6.441980365545585,True,derivative_root
hard,phase_scrambled,1,11,peak_6,5,18.915301435224876,3.135536962015506,6.078724331185813,2.243351054014724,-5.8425848679345815,True,derivative_root
hard,phase_scrambled,1,11,peak_7,6,21.551659546754593,1.9310853678594824,2.0499753956803284,1.1748761465342625,-6.332306987597556,True,derivative_root
hard,phase_scrambled,1,11,peak_8,7,26.222514093124676,2.577116087066304,5.801709758800933,2.2950884751382405,-5.936064986144947,True,derivative_root
hard,phase_scrambled,1,11,peak_9,11,29.527249587246338,1.6719358001425293,2.919707095439969,3.2177931145644894,-6.4324909966954,True,derivative_root
hard,phase_scrambled,1,11,peak_10,12,31.272405185965166,1.5659408979297296,1.2783970077504754,0.9467549634696241,-6.218839180717451,True,derivative_root
hard,phase_scrambled,1,17,peak_1,1,2.7484468308577794,4.008542563437748,5.2674438369116645,1.7629593586305834,-9.293889639860051,True,derivative_root
hard,phase_scrambled,1,17,peak_2,13,5.197532864374916,-2.186848146682358,0.3126909265768001,0.4866891438523929,-6.273311309235254,True,derivative_root
hard,phase_scrambled,1,17,peak_3,14,8.646441701785827,1.227751444579102,0.31332050308908066,0.7454000414874798,-1.3104005893759965,True,derivative_root
hard,phase_scrambled,1,17,peak_4,3,10.375273596273981,2.4091344431648443,5.111506682794433,3.5371885706308563,-8.818958314784735,True,derivative_root
hard,phase_scrambled,1,17,peak_5,4,13.258032960794758,2.1706209677960473,4.18899336486676,1.3001849180268537,-11.12105704009274,True,derivative_root
hard,phase_scrambled,1,17,peak_6,10,15.622569721191997,0.3968082558252777,2.41913786623073,1.0712599389308595,-10.425307680328169,True,derivative_root
hard,phase_scrambled,1,17,peak_7,15,18.448750781523543,2.345187382446047,5.50535475380298,4.95801241466998,-7.4812348389274765,True,derivative_root
hard,phase_scrambled,1,17,peak_8,16,19.39980506973164,2.2359341882404076,0.20542623543723204,0.39354435241829155,-6.018157535753329,True,derivative_root
hard,phase_scrambled,1,17,peak_9,6,21.8927008942649,1.6640561962844018,1.4033858755928315,0.9435441417279891,-8.338019208135387,True,derivative_root
hard,phase_scrambled,1,17,peak_10,7,26.168683381331334,2.3262585183856443,5.618595277621981,2.517869194159576,-5.116077955114731,True,derivative_root
hard,phase_scrambled,1,17,peak_11,11,29.49769095778786,1.622244228593761,2.821043724931255,3.0032064845827393,-8.494176373880416,True,derivative_root
hard,phase_scrambled,1,17,peak_12,12,31.02597046051043,1.397637059206647,0.7617616573206945,0.8317536147503972,-5.748214867803412,True,derivative_root
hard,phase_scrambled,1,29,peak_1,1,2.960876575436863,3.966744928664688,4.904585235151307,1.703383843442592,-8.101802385803834,True,derivative_root
hard,phase_scrambled,1,29,peak_2,13,5.26884746774912,-1.6313137402856106,0.7980635110147898,0.564884998440926,-11.877262878950198,True,derivative_root
hard,phase_scrambled,1,29,peak_3,17,7.441580945893679,0.1749766016108175,0.11581061833463172,0.24895453174116966,-8.42924145582824,True,derivative_root
hard,phase_scrambled,1,29,peak_4,3,10.450679282165707,2.2862787669590965,5.323579571017711,4.203900763549067,-10.053676394540345,True,derivative_root
hard,phase_scrambled,1,29,peak_5,4,13.19853636428308,2.160643487330701,4.518946129952456,1.3322563482035648,-11.322187733568098,True,derivative_root
hard,phase_scrambled,1,29,peak_6,10,15.494255222996173,-0.2903161962161831,1.2863406681878424,1.3505548292568479,-5.9496973083104905,True,derivative_root
hard,phase_scrambled,1,29,peak_7,15,18.539644657099554,3.3031145422010906,6.571304855768265,4.889071705446745,-13.285318956809654,True,derivative_root
hard,phase_scrambled,1,29,peak_8,18,20.46982921468971,1.3785371987955113,0.563251491319376,0.750753066097866,-4.445752185757187,True,derivative_root
hard,phase_scrambled,1,29,peak_9,6,22.216559081631853,1.5867898034924641,1.4596905748787594,0.7191583434542338,-13.188227608126867,True,derivative_root
hard,phase_scrambled,1,29,peak_10,7,26.50046892924635,2.668268774623193,5.925085890168006,2.589817824350422,-8.63055429052132,True,derivative_root
hard,phase_scrambled,1,29,peak_11,11,29.383003825372196,1.8866378923023657,1.6858405007979789,0.7585307458374132,-14.369899082543908,True,derivative_root
hard,phase_scrambled,1,29,peak_12,12,31.143003535795728,1.9653696824207776,3.7739304286845625,3.113835144762146,-9.431725419381188,True,derivative_root
hard,phase_scrambled,1,47,peak_1,1,2.978596146024626,4.451224204797898,5.058443345899581,1.4005696550928786,-14.786526087618025,True,derivative_root
hard,phase_scrambled,1,47,peak_2,13,5.143527873767478,-1.5196589569500691,1.3622775145344261,0.6318913852180309,-16.959554060979098,True,derivative_root
hard,phase_scrambled,1,47,peak_3,17,7.2732736523014205,-0.43896623354289965,0.10159634825068226,0.27856848552801666,-5.762624905014519,True,derivative_root
hard,phase_scrambled,1,47,peak_4,14,8.50551360483013,1.519887286399595,1.0260725796919865,0.7663066810323713,-8.133151822905438,True,derivative_root
hard,phase_scrambled,1,47,peak_5,3,10.303229523988295,2.972728618520809,5.546272068121552,3.0261153375741077,-16.091929719314127,True,derivative_root
hard,phase_scrambled,1,47,peak_6,4,13.412152898454176,2.527018371975051,3.94110308814608,0.9884869978616564,-23.16744515209631,True,derivative_root
hard,phase_scrambled,1,47,peak_7,10,15.40761664565055,0.6246410567870672,3.0852495227053263,1.0222219252898896,-16.036371090498545,True,derivative_root
hard,phase_scrambled,1,47,peak_8,19,16.93782998591353,-1.8805393618834207,0.558309561590951,0.4336905210402023,-14.235385120508731,True,derivative_root
hard,phase_scrambled,1,47,peak_9,15,18.65697995558743,3.8273105089452235,6.760850377073718,1.5339901761820443,-19.28282872781667,True,derivative_root
hard,phase_scrambled,1,47,peak_10,18,20.476527804180954,1.868817084923498,1.6228988248484892,0.8107860487535021,-12.220595959886126,True,derivative_root
hard,phase_scrambled,1,47,peak_11,6,22.185509998046076,1.8473294555994753,2.029982612125998,0.7512791957223186,-17.52892062205685,True,derivative_root
hard,phase_scrambled,1,47,peak_12,7,26.63065571348169,3.06162657995476,6.541250529324855,2.530617037651922,-15.268360353550133,True,derivative_root
hard,phase_scrambled,1,47,peak_13,11,29.752061501051504,1.1343152588200172,0.22802889997588327,0.5618367501567434,-3.9089746858621703,True,derivative_root
hard,phase_scrambled,1,47,peak_14,12,31.50963157279626,1.6031769535235412,3.9656862191945867,3.8215108447307333,-15.309368074769697,True,derivative_root
hard,phase_scrambled,1,47,peak_15,20,33.256081995061486,-1.7256149845701305,0.2886735486901646,0.38670285158245293,-8.797247360529443,True,derivative_root
hard,phase_scrambled,1,71,peak_1,21,1.2555839624737242,0.49022127745600613,1.0727883221514714,0.5694015625259905,-15.589007463135015,True,derivative_root
hard,phase_scrambled,1,71,peak_2,1,2.846137200232857,5.135862324000934,6.436054803294056,1.1949822537909494,-23.902323016052524,True,derivative_root
hard,phase_scrambled,1,71,peak_3,13,5.558478154432751,-1.9079516591561754,0.7537728703765072,0.9241016268325624,-3.7583813279991665,True,derivative_root
hard,phase_scrambled,1,71,peak_4,17,7.285090568198233,0.40296435573696066,1.0416397496916123,0.4884692497467882,-19.5258291258736,True,derivative_root
hard,phase_scrambled,1,71,peak_5,14,8.710083423339382,2.0789217178711743,2.065321338885847,0.7494421170334861,-17.13753920507207,True,derivative_root
hard,phase_scrambled,1,71,peak_6,3,10.31470697068369,3.6610143474157604,6.5503109941754385,1.2353193043283,-28.73153934201066,True,derivative_root
hard,phase_scrambled,1,71,peak_7,22,11.798237594940765,-0.798827218601127,0.38520278051436063,0.4996484668150899,-7.553025128093818,True,derivative_root
hard,phase_scrambled,1,71,peak_8,4,13.395179082398194,3.002308166949017,4.224953150754573,0.8329237134096218,-31.996120874634535,True,derivative_root
hard,phase_scrambled,1,71,peak_9,10,15.323285712656292,0.3848126853502814,2.8940338392101284,1.1752028849303628,-10.54154701610636,True,derivative_root
hard,phase_scrambled,1,71,peak_10,19,16.885105830751836,-2.1339924248088535,0.23042021952358294,0.34169257062008573,-9.214449438598214,True,derivative_root
hard,phase_scrambled,1,71,peak_11,15,18.70713375744941,3.646960699474254,6.155964325917019,1.4973035631631575,-14.184385734323998,True,derivative_root
hard,phase_scrambled,1,71,peak_12,18,20.54081517571443,2.0947381158299603,2.010173023256739,0.7731782395805169,-16.425748171942217,True,derivative_root
hard,phase_scrambled,1,71,peak_13,6,22.18091505896173,2.17283009345942,2.621212854516016,0.7324403279623056,-24.38928118128525,True,derivative_root
hard,phase_scrambled,1,71,peak_14,23,25.26888365646951,0.8088846690673175,0.4493873664714862,0.4715595591599964,-8.807914418942632,True,derivative_root
hard,phase_scrambled,1,71,peak_15,7,26.65220001523775,3.379553080546623,6.8069333001405035,2.4401986447315185,-19.99369267383006,True,derivative_root
hard,phase_scrambled,1,71,peak_16,24,28.65969566353726,0.6177864112394461,0.13241126356110233,0.29102581710472464,-7.116457506794433,True,derivative_root
hard,phase_scrambled,1,71,peak_17,11,29.786267748654037,1.4140103935105213,0.779272669097978,0.7770251743181746,-6.08761773705452,True,derivative_root
hard,phase_scrambled,1,71,peak_18,12,31.50537253613117,1.8818543484866372,4.36760889407664,3.7707447353808563,-18.619680193895796,True,derivative_root
hard,phase_scrambled,1,71,peak_19,20,33.179091493259726,-1.466208931639435,0.3599536215094281,0.3520899206986883,-13.376115182001838,True,derivative_root
hard,phase_scrambled,1,101,peak_1,21,1.2302142373315883,0.6429777867688827,1.4421136733622508,0.6206350894739567,-17.280351089265768,True,derivative_root
hard,phase_scrambled,1,101,peak_2,1,2.822164267955201,5.190647377914972,6.708680794042008,1.2098083411231109,-25.132247648700275,True,derivative_root
hard,phase_scrambled,1,101,peak_3,13,5.499751467927079,-1.8282745778340117,0.840745602888461,0.8367049566591455,-4.470376395235294,True,derivative_root
hard,phase_scrambled,1,101,peak_4,17,7.271205839079566,0.3840886955891575,1.0536812921599816,0.4934258476783711,-19.372760331641565,True,derivative_root
hard,phase_scrambled,1,101,peak_5,14,8.709663046010245,2.088557613127247,2.109641947693166,0.7589124920774808,-16.50668760315496,True,derivative_root
hard,phase_scrambled,1,101,peak_6,3,10.315968414534396,3.740447750107708,6.3082279322163455,1.1451703774506243,-31.159840229786923,True,derivative_root
hard,phase_scrambled,1,101,peak_7,22,11.777727154925278,-0.6674149314257901,0.5852517734371985,0.5071108401587993,-11.296075717066715,True,derivative_root
hard,phase_scrambled,1,101,peak_8,4,13.367227913409968,3.0617058171428804,4.376015913006023,0.8336833335904772,-33.138427587763466,True,derivative_root
hard,phase_scrambled,1,101,peak_9,10,15.368494950425063,0.22179543991653872,2.5826028660061806,1.2540393100532499,-8.675766023639952,True,derivative_root
hard,phase_scrambled,1,101,peak_10,19,16.988298696476086,-2.18561119844425,0.1146196764200833,0.2673203613315366,-7.268343162397571,True,derivative_root
hard,phase_scrambled,1,101,peak_11,15,18.711079667697508,3.8382915458986293,6.883670201221481,1.4957733663940305,-18.089993361429684,True,derivative_root
hard,phase_scrambled,1,101,peak_12,18,20.50957816488133,2.0602021123362464,2.015429392880678,0.8047374339727043,-14.894850706655067,True,derivative_root
hard,phase_scrambled,1,101,peak_13,6,22.18455835694591,2.1236960049761153,2.468691846044691,0.7249053266138191,-24.022704890083553,True,derivative_root
hard,phase_scrambled,1,101,peak_14,23,25.25562271156638,1.0148206719904918,0.8527514531278224,0.5416591834036212,-12.695860233408052,True,derivative_root
hard,phase_scrambled,1,101,peak_15,7,26.642206885451237,3.717278562132215,8.08036705854163,2.4764721594974732,-26.8209050623647,True,derivative_root
hard,phase_scrambled,1,101,peak_16,24,28.46335547568146,0.21937729921507282,0.17677792767850364,0.279632784142251,-10.243128332034692,True,derivative_root
hard,phase_scrambled,1,101,peak_17,11,29.551883592024527,1.7492844587743155,4.130359190431191,4.090118515253983,-16.031769166127333,True,derivative_root
hard,phase_scrambled,1,101,peak_18,25,30.910055538040233,1.5541158649733398,1.180489694553257,1.0562933889230182,-11.527853949884948,True,derivative_root
hard,phase_scrambled,1,101,peak_19,20,33.42916832749173,-1.3594526300602758,1.3297835535414935,0.5723251247081009,-20.002723090777934,True,derivative_root
hard,phase_scrambled,1,151,peak_1,21,1.2078988764309382,1.163605246595219,2.4995749265359244,0.6496408212430149,-27.571088432120312,True,derivative_root
hard,phase_scrambled,1,151,peak_2,1,2.7484715021917836,5.410717114926536,7.441375627908585,1.2179540599775256,-28.61685659936912,True,derivative_root
hard,phase_scrambled,1,151,peak_3,13,5.310340560860956,-1.4649206133053538,1.2837512541371463,0.5933732344917765,-17.172958845742322,True,derivative_root
hard,phase_scrambled,1,151,peak_4,17,7.462729310922556,0.0038658158506645612,0.12758425730990042,0.27674972883478405,-7.526176914556272,True,derivative_root
hard,phase_scrambled,1,151,peak_5,14,8.861735041663982,2.0508944342254676,2.155935716086833,0.763709245828099,-19.25183236471943,True,derivative_root
hard,phase_scrambled,1,151,peak_6,3,10.348929089974895,4.190086423718492,7.686730422840963,1.0899279104452846,-41.963934830893045,True,derivative_root
hard,phase_scrambled,1,151,peak_7,22,11.757383015964399,-0.1990478111689948,1.4317587395614946,0.5630791888295136,-22.310820017834537,True,derivative_root
hard,phase_scrambled,1,151,peak_8,4,13.298127421838288,3.047251033084452,4.806926116872027,0.902278628599845,-32.768383564204356,True,derivative_root
hard,phase_scrambled,1,151,peak_9,10,15.445272297050717,0.47600463377762525,2.511149714560975,0.9669148436434881,-14.410103232344637,True,derivative_root
hard,phase_scrambled,1,151,peak_10,19,16.89239718151182,-1.978515428392228,0.5200750181854905,0.4318300748435007,-13.173059173096938,True,derivative_root
hard,phase_scrambled,1,151,peak_11,15,18.76493785570947,3.5724822000519834,6.139192105260014,1.51514723082571,-10.28621521985376,True,derivative_root
hard,phase_scrambled,1,151,peak_12,18,20.509692779291914,2.393566081598425,2.5821145427121763,0.7360496788567134,-23.306953168143206,True,derivative_root
hard,phase_scrambled,1,151,peak_13,6,22.10531132039301,2.0115015451364053,2.5191427514912776,0.7924559428349739,-20.861334626821197,True,derivative_root
hard,phase_scrambled,1,151,peak_14,23,25.39527788908188,1.159008191263914,0.9366167607677149,0.5265016147582202,-15.98752232967564,True,derivative_root
hard,phase_scrambled,1,151,peak_15,7,26.69618078195504,3.9944368662500187,7.993787718835779,2.2819938528409724,-34.304072675077784,True,derivative_root
hard,phase_scrambled,1,151,peak_16,24,28.317172411641447,0.2827668345887865,0.6415096318396767,0.3770754023477366,-20.80694123634238,True,derivative_root
hard,phase_scrambled,1,151,peak_17,11,29.476643220323357,2.0719477792824543,4.6954481425237855,3.3803049948528954,-25.650683615555998,True,derivative_root
hard,phase_scrambled,1,151,peak_18,25,30.777571092599555,1.7678338393482027,1.6194968738963222,0.6732573358260368,-20.719455869831318,True,derivative_root
hard,phase_scrambled,1,151,peak_19,12,31.723339630016607,1.161280407276925,0.4014708142348288,0.3805076802528106,-12.67352853799586,True,derivative_root
hard,phase_scrambled,1,151,peak_20,20,33.32890848082356,-1.1486189000961242,1.4849344931389603,0.5150168543083055,-27.625985129857263,True,derivative_root
hard,phase_scrambled,1,211,peak_1,21,1.080190757356395,2.010926482276749,4.019269035990453,0.6009754511132805,-52.90022740930316,True,derivative_root
hard,phase_scrambled,1,211,peak_2,1,2.5424547240397573,4.459966282522141,7.708485490696257,1.7435667214030333,-21.37856324719036,True,derivative_root
hard,phase_scrambled,1,211,peak_3,13,5.6854490960747235,-1.5374959719997212,1.1785107884532477,0.5960464362227896,-17.107885526154792,True,derivative_root
hard,phase_scrambled,1,211,peak_4,17,7.138810461858361,0.32832460081116577,1.2119802634026233,0.47949515094282874,-24.556569113963402,True,derivative_root
hard,phase_scrambled,1,211,peak_5,14,8.906426474072763,1.3641024808138995,0.9792937656908519,1.2091250095155432,-2.873758402176265,True,derivative_root
hard,phase_scrambled,1,211,peak_6,3,10.41599721113158,4.174769628917783,7.256063623424826,1.063858212117053,-45.62415716765178,True,derivative_root
hard,phase_scrambled,1,211,peak_7,22,11.810631837185445,0.15769838460748783,2.1567214865516218,0.5673133229455161,-33.99762528720194,True,derivative_root
hard,phase_scrambled,1,211,peak_8,4,13.263599711915328,3.315283835934735,5.360259352205359,0.868181048617032,-39.77901016333218,True,derivative_root
hard,phase_scrambled,1,211,peak_9,10,15.499463860592057,0.6180026006372625,2.4081955126012806,0.8299929912558413,-19.299313629639038,True,derivative_root
hard,phase_scrambled,1,211,peak_10,19,16.895275375235975,-1.8210027095951478,0.7866680147018486,0.4725894408317203,-16.652402678385176,True,derivative_root
hard,phase_scrambled,1,211,peak_11,15,18.692235489380842,3.464024806995041,6.109883057166543,1.5892604424709618,-9.224011425398267,True,derivative_root
hard,phase_scrambled,1,211,peak_12,18,20.548335238847347,2.4260512521833895,2.5397039611460968,0.7128395168746607,-23.790771200577023,True,derivative_root
hard,phase_scrambled,1,211,peak_13,6,22.09411987118566,2.234678407183166,2.9252825811185685,0.7519293018146556,-26.44463590839684,True,derivative_root
hard,phase_scrambled,1,211,peak_14,23,25.4931656118664,1.1599339171398668,0.749837251440095,0.46525079160190047,-16.567548981150438,True,derivative_root
hard,phase_scrambled,1,211,peak_15,7,26.738363183427484,4.070407479235668,7.7924335932733495,2.1659914727833156,-38.98264918670197,True,derivative_root
hard,phase_scrambled,1,211,peak_16,24,28.294470206270223,0.5711977605809029,1.2683196366978708,0.4437797315928208,-29.207948872156013,True,derivative_root
hard,phase_scrambled,1,211,peak_17,11,29.47241021948016,2.3948060551766566,5.352668295662367,3.2712933958421733,-32.91562653406449,True,derivative_root
hard,phase_scrambled,1,211,peak_18,25,30.75168545514059,2.0809254835188327,2.261934692798096,0.6393864596152753,-29.65537866344866,True,derivative_root
hard,phase_scrambled,1,211,peak_19,12,31.788717517237423,1.4221605881886417,1.0210926679866428,0.48632659722780436,-19.32025514217346,True,derivative_root
hard,phase_scrambled,1,211,peak_20,20,33.275366693144626,-0.9321269015601649,1.7294216313786994,0.49310251652331094,-35.29270065298674,True,derivative_root
taper,phase_scrambled,1,5,peak_1,1,2.332233362377078,0.9319838802473674,1.011424237532542,3.1464884023125186,-0.3744507367326422,True,derivative_root
taper,phase_scrambled,1,5,peak_2,2,9.517223559979856,0.8468740797885466,2.2008433896179254,6.82709090223423,-0.40522134933857085,True,derivative_root
taper,phase_scrambled,1,5,peak_3,3,12.75659970548657,0.3483224247247048,0.3100523857001387,1.4213936801150497,-0.6142749744765434,True,derivative_root
taper,phase_scrambled,1,5,peak_4,4,19.91589496584275,1.0076529670780088,2.6560879770947223,5.049572950653365,-0.3485595958726453,True,derivative_root
taper,phase_scrambled,1,5,peak_5,5,27.090056124476114,0.6260054121237425,0.5214131538609059,2.0208432679176838,-0.49276928121220553,True,derivative_root
taper,phase_scrambled,1,5,peak_6,6,30.32526553061645,0.6652806073537294,2.2496783087353442,7.3161062979228975,-0.476449951909592,True,derivative_root
taper,phase_scrambled,1,7,peak_1,1,2.532774416975641,1.4377722493680776,1.8633267472509067,2.9792528882603886,-0.7792507648933186,True,derivative_root
taper,phase_scrambled,1,7,peak_2,2,9.68987829539096,1.2053250065976733,2.670635842440971,4.063053713858138,-0.912966042492359,True,derivative_root
taper,phase_scrambled,1,7,peak_3,7,13.295806573023611,0.40643001951236546,0.6444136641506313,1.6662491924921654,-1.1675860344503408,True,derivative_root
taper,phase_scrambled,1,7,peak_4,4,19.47948541233192,1.3613295708694444,3.538853930888735,4.866064619060211,-0.8391759309329798,True,derivative_root
taper,phase_scrambled,1,7,peak_5,5,26.731071618006723,0.9688528203254729,1.2603792345309741,2.250974334952278,-0.9512853410570407,True,derivative_root
taper,phase_scrambled,1,7,peak_6,6,30.423941879885483,1.0503279399938263,3.032884789364311,7.232174958144615,-0.9364122431419313,True,derivative_root
taper,phase_scrambled,1,11,peak_1,1,2.7063894798488852,2.1752121866148424,2.8322489990979927,2.463047761251943,-1.8014202419407161,True,derivative_root
taper,phase_scrambled,1,11,peak_2,2,9.774382229274742,1.7252393578174536,3.254076776365667,3.5831514578211596,-2.0917329206690636,True,derivative_root
taper,phase_scrambled,1,11,peak_3,7,13.429201889566931,0.61110199365339,1.1228015160173483,1.461733233972278,-2.4552261918254032,True,derivative_root
taper,phase_scrambled,1,11,peak_4,8,15.810306688052503,-1.1131119299213836,0.208353798623659,0.595596014217989,-2.631029743249806,True,derivative_root
taper,phase_scrambled,1,11,peak_5,4,19.17513711979625,1.9118122782350746,5.0312594618752104,4.967099255422719,-2.00014286907761,True,derivative_root
taper,phase_scrambled,1,11,peak_6,9,21.37309448790806,1.1339723888786177,0.365212926280966,0.8415571915232647,-2.2080898616352638,True,derivative_root
taper,phase_scrambled,1,11,peak_7,5,26.31850497864117,1.4366913214394295,3.7621236430117753,3.1171364663371692,-2.0506930181121117,True,derivative_root
taper,phase_scrambled,1,11,peak_8,6,30.690851659064425,1.2433092796165524,1.8902230021044746,2.570953878490627,-0.9218200282370792,True,derivative_root
taper,phase_scrambled,1,17,peak_1,1,2.815173480303434,2.8721076035436686,3.5070407834414135,2.019168691159489,-3.5008491988823596,True,derivative_root
taper,phase_scrambled,1,17,peak_2,2,9.954898766036408,2.0249705585515096,4.103567704326938,3.6804762146163754,-3.5943950442919728,True,derivative_root
taper,phase_scrambled,1,17,peak_3,7,13.362555468862052,0.9291746198365727,1.7359414518403864,1.3750070917035373,-4.3055521616666566,True,derivative_root
taper,phase_scrambled,1,17,peak_4,8,15.722647663683581,-0.8176018493903794,0.32881722647750844,0.5884859868510859,-4.217969676333213,True,derivative_root
taper,phase_scrambled,1,17,peak_5,4,19.017404398913275,2.3446386829914982,5.310614173987672,4.743075289308237,-2.5772973614283714,True,derivative_root
taper,phase_scrambled,1,17,peak_6,9,21.540343143651704,1.346845345695505,0.9266563624349269,1.0898537453474177,-2.9813744144015555,True,derivative_root
taper,phase_scrambled,1,17,peak_7,5,26.172009909576012,1.8539468746284309,4.60096431049243,2.8814395198597085,-3.143626872347463,True,derivative_root
taper,phase_scrambled,1,17,peak_8,10,29.763620210793597,1.3678935211972603,2.1714657290896495,2.7890774615477483,-3.8519531488022722,True,derivative_root
taper,phase_scrambled,1,17,peak_9,6,31.002919120944178,1.228557454836256,0.23252040864354684,0.5751061092506007,-3.085902567760158,True,derivative_root
taper,phase_scrambled,1,29,peak_1,1,2.8565498492660484,3.554688087824149,4.246140924282022,1.7498931923644034,-6.674305882625167,True,derivative_root
taper,phase_scrambled,1,29,peak_2,11,5.228397683788495,-2.095230893400867,0.4649602905688006,0.5971829394230127,-6.173347272155766,True,derivative_root
taper,phase_scrambled,1,29,peak_3,2,10.187230066855893,2.2527250228443703,4.8738866264971445,3.8313488240489875,-6.0300355286257314,True,derivative_root
taper,phase_scrambled,1,29,peak_4,7,13.316525391273167,1.4467886102472585,2.7623450004124903,1.347414528016843,-7.2396048703755,True,derivative_root
taper,phase_scrambled,1,29,peak_5,8,15.696108752411169,-0.2669025405395792,0.9994237832792551,0.7987451892646846,-7.271626897093649,True,derivative_root
taper,phase_scrambled,1,29,peak_6,4,18.672352442997692,2.444068630094261,5.1054988072974155,4.757253905626456,-3.8873200242210535,True,derivative_root
taper,phase_scrambled,1,29,peak_7,9,21.830770772725565,1.291263637670764,0.8086483462879237,1.1342670106595563,-4.087127149247783,True,derivative_root
taper,phase_scrambled,1,29,peak_8,5,26.275281853030165,2.053341009732109,5.086926831340911,2.6772376945085625,-2.9089848938847775,True,derivative_root
taper,phase_scrambled,1,29,peak_9,10,29.537528695747252,1.5178408964875236,2.6112060977589873,2.9682300781349,-6.793016819900183,True,derivative_root
taper,phase_scrambled,1,29,peak_10,6,31.047199906512496,1.3977322392271574,0.6925228281584719,0.7971050419989183,-5.067629483152653,True,derivative_root
taper,phase_scrambled,1,47,peak_1,1,2.89786786793694,3.940652264391805,4.647397424708254,1.6080028241239497,-8.956103665849449,True,derivative_root
taper,phase_scrambled,1,47,peak_2,11,5.199390919038899,-1.9191446093857722,0.6576782075593086,0.5798854698809386,-9.395927954215155,True,derivative_root
taper,phase_scrambled,1,47,peak_3,2,10.288961503454574,2.394616084774495,5.171039090783808,3.821471105087973,-8.433973500105639,True,derivative_root
taper,phase_scrambled,1,47,peak_4,7,13.303641831987077,1.8024220046420043,3.4734817524253945,1.320746808488957,-10.539956504164554,True,derivative_root
taper,phase_scrambled,1,47,peak_5,8,15.624885635070449,-0.10305502169083837,1.419296146498441,0.9905837837882558,-7.268048852717328,True,derivative_root
taper,phase_scrambled,1,47,peak_6,4,18.60830126502315,2.7805411796638477,5.566500666990275,4.840947434196974,-7.5578681140985475,True,derivative_root
taper,phase_scrambled,1,47,peak_7,9,22.10687033088607,1.2164659123160246,0.5161810814881004,0.5464856688578607,-7.990577731207971,True,derivative_root
taper,phase_scrambled,1,47,peak_8,5,26.47529208254908,2.395344976350921,5.461334008848672,2.555364229669087,-5.805262707620324,True,derivative_root
taper,phase_scrambled,1,47,peak_9,10,29.440170237063004,1.6074739949397454,1.1077412570185068,0.7475545026361545,-9.383333740225407,True,derivative_root
taper,phase_scrambled,1,47,peak_10,6,31.078741217900447,1.6092363497393243,3.0826934914744086,3.1206959180286677,-5.831807837259067,True,derivative_root
taper,phase_scrambled,1,71,peak_1,1,2.933969654848345,4.2225657403722145,4.834205080386989,1.4698334885222804,-11.750571440913061,True,derivative_root
taper,phase_scrambled,1,71,peak_2,11,5.16576858370009,-1.7913689288573915,0.8696543476577805,0.5943049740881599,-11.962792161610771,True,derivative_root
taper,phase_scrambled,1,71,peak_3,12,8.493131871210943,1.1849696730828274,0.36553517829683213,0.6888280090048625,-3.910697509347826,True,derivative_root
taper,phase_scrambled,1,71,peak_4,2,10.309471718361825,2.6374075701837256,5.253645312385359,3.2627467781446757,-11.908157685367723,True,derivative_root
taper,phase_scrambled,1,71,peak_5,7,13.361893078237237,2.111796332893162,3.7258464237697453,1.1932436350713302,-15.858333552293336,True,derivative_root
taper,phase_scrambled,1,71,peak_6,8,15.490650228140137,0.12919783566763665,2.0475128226886747,1.0771422659492458,-9.966704242084523,True,derivative_root
taper,phase_scrambled,1,71,peak_7,4,18.632434832343332,3.201510584295691,6.020195369157131,4.754568619911447,-11.946605556750237,True,derivative_root
taper,phase_scrambled,1,71,peak_8,13,20.515378519939272,1.27533410936355,0.48750095028459517,0.6995671763033926,-4.847572750265174,True,derivative_root
taper,phase_scrambled,1,71,peak_9,9,22.174149184125056,1.4395337549301304,1.1046707419915773,0.6602880529183608,-12.061736362157173,True,derivative_root
taper,phase_scrambled,1,71,peak_10,5,26.54988816468905,2.7011659522560523,5.733165804982544,2.4767204061759887,-10.037691100388598,True,derivative_root
taper,phase_scrambled,1,71,peak_11,10,29.480854266451416,1.4564731469768506,0.8701389939477804,0.7683965540096325,-6.964285873208473,True,derivative_root
taper,phase_scrambled,1,71,peak_12,6,31.288862744798625,1.5277621625741962,3.2982619469599905,3.4241793909750244,-4.255812427189754,True,derivative_root
taper,phase_scrambled,1,101,peak_1,1,2.894721775529137,4.524149757505818,5.177983523809818,1.33703631206403,-15.59644407192191,True,derivative_root
taper,phase_scrambled,1,101,peak_2,11,5.220740135224483,-1.8875238215377308,0.6079833103614312,0.549077076732084,-9.778546294555095,True,derivative_root
taper,phase_scrambled,1,101,peak_3,14,7.33841747141026,-0.11723662819340745,0.20249270110885254,0.31499900201331316,-9.085778396764516,True,derivative_root
taper,phase_scrambled,1,101,peak_4,12,8.64148388754449,1.4536965313671948,0.8706498038892173,0.7494991757725601,-6.672649739780244,True,derivative_root
taper,phase_scrambled,1,101,peak_5,2,10.313208906243736,2.982319663775389,5.519770171090442,2.967287191781044,-17.555949545055704,True,derivative_root
taper,phase_scrambled,1,101,peak_6,7,13.384781213971218,2.4230598555356324,3.8046425320098267,1.0062422698130717,-21.60701426752509,True,derivative_root
taper,phase_scrambled,1,101,peak_7,8,15.426430449506828,0.27104646399088383,2.442625299200031,1.1046890950839015,-11.146159216974642,True,derivative_root
taper,phase_scrambled,1,101,peak_8,15,16.89035025965716,-2.2157233923174005,0.18900269769680822,0.3227569014477382,-8.409933008227519,True,derivative_root
taper,phase_scrambled,1,101,peak_9,4,18.65986202824094,3.4388504409551164,6.243470763383932,3.224376192194615,-13.788821635047219,True,derivative_root
taper,phase_scrambled,1,101,peak_10,13,20.514264395049967,1.6137804272596559,1.1000074821442825,0.7518749954474885,-9.500039238878669,True,derivative_root
taper,phase_scrambled,1,101,peak_11,9,22.17355824591758,1.709233877752866,1.6746688032850259,0.7044245944437222,-16.478082887463692,True,derivative_root
taper,phase_scrambled,1,101,peak_12,5,26.588475240558527,2.95400689246018,6.164908363377878,2.4855989012026045,-13.79556652540192,True,derivative_root
taper,phase_scrambled,1,101,peak_13,10,29.554876606935817,1.3310799628267138,0.6067497666765395,0.7345676260013306,-5.835173944957702,True,derivative_root
taper,phase_scrambled,1,101,peak_14,6,31.439904997463273,1.560281906499242,3.555427558375083,3.6227704925638933,-10.344813216767701,True,derivative_root
taper,phase_scrambled,1,151,peak_1,16,1.252076797734864,0.27261943537923494,0.7519799366195088,0.5393541453716866,-11.932603659815959,True,derivative_root
taper,phase_scrambled,1,151,peak_2,1,2.8401617435655635,4.841723765032354,5.955206271123937,1.2844889125334742,-20.12359328341657,True,derivative_root
taper,phase_scrambled,1,151,peak_3,11,5.311305871301886,-1.8788782816644776,0.537637992354594,0.5566759801083364,-8.894785483526956,True,derivative_root
taper,phase_scrambled,1,151,peak_4,14,7.301794246077584,0.058544137032209516,0.4828203283308579,0.4081807413033858,-12.785843564798128,True,derivative_root
taper,phase_scrambled,1,151,peak_5,12,8.697882949913687,1.7146442091977887,1.3787283339631105,0.761746180927365,-10.590601588063869,True,derivative_root
taper,phase_scrambled,1,151,peak_6,2,10.320910621785773,3.349908067164371,5.8224588358674545,1.3591223757137898,-24.274041090927394,True,derivative_root
taper,phase_scrambled,1,151,peak_7,7,13.376679231194988,2.736569813862503,3.9658023058125025,0.8852508503943171,-27.111054296155366,True,derivative_root
taper,phase_scrambled,1,151,peak_8,8,15.39897496450777,0.27188367580678047,2.53908705608215,1.1622485006307528,-10.21791351444734,True,derivative_root
taper,phase_scrambled,1,151,peak_9,15,16.928429266609744,-2.1870799082268415,0.24927709141721088,0.36911676683980377,-8.655599260318576,True,derivative_root
taper,phase_scrambled,1,151,peak_10,4,18.68624024815719,3.622179051698811,6.552101679981317,1.6553128095760314,-15.455123372993606,True,derivative_root
taper,phase_scrambled,1,151,peak_11,13,20.515193162624204,1.8567943301017327,1.5749604400680686,0.7762104721464766,-12.71743499954145,True,derivative_root
taper,phase_scrambled,1,151,peak_12,9,22.176108193104348,1.9325275202051335,2.114817978132483,0.7182777624311399,-20.49737953678184,True,derivative_root
taper,phase_scrambled,1,151,peak_13,17,25.260690085132698,0.6671255965150983,0.27305809707002326,0.42475119214617224,-6.427095172746213,True,derivative_root
taper,phase_scrambled,1,151,peak_14,5,26.613113054499642,3.2725573561655987,6.88237800705458,2.482582068243545,-19.0916295111014,True,derivative_root
taper,phase_scrambled,1,151,peak_15,10,29.556182901937497,1.42269010103057,0.7429066482627326,0.6644992636492874,-8.540113637383667,True,derivative_root
taper,phase_scrambled,1,151,peak_16,6,31.46916731373173,1.4365264569950669,3.5572728601420787,3.8171798493226903,-8.704802294597673,True,derivative_root
taper,phase_scrambled,1,151,peak_17,18,33.281368778293064,-1.6904030784346398,0.37815185421747866,0.3756261810689694,-12.332284559559353,True,derivative_root
taper,phase_scrambled,1,211,peak_1,16,1.2081600920619582,0.6821277107708859,1.5482425617604438,0.6070859206111904,-19.44645685031588,True,derivative_root
taper,phase_scrambled,1,211,peak_2,1,2.7879067158215043,4.971360846654948,6.541220008926922,1.3317366768941377,-21.04444186013253,True,derivative_root
taper,phase_scrambled,1,211,peak_3,11,5.314274976570827,-1.8303994438126754,0.5954874724849379,0.5701001489334125,-9.181827516578151,True,derivative_root
taper,phase_scrambled,1,211,peak_4,14,7.309335297255269,0.1113280760765057,0.5429210309161565,0.4273395348877316,-13.005104594925585,True,derivative_root
taper,phase_scrambled,1,211,peak_5,12,8.73573708146767,1.8147920916704956,1.5747628724899538,0.7675647299370184,-12.21121749438972,True,derivative_root
taper,phase_scrambled,1,211,peak_6,2,10.337038383671132,3.5902526219530033,6.126175508424243,1.2135704695162504,-28.94681593675046,True,derivative_root
taper,phase_scrambled,1,211,peak_7,19,11.791725295388959,-0.7281253153125253,0.5178017794686914,0.48404550137683916,-11.025470620478114,True,derivative_root
taper,phase_scrambled,1,211,peak_8,7,13.351521949821691,2.93211197684011,4.242703332400162,0.8539690946864739,-30.551753834817397,True,derivative_root
taper,phase_scrambled,1,211,peak_9,8,15.433564141239463,0.2842371009261979,2.4762198996132834,1.13711120867371,-10.312685359163307,True,derivative_root
taper,phase_scrambled,1,211,peak_10,15,16.942156456070148,-2.0995761043594556,0.31824781991035245,0.3764848313675202,-10.470457054589072,True,derivative_root
taper,phase_scrambled,1,211,peak_11,4,18.69166543199314,3.6370172464707213,6.685900888794695,1.627422460274727,-14.495574369645551,True,derivative_root
taper,phase_scrambled,1,211,peak_12,13,20.522363948645964,2.043369556256154,1.905792434314532,0.7572919862882487,-16.22312664909117,True,derivative_root
taper,phase_scrambled,1,211,peak_13,9,22.156416518759933,2.0089581202924585,2.3292599116345496,0.7393889769209494,-21.674287256270482,True,derivative_root
taper,phase_scrambled,1,211,peak_14,17,25.322065301993522,0.8177591673826249,0.4302170472727103,0.4661227805528171,-8.902355268602896,True,derivative_root
taper,phase_scrambled,1,211,peak_15,5,26.65148756637293,3.519381571988804,7.3219523698250555,2.42411847561379,-23.920431166609312,True,derivative_root
taper,phase_scrambled,1,211,peak_16,10,29.514402547290693,1.6314786361735611,3.902357362590088,3.9452490649248375,-14.0438136933117,True,derivative_root
taper,phase_scrambled,1,211,peak_17,20,30.840856920700386,1.3735404760322134,0.8456641056588183,1.2617766970783748,-9.44649745988781,True,derivative_root
taper,phase_scrambled,1,211,peak_18,6,31.538752550316964,1.2682545309719,0.12986626946335655,0.27061101320941816,-8.103573411020797,True,derivative_root
taper,phase_scrambled,1,211,peak_19,18,33.31675719101003,-1.5069056246613983,0.7782621389429081,0.45330617074197904,-18.003932291772703,True,derivative_root
hard,shuffled_rates,0,5,peak_1,1,2.4886307606076734,2.053771953680124,5.628763954727663,4.634254572025016,-2.26007808900592,True,derivative_root
hard,shuffled_rates,0,5,peak_2,2,4.737824081337594,0.6190444370357011,0.9185128311894978,0.9391424426929653,-4.167746241096157,True,derivative_root
hard,shuffled_rates,0,5,peak_3,3,6.701432534690111,0.5013556568449234,1.4647262890743762,1.2325490395167558,-3.7329795501564353,True,derivative_root
hard,shuffled_rates,0,5,peak_4,4,9.702948262499248,0.6482315062315909,1.9540801553326457,2.268889396052373,-1.5145672442119509,True,derivative_root
hard,shuffled_rates,0,5,peak_5,5,13.8452576892993,2.6336163392903122,5.443623453064186,3.003743059003085,-2.0484133188654208,True,derivative_root
hard,shuffled_rates,0,5,peak_6,6,16.20088167522532,-0.658533653159082,0.3094652001093259,0.5286238876684479,-4.653500330528863,True,derivative_root
hard,shuffled_rates,0,5,peak_7,7,18.634310222292417,-0.4159924728393565,0.7157969721712971,1.1112945239983618,-2.3716003790235693,True,derivative_root
hard,shuffled_rates,0,5,peak_8,8,21.135750667352234,2.0172146416493875,4.3571373328667775,2.5386298444901403,-2.3502230614934545,True,derivative_root
hard,shuffled_rates,0,5,peak_9,9,25.1742985504059,1.9096240641556474,4.3483466584217565,2.7148999493668358,-2.136927907607458,True,derivative_root
hard,shuffled_rates,0,5,peak_10,10,28.06402823688268,-2.0138808071103464,0.2625615653656559,0.47619460796031493,-4.940609090543857,True,derivative_root
hard,shuffled_rates,0,5,peak_11,11,30.167836124625005,1.4282490885379615,1.3828286257257627,1.337407293565184,-2.9834765599447373,True,derivative_root
hard,shuffled_rates,0,5,peak_12,12,32.51999280195557,2.0297042633020617,4.73393191862999,4.724802052415419,-2.529668509682024,True,derivative_root
hard,shuffled_rates,0,7,peak_1,1,2.126548677391876,2.3494254420330942,5.330171681601051,2.76399899348011,-3.8045946728485665,True,derivative_root
hard,shuffled_rates,0,7,peak_2,2,4.765867429646898,1.2540899212987515,1.6268579681838413,1.0682988779948601,-5.682922622596896,True,derivative_root
hard,shuffled_rates,0,7,peak_3,3,7.109575100810038,0.10532963930956832,0.8206252954740294,0.8408255424056947,-5.279661121398187,True,derivative_root
hard,shuffled_rates,0,7,peak_4,13,8.712680967949584,0.4702616647068442,1.4600534004246368,1.4696321693036793,-3.288046224431908,True,derivative_root
hard,shuffled_rates,0,7,peak_5,14,10.359569870867139,0.15932073226052473,0.4604674095858945,0.6548856729532091,-4.613056972870044,True,derivative_root
hard,shuffled_rates,0,7,peak_6,5,14.135741341227083,3.0692482381680435,6.180646833146989,2.8999925867900234,-3.733635657286518,True,derivative_root
hard,shuffled_rates,0,7,peak_7,6,16.55426758882277,-1.4451387821452897,0.1811637840351752,0.423631860871609,-4.592197807838552,True,derivative_root
hard,shuffled_rates,0,7,peak_8,7,18.245001382941812,-0.11059266669538897,1.877851146332243,1.434456605766917,-3.3118110136934664,True,derivative_root
hard,shuffled_rates,0,7,peak_9,8,21.077949850811056,2.648399623333587,4.715140039528198,2.1275714599811266,-3.861172250595118,True,derivative_root
hard,shuffled_rates,0,7,peak_10,9,24.78429770618478,2.1349480752393,5.101373002237652,2.980602276099501,-4.110439170064812,True,derivative_root
hard,shuffled_rates,0,7,peak_11,10,27.91540200739547,-1.5954463554549247,0.4693991336105774,0.562408702524175,-6.312871645651266,True,derivative_root
hard,shuffled_rates,0,7,peak_12,11,30.336394609229146,1.9394566175939878,4.532444827724342,4.635072337442693,-4.735851589600973,True,derivative_root
hard,shuffled_rates,0,7,peak_13,15,33.05350418260147,1.7484843353645683,1.3129307195435196,1.1972119259282692,-4.327425380343413,True,derivative_root
hard,shuffled_rates,0,11,peak_1,1,1.8394380435510467,2.4323573107368723,4.948367179543416,4.271000739725925,-5.791556426545556,True,derivative_root
hard,shuffled_rates,0,11,peak_2,2,4.545826125703365,1.2545393534008864,1.1118080474117962,0.7959003143097612,-7.571585690097555,True,derivative_root
hard,shuffled_rates,0,11,peak_3,3,6.942835355058751,0.404743661735527,1.4960810517830287,1.2202288047463954,-6.306714964505187,True,derivative_root
hard,shuffled_rates,0,11,peak_4,13,8.899808299723194,0.8679488761232159,2.291968248612903,1.8234162835859777,-4.7441064964815425,True,derivative_root
hard,shuffled_rates,0,11,peak_5,5,14.233274918535857,3.5459148669961835,6.735149128661723,2.3300298494282887,-5.828353872274963,True,derivative_root
hard,shuffled_rates,0,11,peak_6,6,16.689973605659613,-1.0844606645402868,0.38546646163579035,0.4728765398061683,-7.557227127867723,True,derivative_root
hard,shuffled_rates,0,11,peak_7,7,17.820359666441565,-0.5244425136275923,1.0749178471377592,1.6114702831319108,-5.28267698334966,True,derivative_root
hard,shuffled_rates,0,11,peak_8,8,21.4671918798829,2.2224166936972582,4.452167515520728,2.4488743773598287,-5.122298976006486,True,derivative_root
hard,shuffled_rates,0,11,peak_9,9,24.820461285006747,2.6539672718766822,5.598600347067672,2.064763477663033,-6.127326161704364,True,derivative_root
hard,shuffled_rates,0,11,peak_10,10,27.812717399537625,-1.192779526857662,0.36424416107377744,0.4522528686928524,-7.667203674535351,True,derivative_root
hard,shuffled_rates,0,11,peak_11,11,30.274797088248878,2.437075121488286,5.165247040036947,1.8569287399987275,-6.7328075704150425,True,derivative_root
hard,shuffled_rates,0,11,peak_12,15,32.955123033614846,2.213388860756088,2.4326086392656827,1.5144442369242654,-6.1172235762549985,True,derivative_root
hard,shuffled_rates,0,17,peak_1,1,1.5370633388819845,2.7365167844915863,5.1935240053582135,4.119964263570871,-10.660665364621089,True,derivative_root
hard,shuffled_rates,0,17,peak_2,16,3.3968306161694812,1.1981060094698077,0.7090780320843938,0.8446325900920144,-4.92231197339412,True,derivative_root
hard,shuffled_rates,0,17,peak_3,17,6.129407252666219,0.03720791056196726,0.42286814821134594,0.5122347439674976,-8.06699182309252,True,derivative_root
hard,shuffled_rates,0,17,peak_4,3,7.0074150421542125,-0.14850502713362282,0.15913846695664985,0.3598366169016359,-5.53533889181541,True,derivative_root
hard,shuffled_rates,0,17,peak_5,13,8.582395586270417,0.6858030833995765,1.782160977981167,1.5868326794473449,-6.053240272520528,True,derivative_root
hard,shuffled_rates,0,17,peak_6,5,14.145158761822795,3.8981683431047016,7.53517679238478,2.2289450276512897,-9.584844371837924,True,derivative_root
hard,shuffled_rates,0,17,peak_7,6,16.553912126912348,-0.637119369861257,1.288992881595787,0.7499051453362853,-10.643609958171849,True,derivative_root
hard,shuffled_rates,0,17,peak_8,18,18.65361477144628,-0.04514674719170292,2.0620894605297573,1.3582965526521293,-7.113013557780439,True,derivative_root
hard,shuffled_rates,0,17,peak_9,8,21.143801572007636,2.8407723667975984,5.096430450284345,1.9064889878955826,-4.071575119596776,True,derivative_root
hard,shuffled_rates,0,17,peak_10,9,25.16136437174137,2.7511376521328526,5.009123399332216,1.991326612627654,-9.93600533936066,True,derivative_root
hard,shuffled_rates,0,17,peak_11,10,27.850996872470414,-0.40286937222156033,1.2879499510295334,0.6606587477642507,-12.725665565871605,True,derivative_root
hard,shuffled_rates,0,17,peak_12,11,30.256420344954286,3.0860250634533095,5.689445433497003,1.5010007548414421,-11.373373509274924,True,derivative_root
hard,shuffled_rates,0,17,peak_13,15,32.78003595187457,2.4398159845926064,3.093872974775973,1.5500662474035154,-8.753407517953264,True,derivative_root
hard,shuffled_rates,0,17,peak_14,19,34.71916753755063,-2.2568943293176775,0.2698543155222519,0.34463237113556605,-10.124247692717175,True,derivative_root
hard,shuffled_rates,0,29,peak_1,1,1.3068351145827333,3.166030057380392,5.459537454435166,1.2257291872676224,-18.60754835895934,True,derivative_root
hard,shuffled_rates,0,29,peak_2,16,3.0901720529072843,2.0190480902873107,1.960137200250761,0.9091523213348207,-10.320388070178538,True,derivative_root
hard,shuffled_rates,0,29,peak_3,2,4.892278967200229,0.9783257548899944,1.4016682019675266,0.8775683008664402,-8.343736850577983,True,derivative_root
hard,shuffled_rates,0,29,peak_4,3,6.990640117610485,0.3618708754689816,1.1681815113527318,0.7332306711618273,-11.770524523028607,True,derivative_root
hard,shuffled_rates,0,29,peak_5,13,8.847663214204898,0.6817225037555985,1.9338243552707841,2.2170418542062196,-1.7673161759299827,True,derivative_root
hard,shuffled_rates,0,29,peak_6,20,12.421869813516905,-0.02565066767563648,0.4446012739365501,0.47401675696901435,-8.769702331010645,True,derivative_root
hard,shuffled_rates,0,29,peak_7,5,14.089465536347706,4.197291635566491,7.097331774565545,1.7859857649260023,-10.397247891659473,True,derivative_root
hard,shuffled_rates,0,29,peak_8,6,16.4201701187112,-0.7250728813463316,1.0681470892838365,0.6817041924922166,-11.406055402472742,True,derivative_root
hard,shuffled_rates,0,29,peak_9,18,18.502630542215016,-0.2577980716109662,1.691001405160463,1.5558023303672002,-1.863566662110499,True,derivative_root
hard,shuffled_rates,0,29,peak_10,8,21.07477698983379,2.9981946677685696,4.761968357246551,1.7333456111359682,-5.5168219228444855,True,derivative_root
hard,shuffled_rates,0,29,peak_11,21,23.12668785756833,-1.624730034378283,0.12193573887554199,0.2706677505630012,-7.931225263013086,True,derivative_root
hard,shuffled_rates,0,29,peak_12,9,25.06712964296635,3.461317687429814,5.657142906049591,1.3608534540426973,-17.078358132872417,True,derivative_root
hard,shuffled_rates,0,29,peak_13,22,26.892330566217073,-0.6592377287665234,0.4482574094238482,0.5957358351407891,-6.196157464449289,True,derivative_root
hard,shuffled_rates,0,29,peak_14,11,30.525105245550133,3.125843522475829,3.892696217416518,1.0980305482469817,-17.189178079436665,True,derivative_root
hard,shuffled_rates,0,29,peak_15,15,32.84411557336738,3.3636051582385202,6.101608615462666,1.4705426309622625,-16.675941096301912,True,derivative_root
hard,shuffled_rates,0,29,peak_16,19,34.80033343528282,-1.5925754707571693,0.2968284680997848,0.2654891614590497,-17.45068379328899,True,derivative_root
hard,shuffled_rates,0,47,peak_1,1,1.1089969790612275,3.7593635678265787,6.254858667200301,0.9529748412570531,-33.40159485051575,True,derivative_root
hard,shuffled_rates,0,47,peak_2,16,2.768960996948667,2.567591422007129,2.886588745663224,0.8473579227060424,-19.737072509426877,True,derivative_root
hard,shuffled_rates,0,47,peak_3,2,4.440735724942173,1.3057576346458115,1.6458390246588936,0.7635541914491732,-12.164481389248193,True,derivative_root
hard,shuffled_rates,0,47,peak_4,17,6.039632347869839,0.4576497718798844,1.0433704675175313,0.5469000350702778,-17.403650205337488,True,derivative_root
hard,shuffled_rates,0,47,peak_5,3,7.310645407418522,0.02160275193080688,0.6024070962702707,0.6061258845663929,-6.831871650072065,True,derivative_root
hard,shuffled_rates,0,47,peak_6,13,9.187060433469481,1.0165689282750585,1.947318250375303,1.0607961931924863,-9.181520819905538,True,derivative_root
hard,shuffled_rates,0,47,peak_7,23,10.597990224632593,-0.48087114663475217,0.16532788915210977,0.4010936518233621,-4.970096911378931,True,derivative_root
hard,shuffled_rates,0,47,peak_8,20,12.459820444090662,0.37505098444701035,0.9229184224153424,0.5193822290853177,-15.854818173014198,True,derivative_root
hard,shuffled_rates,0,47,peak_9,5,14.120506932037035,4.643119380389282,7.362090810702119,1.5029303194724748,-17.499993955110725,True,derivative_root
hard,shuffled_rates,0,47,peak_10,6,16.15170420856933,-0.9081740091584427,0.4782466808816802,0.5749848377319268,-5.999672197468669,True,derivative_root
hard,shuffled_rates,0,47,peak_11,24,17.77366537056495,-0.4519004385285933,0.3409671334633784,0.4649366355197998,-7.205119906211529,True,derivative_root
hard,shuffled_rates,0,47,peak_12,18,18.847099579105944,-0.298943482540292,1.4188194464518205,1.7674653695428533,-11.686856105532549,True,derivative_root
hard,shuffled_rates,0,47,peak_13,8,21.04717322853539,3.247114675013444,5.052693234642919,1.5640755615026791,-6.365445082545836,True,derivative_root
hard,shuffled_rates,0,47,peak_14,21,23.096876065242576,-1.4295344991306227,0.1907441942504191,0.2729659299534234,-12.028810645875964,True,derivative_root
hard,shuffled_rates,0,47,peak_15,9,25.029279425987898,3.63898635238154,5.773400408932006,1.2765694042873634,-18.980149845851194,True,derivative_root
hard,shuffled_rates,0,47,peak_16,22,26.820425446378668,-0.40955891283837054,0.7919468283038017,0.704748700916116,-6.769223226571157,True,derivative_root
hard,shuffled_rates,0,47,peak_17,10,28.185700195190513,-1.7208640566081754,0.16781337375450356,0.28904697047375977,-9.257121456575463,True,derivative_root
hard,shuffled_rates,0,47,peak_18,11,30.492632713432975,3.475286646773195,5.895743330545393,1.3028723162394216,-20.914682855705234,True,derivative_root
hard,shuffled_rates,0,47,peak_19,15,32.76222062862671,3.0183480937319187,3.818856989556247,1.263106128586128,-13.123168594423785,True,derivative_root
hard,shuffled_rates,0,47,peak_20,19,34.75740792080003,-2.0720408262930796,0.2338011802434763,0.30674738313746847,-10.449806589575672,True,derivative_root
hard,shuffled_rates,0,71,peak_1,1,1.0005842964116958,4.28568994118377,6.288266338053408,0.7718580914448413,-48.76511267471462,True,derivative_root
hard,shuffled_rates,0,71,peak_2,16,2.5328651806968874,2.75833583246964,3.461186126315746,0.8463674315835235,-23.942326953132298,True,derivative_root
hard,shuffled_rates,0,71,peak_3,2,4.048460142641817,1.1537719984131882,1.2713447375550864,0.7445242305408698,-12.624451956281831,True,derivative_root
hard,shuffled_rates,0,71,peak_4,25,5.362649032993192,0.48087478872990236,0.6195047500368251,0.5167929380617331,-11.683178357064154,True,derivative_root
hard,shuffled_rates,0,71,peak_5,3,7.010086687817773,0.46263616722215106,1.220221996350461,0.5921455845550255,-17.183302912761818,True,derivative_root
hard,shuffled_rates,0,71,peak_6,26,8.489069154599882,0.5640473334632016,1.8277585073423945,2.127373071788607,-7.9877079738174155,True,derivative_root
hard,shuffled_rates,0,71,peak_7,13,9.584883256628848,0.5244621679406919,0.32749102147046627,0.4932996317933885,-6.342485472385935,True,derivative_root
hard,shuffled_rates,0,71,peak_8,20,12.588852036604592,0.2763091338868766,0.395232597751751,0.3791923531712527,-12.679196410444924,True,derivative_root
hard,shuffled_rates,0,71,peak_9,5,14.183879159334468,4.727626579872959,7.27076926642553,1.4422293135671227,-21.432494687721427,True,derivative_root
hard,shuffled_rates,0,71,peak_10,6,16.084015416180275,-0.7993601739674845,0.5426364031408035,0.5484829331851756,-8.396764895716004,True,derivative_root
hard,shuffled_rates,0,71,peak_11,24,17.7667266304714,-0.4776533522964959,0.32281202732475955,0.4929711010325548,-5.9554967790928846,True,derivative_root
hard,shuffled_rates,0,71,peak_12,18,18.81331111901724,-0.2673687450397085,1.41928343274796,1.731544401280428,-13.301388095662697,True,derivative_root
hard,shuffled_rates,0,71,peak_13,8,21.118684642543684,3.3359858879045006,5.2618476040686675,1.5789613350467677,-10.227984431408515,True,derivative_root
hard,shuffled_rates,0,71,peak_14,21,23.07017396078586,-1.3349404870815211,0.10973999246966426,0.21860783691715824,-10.629345728506607,True,derivative_root
hard,shuffled_rates,0,71,peak_15,9,24.996179135288838,3.507406194188417,5.663564129055445,1.3732759689744172,-18.828012070903114,True,derivative_root
hard,shuffled_rates,0,71,peak_16,22,26.928081414106135,-0.5341723316976674,0.6435019234192351,0.7737232103000565,-4.530217158610985,True,derivative_root
hard,shuffled_rates,0,71,peak_17,10,28.19181572922006,-1.822233078957428,0.15178172024932035,0.2825354116866663,-8.74106274949036,True,derivative_root
hard,shuffled_rates,0,71,peak_18,11,30.456066553516287,3.5279484196630384,5.823604651848417,1.2532985199637665,-22.705964610307216,True,derivative_root
hard,shuffled_rates,0,71,peak_19,15,32.815937279768455,3.1512495216197185,3.823635874752444,1.1632268670717167,-15.04679471415348,True,derivative_root
hard,shuffled_rates,0,71,peak_20,19,34.686918047408184,-1.8296102925346247,0.5948535239008057,0.4091795230301671,-15.840532609774924,True,derivative_root
hard,shuffled_rates,0,101,peak_1,1,0.9186503303701795,4.87847836471182,7.650528107939043,0.72616946323612,-67.73373539483137,True,derivative_root
hard,shuffled_rates,0,101,peak_2,16,2.339008230505052,3.0175504330778296,4.165795909354899,0.8083191310684814,-32.683258349406046,True,derivative_root
hard,shuffled_rates,0,101,peak_3,2,3.646490630169718,1.5554285224264588,1.624211691668249,0.6080655161702254,-22.102232557308906,True,derivative_root
hard,shuffled_rates,0,101,peak_4,25,5.000242811024869,1.0719235037559844,1.482028704889468,0.6560804073964569,-15.272043933624957,True,derivative_root
hard,shuffled_rates,0,101,peak_5,17,6.353221865034231,0.21803960487234791,0.7754872376891571,0.6125061849112413,-10.525050617000186,True,derivative_root
hard,shuffled_rates,0,101,peak_6,13,9.193719573606515,0.9517193916047966,2.0571530514089345,1.1239238689320943,-10.574000930254527,True,derivative_root
hard,shuffled_rates,0,101,peak_7,20,12.537353547813463,0.0027717888342143338,0.24166007451099028,0.35242019210406,-9.046019635598253,True,derivative_root
hard,shuffled_rates,0,101,peak_8,5,14.195829513867697,4.578120877869708,6.790076868179565,1.473174366986632,-19.111551001571428,True,derivative_root
hard,shuffled_rates,0,101,peak_9,6,16.07323239361199,-0.8076101154272534,0.5708444575161205,0.5428173977130826,-9.783139684644828,True,derivative_root
hard,shuffled_rates,0,101,peak_10,24,17.99765265716946,-0.5200319912209599,0.10958337307823085,0.3912567549177595,-3.371433920564379,True,derivative_root
hard,shuffled_rates,0,101,peak_11,18,18.749396046150007,-0.3877648614550835,1.1305169344779058,1.6083899968766417,-10.314846866876886,True,derivative_root
hard,shuffled_rates,0,101,peak_12,8,21.104898128220583,3.6375089719911546,5.665317519686374,1.4446870144858281,-15.538576939411179,True,derivative_root
hard,shuffled_rates,0,101,peak_13,9,25.060228210791372,3.664856312933469,5.7563122355999266,1.2504153614297508,-20.259859306352478,True,derivative_root
hard,shuffled_rates,0,101,peak_14,22,26.758952617411452,-0.29689158392267495,1.0571748616471222,0.720536515724615,-8.530820263055727,True,derivative_root
hard,shuffled_rates,0,101,peak_15,10,28.136728319845812,-1.5833496085246455,0.21226017885448556,0.2902957633711026,-11.88661736983626,True,derivative_root
hard,shuffled_rates,0,101,peak_16,11,30.494783290614656,3.655841166057074,6.251385386994285,1.2798858266963806,-27.642550788875997,True,derivative_root
hard,shuffled_rates,0,101,peak_17,15,32.84692630163774,2.898205385099258,3.8363000373923186,1.3476182662703196,-8.366431762208968,True,derivative_root
hard,shuffled_rates,0,101,peak_18,19,34.71402493977834,-1.5478108865047704,0.7320755081477304,0.3774791891609766,-22.37430438339294,True,derivative_root
hard,shuffled_rates,0,151,peak_1,1,0.8336534122059692,5.759579134361031,8.601599638592024,0.6312533428236815,-99.38911810096334,True,derivative_root
hard,shuffled_rates,0,151,peak_2,16,2.138029261121218,3.4501655281980725,5.2350930189322025,0.7361468338604251,-50.02174497867194,True,derivative_root
hard,shuffled_rates,0,151,peak_3,2,3.3753232831101614,2.176704402372221,2.4288988750238367,0.5948876833633218,-32.35428496383459,True,derivative_root
hard,shuffled_rates,0,151,peak_4,25,4.663447406204076,1.5602343410522135,2.395903464996982,0.6507002805872724,-28.87162998755271,True,derivative_root
hard,shuffled_rates,0,151,peak_5,17,5.963939210874917,0.4837630537892003,1.29195055078466,0.5349986765804701,-23.54035757864743,True,derivative_root
hard,shuffled_rates,0,151,peak_6,3,7.122299838760524,0.5540439387248356,1.6173994281415232,0.572502691075961,-24.245787750011164,True,derivative_root
hard,shuffled_rates,0,151,peak_7,26,8.448694182486987,0.621118715414567,0.5633421616046083,0.4130384020694649,-15.083570870803857,True,derivative_root
hard,shuffled_rates,0,151,peak_8,13,9.525225076531775,0.778099875872401,2.10348510018882,1.8820092496433831,-10.365398551179226,True,derivative_root
hard,shuffled_rates,0,151,peak_9,27,10.684319062113383,-0.6777848328533153,0.1780107864613082,0.35028327327893155,-6.304651953279063,True,derivative_root
hard,shuffled_rates,0,151,peak_10,20,12.435971455262841,-0.012169045677886348,0.3022970050416471,0.3793711943283299,-9.646900780759594,True,derivative_root
hard,shuffled_rates,0,151,peak_11,5,14.257539821595138,4.737891488160302,7.166290517526854,1.4766776669988133,-24.45990161170174,True,derivative_root
hard,shuffled_rates,0,151,peak_12,6,15.866730159525535,-0.705928633488822,0.3098854819424268,0.32187946459901867,-13.987690027406403,True,derivative_root
hard,shuffled_rates,0,151,peak_13,24,18.266035563163875,0.06691873773955014,1.4970979700577784,0.7758894189116632,-12.451529212927833,True,derivative_root
hard,shuffled_rates,0,151,peak_14,28,19.709380351715655,-0.5657027165350341,0.2978020462118176,0.3048805520783674,-15.0289436232505,True,derivative_root
hard,shuffled_rates,0,151,peak_15,8,20.986706488194407,4.202600761179091,5.835935725517076,1.1098109430915457,-30.15971843460883,True,derivative_root
hard,shuffled_rates,0,151,peak_16,9,24.971063588373443,4.031626655812075,6.207571447504959,1.1205579370320435,-30.8765533496111,True,derivative_root
hard,shuffled_rates,0,151,peak_17,22,26.491226868063865,-0.5703088493153385,0.2771489482917304,0.4238933609899846,-7.866308329143126,True,derivative_root
hard,shuffled_rates,0,151,peak_18,11,30.435508172679228,3.898479757613404,6.35557511484922,1.1201176722549122,-33.62966018809887,True,derivative_root
hard,shuffled_rates,0,151,peak_19,15,32.90037022122879,3.4143574794125127,4.147190703948129,1.0424913074797757,-21.43343181585719,True,derivative_root
hard,shuffled_rates,0,151,peak_20,19,34.602351642756126,-1.7056089090416648,0.5015956044667953,0.3462537369967891,-19.326648879192945,True,derivative_root
hard,shuffled_rates,0,211,peak_1,1,0.7750194035437357,6.617071964770209,9.384829417536647,0.5651230891378238,-133.5682458356756,True,derivative_root
hard,shuffled_rates,0,211,peak_2,16,2.0043462777403307,3.8844673245903008,5.7061871187359365,0.6396683311759461,-70.29776704187672,True,derivative_root
hard,shuffled_rates,0,211,peak_3,2,3.166450914836457,2.6879655126712594,3.2917966827139833,0.5928975530862332,-44.704894056698,True,derivative_root
hard,shuffled_rates,0,211,peak_4,25,4.382882502842769,1.6794113708631855,2.698588282275498,0.6288605117213599,-33.27330381774798,True,derivative_root
hard,shuffled_rates,0,211,peak_5,17,5.481986896583618,0.6992686100066478,1.3739369698333201,0.5169150306282525,-25.287202386080263,True,derivative_root
hard,shuffled_rates,0,211,peak_6,3,6.760737685286673,0.5306425931756797,1.6101696227300142,0.629262032851372,-19.613686712804643,True,derivative_root
hard,shuffled_rates,0,211,peak_7,26,7.9810793295813065,0.1887535947669967,0.7957138651186962,0.4604483590332407,-18.26991291726213,True,derivative_root
hard,shuffled_rates,0,211,peak_8,13,9.103607985628576,1.3519149589992645,2.4806993090285943,0.7440417413099966,-25.77009441089679,True,derivative_root
hard,shuffled_rates,0,211,peak_9,27,10.227519781755255,0.2046396853474289,0.6852690503592793,0.43633364831819393,-16.81839304624597,True,derivative_root
hard,shuffled_rates,0,211,peak_10,29,11.370281774584356,-1.479667913120096,0.3023514164303409,0.4756388400493009,-5.646786276553195,True,derivative_root
hard,shuffled_rates,0,211,peak_11,20,12.613504322514565,0.6341525848622172,0.9623930108025252,0.4383997632407187,-23.372665634127483,True,derivative_root
hard,shuffled_rates,0,211,peak_12,5,14.083591287396713,4.719952939651365,7.1112535986144545,1.4014461107649057,-18.63328077130592,True,derivative_root
hard,shuffled_rates,0,211,peak_13,6,16.03395388030005,-0.7757531571849864,0.642495075742712,0.502065066139096,-12.399523147311175,True,derivative_root
hard,shuffled_rates,0,211,peak_14,24,18.363553521142446,0.020234380078116884,1.5976417607354991,0.8360332428271108,-11.48228437196158,True,derivative_root
hard,shuffled_rates,0,211,peak_15,28,19.72381558507323,-0.4518358984174363,0.38865505303962306,0.3146764872446511,-18.300578011771336,True,derivative_root
hard,shuffled_rates,0,211,peak_16,8,20.975663841271125,4.265035869011895,6.124987097435845,1.1212040162461563,-32.29396488991358,True,derivative_root
hard,shuffled_rates,0,211,peak_17,9,25.00298920113182,3.837885041881445,5.923980303574773,1.1761255329772666,-22.906265020614505,True,derivative_root
hard,shuffled_rates,0,211,peak_18,22,26.571240805810405,-0.31424703111408075,0.8138797537182958,0.5600150183011465,-13.028274734879512,True,derivative_root
hard,shuffled_rates,0,211,peak_19,30,27.63207524427168,-1.232762610803693,0.15708420478023544,0.28164498164521773,-8.983151077138956,True,derivative_root
hard,shuffled_rates,0,211,peak_20,11,30.402898499704307,4.130255532374685,6.7328452530046174,1.0385921974190182,-39.51404430905337,True,derivative_root
hard,shuffled_rates,0,211,peak_21,31,31.701923274281167,0.004764999951378218,0.10345902237214478,0.24205911298696492,-7.822591164321674,True,derivative_root
hard,shuffled_rates,0,211,peak_22,15,32.848549167403554,3.5948626740388256,4.1108184796350855,0.9298200442263863,-26.012921015648704,True,derivative_root
hard,shuffled_rates,0,211,peak_23,19,34.6716823881783,-1.9500203918751158,0.34209868738630544,0.3288545105553965,-14.380086356157243,True,derivative_root
taper,shuffled_rates,0,5,peak_1,1,2.3850554338018517,0.931778114129038,3.000650420148948,4.530187195027292,-0.8650604318744555,True,derivative_root
taper,shuffled_rates,0,5,peak_2,2,4.466898729148046,-0.031249681582182748,0.10368545344954996,0.5034283405199717,-1.7252190324379015,True,derivative_root
taper,shuffled_rates,0,5,peak_3,3,7.117229202177238,0.1755809216075746,0.1970083432686344,0.7144858888002347,-1.5860964518732477,True,derivative_root
taper,shuffled_rates,0,5,peak_4,4,9.198509522124688,0.8727745671105267,2.168611295679019,4.215594037455491,-0.9145157435159303,True,derivative_root
taper,shuffled_rates,0,5,peak_5,5,13.967349619072397,0.9746360129828537,2.788656042910913,4.13364405805505,-0.8303732991106716,True,derivative_root
taper,shuffled_rates,0,5,peak_6,6,18.705781004976892,0.3530108450322682,0.2993753760073143,0.9216010976459302,-1.415493967519485,True,derivative_root
taper,shuffled_rates,0,5,peak_7,7,20.783570528342615,0.7967217889921112,2.1256016310903645,4.380743339147151,-0.9810851689348863,True,derivative_root
taper,shuffled_rates,0,5,peak_8,8,25.54869541193355,1.0019837915601446,2.607486276867464,3.2876337097861894,-0.8087896621738665,True,derivative_root
taper,shuffled_rates,0,5,peak_9,9,30.295239582156526,0.5042228708726536,0.4093173919691395,1.1295968578987925,-1.2620819835648165,True,derivative_root
taper,shuffled_rates,0,5,peak_10,10,32.37021578710678,0.7024064768794545,2.099732942988482,4.5227687879436305,-1.067789365892261,True,derivative_root
taper,shuffled_rates,0,7,peak_1,1,2.379963084870174,1.3468282745159714,4.126843196663444,4.601216880174853,-1.3630860983114896,True,derivative_root
taper,shuffled_rates,0,7,peak_2,2,4.625761714342327,0.04788871398352529,0.38859425341967524,0.7565536051421063,-2.7682009730587516,True,derivative_root
taper,shuffled_rates,0,7,peak_3,3,6.919858568987311,0.23022250348479975,0.6517076520182127,1.0273171273771566,-2.435234388805306,True,derivative_root
taper,shuffled_rates,0,7,peak_4,4,9.34391001951187,1.0046412478304303,2.335796400028342,2.5842221807441295,-1.1424519902586956,True,derivative_root
taper,shuffled_rates,0,7,peak_5,5,13.903971056870647,1.5042939224889524,3.7529811181167565,3.139801771551615,-1.2918835334784806,True,derivative_root
taper,shuffled_rates,0,7,peak_6,11,16.174127410373977,-0.44362632908273353,0.1724672206565388,0.48973542912708584,-3.032456746455607,True,derivative_root
taper,shuffled_rates,0,7,peak_7,6,18.607876090080907,0.26962223641418914,0.5910116029262386,1.0894175994790545,-1.9613948318438001,True,derivative_root
taper,shuffled_rates,0,7,peak_8,7,20.943349219849633,1.1881049816706506,2.818143107325949,2.6046534784572515,-1.5000201342145982,True,derivative_root
taper,shuffled_rates,0,7,peak_9,8,25.417809886946504,1.381117488884678,3.3940281114370334,3.0203634810126716,-1.2736362222269741,True,derivative_root
taper,shuffled_rates,0,7,peak_10,12,27.821988588440444,-1.0320942416052787,0.11159945236748992,0.38693754617888776,-3.194646250803061,True,derivative_root
taper,shuffled_rates,0,7,peak_11,9,30.186736929978473,0.7776790481498148,0.8402953616299993,1.2995692218904595,-1.920237303178761,True,derivative_root
taper,shuffled_rates,0,7,peak_12,10,32.476966624028606,1.1011494051034236,2.8003724541143553,4.5655715834268795,-1.6288284385294858,True,derivative_root
taper,shuffled_rates,0,11,peak_1,1,2.2696668506593523,1.7886372137518776,4.865161077132514,4.596010341701519,-2.283966934609879,True,derivative_root
taper,shuffled_rates,0,11,peak_2,2,4.713783712042758,0.4927526663765909,0.8584196336822942,0.9284827400636702,-3.9956663205638003,True,derivative_root
taper,shuffled_rates,0,11,peak_3,3,6.948361693587753,0.20963369975977136,0.9128315988433667,1.1198724482924618,-3.3117985722324854,True,derivative_root
taper,shuffled_rates,0,11,peak_4,4,9.082993400124142,0.7082952047522886,1.8787551733948742,2.5414798370514777,-1.3967593639630589,True,derivative_root
taper,shuffled_rates,0,11,peak_5,5,14.006685953678213,2.1953774615240094,4.746369001163748,2.9906022814791147,-2.205108353845884,True,derivative_root
taper,shuffled_rates,0,11,peak_6,11,16.258777508892962,-0.8346707135391609,0.13753059931778733,0.5044492962845027,-2.22426619661949,True,derivative_root
taper,shuffled_rates,0,11,peak_7,6,18.453527733418746,0.013915133134793048,1.022480849021579,1.2606853347666431,-2.468052341942937,True,derivative_root
taper,shuffled_rates,0,11,peak_8,7,21.04461150219793,1.798446965086734,3.6802742184086035,2.3489487740704136,-2.399584149295495,True,derivative_root
taper,shuffled_rates,0,11,peak_9,8,25.056288561035025,1.651942991029174,4.015580196049668,2.9580791791132954,-2.2925395253313297,True,derivative_root
taper,shuffled_rates,0,11,peak_10,12,27.913765199357606,-1.419538234856203,0.32220141039584194,0.5412942741389316,-4.687451932027102,True,derivative_root
taper,shuffled_rates,0,11,peak_11,9,30.243527735991144,1.247037163276914,1.1745305673446176,1.2367486430808527,-3.0178929126199296,True,derivative_root
taper,shuffled_rates,0,11,peak_12,10,32.74814645059731,1.3963639315998666,3.480205804112088,4.639270770367818,-2.1733460161438325,True,derivative_root
taper,shuffled_rates,0,17,peak_1,1,1.9966391130117347,1.9731239235009663,4.9161818081175905,4.572404017251383,-3.025244410524679,True,derivative_root
taper,shuffled_rates,0,17,peak_2,2,4.703126187124422,0.7992079615232368,1.006851982683273,0.9328683105847653,-4.912219485193854,True,derivative_root
taper,shuffled_rates,0,17,peak_3,3,7.024657971697683,0.20092553197878724,1.0690785967128669,1.1382329557043378,-4.80000087550056,True,derivative_root
taper,shuffled_rates,0,17,peak_4,4,8.943623178224364,0.583868658932454,1.6214856914567233,2.427227944436936,-1.6312630665691048,True,derivative_root
taper,shuffled_rates,0,17,peak_5,5,14.161132549610485,2.820202023852169,5.52198491133035,2.8542724156727703,-3.9313365817813617,True,derivative_root
taper,shuffled_rates,0,17,peak_6,11,16.513810273920885,-1.0582852263144042,0.4391336287810623,0.6499108043121595,-4.96435233458574,True,derivative_root
taper,shuffled_rates,0,17,peak_7,6,18.454358678032126,-0.25002577158476447,1.1604463734408605,1.4198817561776025,-1.708920839608548,True,derivative_root
taper,shuffled_rates,0,17,peak_8,7,21.163063054199778,2.1236025603351365,3.915199329274095,2.2234831650388713,-2.3806431264346615,True,derivative_root
taper,shuffled_rates,0,17,peak_9,8,24.93974968647844,2.029166008607599,4.692013333045814,2.83959176259925,-4.026087142795612,True,derivative_root
taper,shuffled_rates,0,17,peak_10,12,27.872607021736652,-1.372146780399041,0.3881497651128074,0.5141765862066165,-6.24831557852684,True,derivative_root
taper,shuffled_rates,0,17,peak_11,9,30.25085856725077,1.783604757552622,4.33762538140121,4.606537085474912,-4.778894563840271,True,derivative_root
taper,shuffled_rates,0,17,peak_12,10,32.84899179773349,1.67199547884184,1.6515412831939442,1.7462259651763476,-3.6968153967447748,True,derivative_root
taper,shuffled_rates,0,29,peak_1,1,1.6003662185737442,2.213523665208839,4.841022311164069,4.582293873382782,-7.469066709438109,True,derivative_root
taper,shuffled_rates,0,29,peak_2,2,4.753118879661934,0.6771820641937161,0.6010402998186346,0.8242994067815268,-4.4813582403479675,True,derivative_root
taper,shuffled_rates,0,29,peak_3,3,7.070345950386553,0.12037478317874208,0.8320965653537299,0.8158699998387093,-6.651560974648039,True,derivative_root
taper,shuffled_rates,0,29,peak_4,4,9.077820098890406,0.4822447580255995,1.405867272186259,2.2650063910283125,-1.8245890458836689,True,derivative_root
taper,shuffled_rates,0,29,peak_5,5,14.146835382706815,3.564096382238837,6.570412884379354,2.1928306289845922,-7.833969928092531,True,derivative_root
taper,shuffled_rates,0,29,peak_6,11,16.51422943590296,-0.8782246340042456,0.9910828852441299,0.7797135851068305,-7.868512757588542,True,derivative_root
taper,shuffled_rates,0,29,peak_7,6,18.522914393564687,-0.2523717872663109,1.520543515662835,1.44863297500755,-2.784921853794922,True,derivative_root
taper,shuffled_rates,0,29,peak_8,7,21.126957876345813,2.387431994161237,4.282749170490751,2.0963250897669696,-1.9359787272213405,True,derivative_root
taper,shuffled_rates,0,29,peak_9,8,25.024741074729246,2.4573456568304874,4.9640136076846195,2.2030308733271426,-7.587824538309856,True,derivative_root
taper,shuffled_rates,0,29,peak_10,12,27.85625251180627,-1.0869216419219094,0.5059485930666385,0.5362335425925437,-7.393609014781805,True,derivative_root
taper,shuffled_rates,0,29,peak_11,9,30.30621191076014,2.4310291914954707,5.019609907851969,1.7485129548926353,-8.446892524182907,True,derivative_root
taper,shuffled_rates,0,29,peak_12,10,32.81552587055722,2.162560973299086,2.4222936280988887,1.4796970891097658,-7.051740668725955,True,derivative_root
taper,shuffled_rates,0,29,peak_13,13,34.680253673750556,-2.1979967736944968,0.15261533892418866,0.28148472616160236,-8.474879322575148,True,derivative_root
taper,shuffled_rates,0,47,peak_1,1,1.370377602565103,2.566751381382802,4.941838243020998,3.0171185057169763,-13.241081157736312,True,derivative_root
taper,shuffled_rates,0,47,peak_2,14,2.997041529088656,1.514562440842787,0.7740411780449916,0.7404213401602076,-6.849739787990272,True,derivative_root
taper,shuffled_rates,0,47,peak_3,2,4.763467212932429,0.7507875354223656,0.7888459824448261,0.802851094860953,-6.3529953951105735,True,derivative_root
taper,shuffled_rates,0,47,peak_4,15,6.161438711405199,-0.25874099231711184,0.10232903680679056,0.28110656428451153,-5.924058375400195,True,derivative_root
taper,shuffled_rates,0,47,peak_5,3,7.036639560190776,0.049282722568921584,0.6975445806914732,0.7390728806175105,-7.015698511303242,True,derivative_root
taper,shuffled_rates,0,47,peak_6,4,9.113708560037496,0.46440246870443447,1.4046734302873916,2.214858376916314,-2.679176531368796,True,derivative_root
taper,shuffled_rates,0,47,peak_7,16,12.480458602268342,-0.01263059267742745,0.1943092627417527,0.3587162770643758,-6.692654589136478,True,derivative_root
taper,shuffled_rates,0,47,peak_8,5,14.125831645143265,3.9352791116134003,6.78120871694674,1.9074409579406706,-9.765336828775188,True,derivative_root
taper,shuffled_rates,0,47,peak_9,11,16.445450018089762,-0.7494450024913075,1.1488142862182698,0.7576263087787964,-9.625129203682004,True,derivative_root
taper,shuffled_rates,0,47,peak_10,6,18.420700686761453,-0.20443897369587843,1.7197179736791597,1.4467600618081293,-1.808168937886065,True,derivative_root
taper,shuffled_rates,0,47,peak_11,7,21.160579198829048,2.620332190730736,4.744041974561494,2.0057323054052034,-3.3980945327067733,True,derivative_root
taper,shuffled_rates,0,47,peak_12,8,25.059906915399253,2.9887019162457316,5.163538876639775,1.6378258286666694,-12.85764669692338,True,derivative_root
taper,shuffled_rates,0,47,peak_13,9,30.426122630166,2.878307717816269,5.41503139772867,1.576722009468017,-13.60432680375938,True,derivative_root
taper,shuffled_rates,0,47,peak_14,10,32.79035807507748,2.6481587532693975,3.1350419439513533,1.2869055327927186,-10.8070903290731,True,derivative_root
taper,shuffled_rates,0,47,peak_15,13,34.74206228734657,-2.0997500364662196,0.29713219321302375,0.34567145975462954,-10.770406716207722,True,derivative_root
taper,shuffled_rates,0,71,peak_1,1,1.2070936584924465,2.939430872461926,5.257812826068073,2.861801659968329,-21.246046018682453,True,derivative_root
taper,shuffled_rates,0,71,peak_2,14,2.8516156553081773,1.8505828939985705,1.3515666595912932,0.7818728870879248,-11.37901538502757,True,derivative_root
taper,shuffled_rates,0,71,peak_3,2,4.593793466429669,0.7964995755733697,0.8110748851223898,0.7989971804333366,-6.225937245237327,True,derivative_root
taper,shuffled_rates,0,71,peak_4,15,6.083837927644521,-0.08207474605865274,0.4060346250115375,0.44967536989035256,-9.691920115802596,True,derivative_root
taper,shuffled_rates,0,71,peak_5,3,7.103168575236197,0.00952656008310392,0.5006052503772754,0.5451524133958771,-7.903000518916236,True,derivative_root
taper,shuffled_rates,0,71,peak_6,4,9.117398821260435,0.5859196489056341,1.457109734898301,1.9156956241898742,-4.0950266395424455,True,derivative_root
taper,shuffled_rates,0,71,peak_7,16,12.45728512846742,0.023156231420121395,0.3777475492505876,0.43211793740183996,-9.135642024943685,True,derivative_root
taper,shuffled_rates,0,71,peak_8,5,14.120974496096,4.156530624384971,6.795588360897629,1.747902826708338,-11.546772871559979,True,derivative_root
taper,shuffled_rates,0,71,peak_9,11,16.38208538422683,-0.8113730033386449,0.962952212192596,0.7271107885758341,-8.413282620872934,True,derivative_root
taper,shuffled_rates,0,71,peak_10,6,18.633641724185978,-0.33499236812358407,1.5080467605082521,1.570786968439913,-3.511676063090496,True,derivative_root
taper,shuffled_rates,0,71,peak_11,7,21.118065486700253,2.8814688381032267,4.801799126702591,1.7996079112438226,-4.727746168401215,True,derivative_root
taper,shuffled_rates,0,71,peak_12,8,25.049568570386302,3.3259158347537117,5.469889092308991,1.4007491856894037,-16.07126178941642,True,derivative_root
taper,shuffled_rates,0,71,peak_13,17,26.799906721114905,-0.6177611030406772,0.33238941361374863,0.5616438435819703,-4.689624089685924,True,derivative_root
taper,shuffled_rates,0,71,peak_14,9,30.47137083484528,3.1905718727792993,5.791102919989795,1.457837536361484,-17.616072031731452,True,derivative_root
taper,shuffled_rates,0,71,peak_15,10,32.760589971866935,2.866833157348693,3.5505932269737617,1.269279812687711,-12.764374260462015,True,derivative_root
taper,shuffled_rates,0,71,peak_16,13,34.74221804195138,-2.1429752330817347,0.255577088690949,0.3335702524564056,-9.828612167369831,True,derivative_root
taper,shuffled_rates,0,101,peak_1,1,1.089588384989982,3.3270498164319524,5.564666189744157,1.0094831210898152,-31.057693119990564,True,derivative_root
taper,shuffled_rates,0,101,peak_2,14,2.6794826048185976,1.9903252858704716,1.7247902170268803,0.8478655582890188,-11.697395692217397,True,derivative_root
taper,shuffled_rates,0,101,peak_3,2,4.371136678591332,0.6543282532497412,0.3908796732510148,0.7424534796575948,-2.413455600170197,True,derivative_root
taper,shuffled_rates,0,101,peak_4,15,6.05062698622331,-0.14095396327805798,0.23102792026232863,0.3613452873995264,-8.09285139295206,True,derivative_root
taper,shuffled_rates,0,101,peak_5,3,7.089333219175165,0.06055973513355687,0.5868889865301173,0.5497100368965618,-9.280493952734814,True,derivative_root
taper,shuffled_rates,0,101,peak_6,4,9.123021731083512,0.5855860759585116,1.4811422986292193,1.828659493769999,-3.399988611293892,True,derivative_root
taper,shuffled_rates,0,101,peak_7,16,12.481836377467454,0.044969663913693864,0.38846924231984103,0.4200351527079221,-10.084982577891793,True,derivative_root
taper,shuffled_rates,0,101,peak_8,5,14.144811303351188,4.2982992271990055,6.8791791098599155,1.657770639255716,-13.625187569048368,True,derivative_root
taper,shuffled_rates,0,101,peak_9,11,16.29577111095544,-0.8146062134857853,0.8520945485510246,0.6900108161570643,-7.442628658904138,True,derivative_root
taper,shuffled_rates,0,101,peak_10,18,17.93816932653287,-0.43138627648388933,0.15270210503044168,0.3847372108297748,-4.483330282601889,True,derivative_root
taper,shuffled_rates,0,101,peak_11,6,18.767122152145525,-0.39139488184577165,1.3407618637102927,1.6673338970118836,-7.7554872284428376,True,derivative_root
taper,shuffled_rates,0,101,peak_12,7,21.07888983650543,3.086416401857106,4.871329504284449,1.6574927730908458,-6.532369588228188,True,derivative_root
taper,shuffled_rates,0,101,peak_13,19,23.134331266747964,-1.6204881812575336,0.1554989641046085,0.28748687822139235,-9.11260689354897,True,derivative_root
taper,shuffled_rates,0,101,peak_14,8,25.0332911810586,3.4903076336919474,5.676012404272338,1.3392741899595308,-18.212925962217277,True,derivative_root
taper,shuffled_rates,0,101,peak_15,17,26.792086607100554,-0.5376720208496123,0.5222809234642584,0.6589765379812264,-4.745357168165303,True,derivative_root
taper,shuffled_rates,0,101,peak_16,9,30.482138813572615,3.327834994255897,5.8856549994966105,1.3981183170069529,-19.771171662644925,True,derivative_root
taper,shuffled_rates,0,101,peak_17,10,32.76233330874016,2.9923220980698915,3.74146600871157,1.240645401984847,-14.054557889074962,True,derivative_root
taper,shuffled_rates,0,101,peak_18,13,34.720495187541765,-2.0964303150088766,0.32425827366743176,0.35952961922276927,-10.870117003234993,True,derivative_root
taper,shuffled_rates,0,151,peak_1,1,0.9761032560538974,3.8647904386983027,6.11305975383172,0.816417322618431,-47.012665872597935,True,derivative_root
taper,shuffled_rates,0,151,peak_2,14,2.439689078121802,2.081840359544786,2.162542601823847,0.9408089529813172,-14.120265109283267,True,derivative_root
taper,shuffled_rates,0,151,peak_3,2,4.727941894712793,0.5358176126660834,0.13740105147492504,0.3758513246720135,-4.613006628677302,True,derivative_root
taper,shuffled_rates,0,151,peak_4,15,6.095634521788384,-0.17032184429566438,0.27015548903217,0.41562285917565234,-7.422907662823058,True,derivative_root
taper,shuffled_rates,0,151,peak_5,3,7.061913582580632,0.010070104663835499,0.47362572816076376,0.5103342811883949,-8.745708797842394,True,derivative_root
taper,shuffled_rates,0,151,peak_6,4,9.235424318760288,0.6519874200047141,1.4965448034328244,1.668396263257857,-4.396007351760311,True,derivative_root
taper,shuffled_rates,0,151,peak_7,16,12.48765494054243,0.020193664186962106,0.3378735554104663,0.4059173793230656,-9.428930118903297,True,derivative_root
taper,shuffled_rates,0,151,peak_8,5,14.176508579600263,4.414000637959804,7.004896721587094,1.604263806010701,-16.00114863111777,True,derivative_root
taper,shuffled_rates,0,151,peak_9,11,16.18841156501618,-0.8498695742552247,0.6803411938948946,0.6665388111660917,-6.158934811097149,True,derivative_root
taper,shuffled_rates,0,151,peak_10,18,17.9260688324864,-0.415869042247806,1.1749043369265677,1.6719194152959262,-5.093667959261509,True,derivative_root
taper,shuffled_rates,0,151,peak_11,6,18.797516674536627,-0.44551765112452557,0.20963058387191902,0.3435286827422374,-8.285094844620161,True,derivative_root
taper,shuffled_rates,0,151,peak_12,7,21.050183975853383,3.280371582816468,5.090727116110529,1.567212958784728,-9.316590391624826,True,derivative_root
taper,shuffled_rates,0,151,peak_13,19,23.108016646334555,-1.5553258339083493,0.10605407307115278,0.23344303401664207,-8.972360584683384,True,derivative_root
taper,shuffled_rates,0,151,peak_14,8,25.02780881003384,3.547724362237925,5.708302266674585,1.3196131385162801,-18.623853069941443,True,derivative_root
taper,shuffled_rates,0,151,peak_15,17,26.79306135817003,-0.4297265167461616,0.7546252482323969,0.6886687780829676,-6.490267400211708,True,derivative_root
taper,shuffled_rates,0,151,peak_16,20,28.1263647498747,-1.6228046839000807,0.1395170738560556,0.2631278720028149,-9.328681330030916,True,derivative_root
taper,shuffled_rates,0,151,peak_17,9,30.493376365707334,3.5117993594707686,6.06633898633816,1.3253522121613344,-23.88534678693907,True,derivative_root
taper,shuffled_rates,0,151,peak_18,10,32.8110861037837,2.9855641918433973,3.8278492737835936,1.276966813476139,-12.547263520120048,True,derivative_root
taper,shuffled_rates,0,151,peak_19,13,34.691624501044586,-1.9088046455626513,0.551466488043127,0.40133070085174727,-15.378688914600106,True,derivative_root
taper,shuffled_rates,0,211,peak_1,1,0.8990282659773787,4.433820630562529,6.683618856257398,0.7056461064219864,-65.54009308094746,True,derivative_root
taper,shuffled_rates,0,211,peak_2,14,2.249058882570781,2.2795284045007134,2.7503734759047878,0.9223920916699332,-21.711709679521547,True,derivative_root
taper,shuffled_rates,0,211,peak_3,21,3.3913723059419576,1.0994157061468153,0.2837758983158619,0.3853320824408091,-8.890668471933466,True,derivative_root
taper,shuffled_rates,0,211,peak_4,2,4.6702917322890425,0.737130508938189,0.6231972222660913,0.6005055423922876,-9.174807098673215,True,derivative_root
taper,shuffled_rates,0,211,peak_5,15,6.035163200617045,-0.12833516855498842,0.25590763284873785,0.3709664872355454,-8.713919344766296,True,derivative_root
taper,shuffled_rates,0,211,peak_6,3,7.05320516839726,0.07935584319083769,0.5847824168864925,0.5063126223634768,-10.913690658193804,True,derivative_root
taper,shuffled_rates,0,211,peak_7,4,9.287356200996566,0.6864557626601154,1.5794798019697116,1.716421596261553,-5.550693293412135,True,derivative_root
taper,shuffled_rates,0,211,peak_8,16,12.497070676195355,0.024038040252110475,0.30542440828247913,0.38483829480364307,-9.443121896100811,True,derivative_root
taper,shuffled_rates,0,211,peak_9,5,14.1967209196649,4.518817918899898,7.079946861027871,1.551637112837699,-18.034779511870155,True,derivative_root
taper,shuffled_rates,0,211,peak_10,11,16.06534663700861,-0.9070902461824945,0.4615056721746388,0.5693805926685258,-7.784370433226044,True,derivative_root
taper,shuffled_rates,0,211,peak_11,18,18.085214895316003,-0.38482194884032245,0.9849950217975176,1.4319863060695441,-4.97131735502422,True,derivative_root
taper,shuffled_rates,0,211,peak_12,7,21.01262175950179,3.546112655253495,5.299038788320355,1.4347388616542418,-15.10607051612453,True,derivative_root
taper,shuffled_rates,0,211,peak_13,19,23.16216997109328,-1.595626117435881,0.1201507272313802,0.261001531725816,-8.38218976131695,True,derivative_root
taper,shuffled_rates,0,211,peak_14,8,25.006862313226925,3.649798233118152,5.651917366897786,1.2456278639968106,-21.113530243378452,True,derivative_root
taper,shuffled_rates,0,211,peak_15,17,26.769365035494584,-0.4855407202056146,0.6497230234412295,0.7089922169721263,-4.707438249077918,True,derivative_root
taper,shuffled_rates,0,211,peak_16,9,30.476746304357714,3.6210584308956997,6.159793855506254,1.2637834418084026,-26.467889235925767,True,derivative_root
taper,shuffled_rates,0,211,peak_17,10,32.85353693043521,3.072341646654569,3.8889307981087518,1.2270315969586023,-14.062534220624524,True,derivative_root
taper,shuffled_rates,0,211,peak_18,13,34.66700731596702,-1.8070044032706476,0.6706911367727495,0.4127268112767524,-18.19100366512684,True,derivative_root
hard,shuffled_rates,1,5,peak_1,1,2.548197809146114,2.022644843845903,5.089597694178616,4.414179562162261,-2.174354676143518,True,derivative_root
hard,shuffled_rates,1,5,peak_2,2,4.650926415038413,0.7313214415121245,0.3390640705913821,0.672505883169444,-3.1803252890906997,True,derivative_root
hard,shuffled_rates,1,5,peak_3,3,6.7200166628744755,0.48810871175837295,1.4645756347457333,1.3150774219896242,-3.438784389790441,True,derivative_root
hard,shuffled_rates,1,5,peak_4,4,9.949236860424008,0.2401801006204563,1.0880690691398314,1.60108431438439,-2.374180004726788,True,derivative_root
hard,shuffled_rates,1,5,peak_5,5,13.852068040787078,2.6347091774275677,5.329872515619581,3.187221238468793,-1.9637119403605283,True,derivative_root
hard,shuffled_rates,1,5,peak_6,6,21.136820336012324,1.9984596005495596,4.66403744568335,2.782032325997517,-2.2697070706540954,True,derivative_root
hard,shuffled_rates,1,5,peak_7,7,25.11405043875826,1.8249307176457195,3.925584290811426,2.603985596829665,-2.174957423106802,True,derivative_root
hard,shuffled_rates,1,5,peak_8,8,28.077373401440823,-2.245966825740069,0.21028748279321263,0.4597279598569628,-4.325348976529184,True,derivative_root
hard,shuffled_rates,1,5,peak_9,9,30.241829665457786,1.461339525212262,0.7121600461904747,1.0587572571054011,-2.606875484699257,True,derivative_root
hard,shuffled_rates,1,5,peak_10,10,32.47545488277456,2.0511353777949513,4.5952791421652925,4.640269683454796,-2.3292484586350417,True,derivative_root
hard,shuffled_rates,1,7,peak_1,1,2.1567011519478276,2.2731408241740017,4.726200433729993,4.382531100562587,-3.816545889517572,True,derivative_root
hard,shuffled_rates,1,7,peak_2,2,4.711775061444185,1.3534717675347216,1.0862794852575193,0.9689551785909387,-4.866680487862354,True,derivative_root
hard,shuffled_rates,1,7,peak_3,3,7.179088580785488,0.16434339776966997,1.1709979670347357,2.4983901386762613,-4.165777830089217,True,derivative_root
hard,shuffled_rates,1,7,peak_4,11,8.446343058401842,0.033003278282287885,0.2700305404131128,0.6406535650633103,-2.9343175235978145,True,derivative_root
hard,shuffled_rates,1,7,peak_5,4,10.429095443110636,-0.027318951756799985,0.7790766386693035,0.8105739480349812,-5.044622671030504,True,derivative_root
hard,shuffled_rates,1,7,peak_6,5,14.147770952724624,3.078476946178592,5.836139121466848,2.9291678369011294,-3.6031125129058217,True,derivative_root
hard,shuffled_rates,1,7,peak_7,12,18.400431728411654,-0.7591287716110771,0.9003058357768565,1.2603769864728407,-2.1609150906482046,True,derivative_root
hard,shuffled_rates,1,7,peak_8,6,21.077296021914552,2.6296429235088583,4.920715371999947,2.2252764641144096,-3.7720882007475054,True,derivative_root
hard,shuffled_rates,1,7,peak_9,7,24.74814402038889,2.1009618291052865,4.821929027955009,2.8061968134278574,-4.014269873224881,True,derivative_root
hard,shuffled_rates,1,7,peak_10,8,27.898519119395395,-1.8265518532523468,0.2277219358797482,0.45506388079127763,-4.831776511269249,True,derivative_root
hard,shuffled_rates,1,7,peak_11,9,30.40282497958529,2.0131007550291327,4.719335071293761,4.619611488743106,-4.06332715801527,True,derivative_root
hard,shuffled_rates,1,7,peak_12,13,33.043455500802594,1.731809083732485,0.689810279061384,0.8305798204130554,-4.2380113465547655,True,derivative_root
hard,shuffled_rates,1,11,peak_1,1,1.86099157138885,2.3214902088284375,4.3453135836546775,4.132883158337727,-5.820633212118661,True,derivative_root
hard,shuffled_rates,1,11,peak_2,2,4.466011528203825,1.445930982010002,0.8716731271326346,0.8363908965254994,-5.910672313870302,True,derivative_root
hard,shuffled_rates,1,11,peak_3,3,6.97068140544141,0.4189071067608085,1.523486961483374,1.2816040939395217,-5.900362046116145,True,derivative_root
hard,shuffled_rates,1,11,peak_4,11,8.777605369795381,0.254474838419304,1.2087616696667454,1.242925342834768,-3.69848008361443,True,derivative_root
hard,shuffled_rates,1,11,peak_5,5,14.243411307800587,3.5600658242291474,6.906836226191066,3.0014760089994654,-5.668405921188697,True,derivative_root
hard,shuffled_rates,1,11,peak_6,14,16.639308827530048,-1.2081942670138077,0.5697024056121591,0.6027810389059,-7.242800233857308,True,derivative_root
hard,shuffled_rates,1,11,peak_7,15,17.73876450080905,-1.1403998114586613,0.34082653852827094,0.5330052496714786,-5.411555818997996,True,derivative_root
hard,shuffled_rates,1,11,peak_8,6,21.472190376101796,2.2084674276016405,4.040080804320189,2.4398800448466376,-5.102495989167575,True,derivative_root
hard,shuffled_rates,1,11,peak_9,7,24.797089673162542,2.6138415488804174,5.242537383025169,1.9623882726364288,-6.043954116650811,True,derivative_root
hard,shuffled_rates,1,11,peak_10,8,27.76702318179623,-1.4026500909217219,0.13811844120904437,0.35073060788494104,-5.00524394704262,True,derivative_root
hard,shuffled_rates,1,11,peak_11,9,30.31313061172081,2.490567515750306,4.955694748894129,4.342488894748231,-6.210957945906991,True,derivative_root
hard,shuffled_rates,1,11,peak_12,13,32.946882605480475,2.2012384754674925,1.7969542886433567,1.2352231628639516,-6.0101431344949585,True,derivative_root
hard,shuffled_rates,1,17,peak_1,1,1.5563154413221258,2.5971511250714534,4.549463660654472,3.8459198063092455,-10.546615712077038,True,derivative_root
hard,shuffled_rates,1,17,peak_2,16,3.5913145090228897,1.5141897328971006,1.108920060571044,1.2941624645042298,-4.572214504735454,True,derivative_root
hard,shuffled_rates,1,17,peak_3,17,6.150850334401671,0.05894070742813238,0.47298606213627664,0.6265886014187174,-7.351442067851198,True,derivative_root
hard,shuffled_rates,1,17,peak_4,11,8.48552750942237,0.3773206749412385,1.0800624492699835,1.0654349344337946,-6.779075951716068,True,derivative_root
hard,shuffled_rates,1,17,peak_5,4,10.35850245370257,-0.44825032523052893,0.3808446579913001,0.7219486680244729,-2.7518864651849038,True,derivative_root
hard,shuffled_rates,1,17,peak_6,5,14.125910319033409,3.8695133686283008,7.540435669813229,2.6846820808214176,-9.662059845948328,True,derivative_root
hard,shuffled_rates,1,17,peak_7,14,16.497291458615294,-0.7423458860605516,0.8262259367001337,0.6322427679839194,-9.668381793385677,True,derivative_root
hard,shuffled_rates,1,17,peak_8,12,18.747807193606167,-0.4551790685209043,1.232637764219016,0.9536742074724629,-7.924356410719661,True,derivative_root
hard,shuffled_rates,1,17,peak_9,6,21.133025568809572,2.8135796579472334,5.1827654210499485,1.9683921838870475,-3.7610412699671287,True,derivative_root
hard,shuffled_rates,1,17,peak_10,7,25.152894606868646,2.6464669049947376,4.677713485289853,1.9924299379238761,-9.976628324120213,True,derivative_root
hard,shuffled_rates,1,17,peak_11,8,27.842723327737275,-0.6333746978856202,1.4036546529805871,0.7641058234046341,-10.948578974484784,True,derivative_root
hard,shuffled_rates,1,17,peak_12,9,30.291026308817255,3.136218147389687,5.791218492002088,1.678780279932539,-10.805674121269625,True,derivative_root
hard,shuffled_rates,1,17,peak_13,13,32.80165341435191,2.48252423365866,2.475206356695291,1.3111520375076964,-8.376062106466936,True,derivative_root
hard,shuffled_rates,1,29,peak_1,1,1.3138494529839642,2.9624324178489236,4.875606156722134,1.148528680491682,-18.749439830442324,True,derivative_root
hard,shuffled_rates,1,29,peak_2,16,3.120750197437473,2.072088484455799,1.988866355446403,0.9660275322392714,-9.448963097310735,True,derivative_root
hard,shuffled_rates,1,29,peak_3,2,4.79137715363737,1.0094946915993643,0.7419050126756341,0.7305735940633604,-6.2298403061756416,True,derivative_root
hard,shuffled_rates,1,29,peak_4,3,6.934475910779008,0.41425208727451357,1.348737191751204,0.9516118718242574,-10.501655748773866,True,derivative_root
hard,shuffled_rates,1,29,peak_5,11,8.608503317583663,0.4194301557798057,1.3664417876785484,1.1126033210276873,-5.335226204592205,True,derivative_root
hard,shuffled_rates,1,29,peak_6,4,10.348724419526906,-0.437060855083711,0.3618912161814297,0.6055155961893761,-4.449872086342777,True,derivative_root
hard,shuffled_rates,1,29,peak_7,18,12.459076560980957,0.0250762287258319,0.3310417408885259,0.4611606397714312,-7.148074813074571,True,derivative_root
hard,shuffled_rates,1,29,peak_8,5,14.082363742528223,4.091907396389847,7.058482295331181,1.9343562706030468,-9.176539768054841,True,derivative_root
hard,shuffled_rates,1,29,peak_9,14,16.376751454286026,-0.8094319966437598,0.3863484200787338,0.4305007724250146,-9.803915752656454,True,derivative_root
hard,shuffled_rates,1,29,peak_10,12,18.834575693298095,-0.7100503162130876,0.7260584701669519,0.9756866667945929,-5.919310320578175,True,derivative_root
hard,shuffled_rates,1,29,peak_11,6,21.129255210266773,3.0981718296695377,4.71335560195136,1.6781065757482994,-6.686241975899838,True,derivative_root
hard,shuffled_rates,1,29,peak_12,7,25.076755132783756,3.4168475539132404,5.899250308652664,1.3924316595331192,-16.985404615311793,True,derivative_root
hard,shuffled_rates,1,29,peak_13,19,27.037036129566573,-1.0178908937068207,0.4460442394766868,0.9558680948321922,-1.7387188910855533,True,derivative_root
hard,shuffled_rates,1,29,peak_14,9,30.566046959053732,3.3022140654352405,3.951934001567727,1.1581352080989233,-15.978434327555057,True,derivative_root
hard,shuffled_rates,1,29,peak_15,13,32.85195065325767,3.4176143901457454,6.232742326304907,1.4719111303821593,-16.375551160760633,True,derivative_root
hard,shuffled_rates,1,29,peak_16,20,34.86446698888658,-1.3552426180176513,0.12331896071648218,0.1838839853627917,-14.874983859226045,True,derivative_root
hard,shuffled_rates,1,47,peak_1,1,1.11294373173019,3.518644008032164,5.646615424724676,0.8945516837917055,-33.47541539759609,True,derivative_root
hard,shuffled_rates,1,47,peak_2,16,2.772302674529323,2.529628723481818,2.9255328769193416,0.8832035491163094,-19.219138418002764,True,derivative_root
hard,shuffled_rates,1,47,peak_3,2,4.364475522058084,1.7503548983741626,1.690203418910093,0.7561961374144908,-13.37399778727261,True,derivative_root
hard,shuffled_rates,1,47,peak_4,17,6.0669317156516005,0.4272548944742275,1.072172007290689,0.5671842469107603,-16.424308237184928,True,derivative_root
hard,shuffled_rates,1,47,peak_5,3,7.298106026995801,-0.003946553776688233,0.523306904161118,0.8323921446899107,-3.0673848217024746,True,derivative_root
hard,shuffled_rates,1,47,peak_6,11,9.068603917563237,0.4057290385651321,1.140222147085853,0.8979714588782799,-7.180856779487722,True,derivative_root
hard,shuffled_rates,1,47,peak_7,4,10.666357190605009,-0.32097145741848,0.8529307851725767,0.6454339396534764,-9.8158235018571,True,derivative_root
hard,shuffled_rates,1,47,peak_8,18,12.462849001936434,0.47945018136046513,0.9597543490199454,0.550569511678708,-14.949599974586132,True,derivative_root
hard,shuffled_rates,1,47,peak_9,5,14.102422537510309,4.597446290561306,7.473365205282162,1.566613079871405,-16.79640482907854,True,derivative_root
hard,shuffled_rates,1,47,peak_10,21,17.66832029497089,-0.9794766666694821,0.5657851571114333,0.4747741394155156,-11.97209677287518,True,derivative_root
hard,shuffled_rates,1,47,peak_11,12,18.97036664164802,-0.42588635040833583,0.8469543630135865,0.5777572816323698,-12.521867575719739,True,derivative_root
hard,shuffled_rates,1,47,peak_12,6,21.051357573937892,3.318992238023103,4.817797945662104,1.491512165836403,-6.666687841762997,True,derivative_root
hard,shuffled_rates,1,47,peak_13,22,23.243660983233177,-0.8363776501063035,0.11270535974989371,0.2412763998542829,-8.887921455870073,True,derivative_root
hard,shuffled_rates,1,47,peak_14,7,25.03829205815167,3.608299489812878,5.9670244108173645,1.2917948579086926,-19.48860642723661,True,derivative_root
hard,shuffled_rates,1,47,peak_15,19,26.792672022399792,-0.7693793776952476,0.7916742629434342,0.8509831701957808,-4.620522692613157,True,derivative_root
hard,shuffled_rates,1,47,peak_16,8,28.219933087674878,-1.9450051626699525,0.16483521346618768,0.28507499668720016,-9.339021597576986,True,derivative_root
hard,shuffled_rates,1,47,peak_17,9,30.514448874028304,3.5901399523353787,6.0794710233164775,1.4234103659596542,-19.737631278143212,True,derivative_root
hard,shuffled_rates,1,47,peak_18,13,32.807683917396744,3.030812435998041,3.484259763615731,1.2006934639286613,-11.441212224072244,True,derivative_root
hard,shuffled_rates,1,71,peak_1,1,1.0035605695980687,4.029407542179672,5.587450991507085,0.7209986464394862,-48.676049968422255,True,derivative_root
hard,shuffled_rates,1,71,peak_2,16,2.524673103797196,2.730199309870583,3.581983795663432,0.874567151969659,-22.62081222493805,True,derivative_root
hard,shuffled_rates,1,71,peak_3,2,4.019792915521933,1.85819022737994,1.875453930062381,0.7673676841542346,-15.760352566142823,True,derivative_root
hard,shuffled_rates,1,71,peak_4,23,5.348504786515747,0.41232820381913665,0.5400996332313098,0.45684297252104644,-12.375507839073972,True,derivative_root
hard,shuffled_rates,1,71,peak_5,3,6.979762755926811,0.5649933520697151,1.2419324722394829,0.5985613579282785,-17.391633250304416,True,derivative_root
hard,shuffled_rates,1,71,peak_6,24,8.473794253456683,0.4597927173908546,1.4905610445199544,0.9559880523008744,-9.623214254126486,True,derivative_root
hard,shuffled_rates,1,71,peak_7,25,9.585150560242162,-0.2812572076624369,0.1350234036217401,0.3752404682961313,-4.627611910804497,True,derivative_root
hard,shuffled_rates,1,71,peak_8,18,12.593440928572194,0.39079545037312324,0.4516157687532856,0.3978100652635703,-13.073781753109252,True,derivative_root
hard,shuffled_rates,1,71,peak_9,5,14.16924640615154,4.661143048106217,7.3685142500738685,1.504914661825248,-20.653872329285658,True,derivative_root
hard,shuffled_rates,1,71,peak_10,21,17.652757922485566,-0.9969651737200824,0.5489612603263113,0.4910932604006888,-11.010165657053363,True,derivative_root
hard,shuffled_rates,1,71,peak_11,12,18.925299735901586,-0.4626143962858109,0.7591115276746022,0.5466034380083243,-12.633930961213391,True,derivative_root
hard,shuffled_rates,1,71,peak_12,6,21.120179401740515,3.4176332663736497,4.87536447712692,1.475845592420717,-10.199963394637145,True,derivative_root
hard,shuffled_rates,1,71,peak_13,22,23.203144036137317,-0.7932018126183361,0.3466649688688318,0.37030520961043867,-12.02964002272731,True,derivative_root
hard,shuffled_rates,1,71,peak_14,7,25.007244267112963,3.4616195918691233,5.826320175571288,1.3928589301220684,-18.8314446006209,True,derivative_root
hard,shuffled_rates,1,71,peak_15,19,27.079323739871754,-0.8488370695538211,0.6961510719747489,0.9357695540559405,-4.542401631979654,True,derivative_root
hard,shuffled_rates,1,71,peak_16,8,28.236383588968003,-2.0417860587142918,0.1705124298574443,0.3020111349081049,-8.736778590667658,True,derivative_root
hard,shuffled_rates,1,71,peak_17,9,30.472047293344605,3.625174063302072,6.005112071822536,1.3909110295026665,-21.234340633610756,True,derivative_root
hard,shuffled_rates,1,71,peak_18,13,32.859540141843546,3.2044256684112726,3.5025365785641585,1.0884806688085973,-14.201536462412822,True,derivative_root
hard,shuffled_rates,1,71,peak_19,20,34.76452451743379,-1.6048280538756574,0.30558932394292926,0.30463656905877773,-13.68764732299197,True,derivative_root
hard,shuffled_rates,1,101,peak_1,1,0.9210634625061026,4.613467526513127,7.525374683773977,0.7213393348796355,-67.43750401565094,True,derivative_root
hard,shuffled_rates,1,101,peak_2,16,2.3324620740691717,3.048917656353344,4.38962581939274,0.8182498177040547,-33.957836666562066,True,derivative_root
hard,shuffled_rates,1,101,peak_3,2,3.706786923118623,2.0454480772598767,2.130377015398705,0.701377271140747,-21.038803362432777,True,derivative_root
hard,shuffled_rates,1,101,peak_4,23,5.001956488449904,1.0061758569946595,0.9648642465413602,0.5741121300556948,-12.777334836584465,True,derivative_root
hard,shuffled_rates,1,101,peak_5,17,6.401955169705168,0.34996617934626967,1.5792328657284216,1.0563094449617183,-10.207078436171383,True,derivative_root
hard,shuffled_rates,1,101,peak_6,26,7.919086687801922,-0.053099776264537255,0.25423686149947944,0.44644422928762284,-5.918769585045097,True,derivative_root
hard,shuffled_rates,1,101,peak_7,11,9.112504984745625,0.3086374995897685,0.9247554733348601,0.7832133412850312,-8.29043069421424,True,derivative_root
hard,shuffled_rates,1,101,peak_8,4,10.55446315226643,-0.39921891995448117,0.6322201266947267,0.5762309449973415,-8.90843193682694,True,derivative_root
hard,shuffled_rates,1,101,peak_9,18,12.54167153173315,0.14868100825803224,0.32382865576028563,0.4020190389797705,-9.462312763233488,True,derivative_root
hard,shuffled_rates,1,101,peak_10,5,14.172969538240176,4.5261914188494865,6.436150082671317,1.441433547306437,-18.548731057187243,True,derivative_root
hard,shuffled_rates,1,101,peak_11,21,17.6758433834669,-1.1662821622019937,0.17457148265371303,0.41272766986762977,-5.5505946287219015,True,derivative_root
hard,shuffled_rates,1,101,peak_12,12,18.871044802026425,-0.6862145997201821,0.3643597981162434,0.42556610187512267,-10.06063497961422,True,derivative_root
hard,shuffled_rates,1,101,peak_13,6,21.109272867509752,3.7400729110074997,6.035059921878476,1.4581303094099498,-15.943079955269644,True,derivative_root
hard,shuffled_rates,1,101,peak_14,27,22.570157746474077,-1.0361907522506093,0.1962880938949345,0.332975767181128,-8.447869104452728,True,derivative_root
hard,shuffled_rates,1,101,peak_15,7,25.074986526506233,3.6048985107898597,4.869067597535761,1.0994095923583558,-19.84177684157317,True,derivative_root
hard,shuffled_rates,1,101,peak_16,19,26.755294929903133,-0.639407569532868,1.0926715867387813,0.8240726738715183,-8.023418961563873,True,derivative_root
hard,shuffled_rates,1,101,peak_17,8,28.174970988062807,-1.8255475540881352,0.21551503244850156,0.2858892801183743,-12.276274110513391,True,derivative_root
hard,shuffled_rates,1,101,peak_18,9,30.50495514849749,3.7442166101655223,6.373308745103755,1.3940461235028125,-25.771372385452075,True,derivative_root
hard,shuffled_rates,1,101,peak_19,13,32.91677260830849,3.0120529110033254,3.414027054320897,1.201488176630727,-8.748976479490974,True,derivative_root
hard,shuffled_rates,1,101,peak_20,20,34.76274946525361,-1.3143552109571286,0.4792515752932063,0.31013539418028135,-20.964415517760308,True,derivative_root
hard,shuffled_rates,1,151,peak_1,1,0.8356292679909076,5.489391634696202,7.960241807967913,0.6051759207331704,-98.76158565213093,True,derivative_root
hard,shuffled_rates,1,151,peak_2,16,2.145516635781368,3.5030763687793516,5.518303760235407,0.7416980969488602,-52.779856379153124,True,derivative_root
hard,shuffled_rates,1,151,peak_3,2,3.409171906839663,2.37504647783242,2.6957607535743686,0.6483517811485247,-31.88636178083863,True,derivative_root
hard,shuffled_rates,1,151,peak_4,23,4.6319441073210506,1.7256769232137048,1.8659474811799088,0.5818185376554347,-26.767691219153264,True,derivative_root
hard,shuffled_rates,1,151,peak_5,17,5.993051903317931,0.4271896576023614,1.3026445326802758,0.5503818822604686,-22.19992526944885,True,derivative_root
hard,shuffled_rates,1,151,peak_6,3,7.10706262937322,0.5763629642230887,1.4794244742636142,0.564906412150512,-23.25087941306697,True,derivative_root
hard,shuffled_rates,1,151,peak_7,24,8.457900936879891,0.5339185313030234,1.5705405521643154,0.7769453908728565,-16.321399977878126,True,derivative_root
hard,shuffled_rates,1,151,peak_8,25,9.544692589532145,-0.07271281609997787,0.2842911213058989,0.41634131669757296,-8.003904689850398,True,derivative_root
hard,shuffled_rates,1,151,peak_9,4,10.733207121730878,-0.561588203933379,0.508823909120715,0.530280038431188,-7.454728298873023,True,derivative_root
hard,shuffled_rates,1,151,peak_10,18,12.472495538674169,0.15951127436308296,0.3369645633235816,0.3925625256579466,-10.2581825549111,True,derivative_root
hard,shuffled_rates,1,151,peak_11,5,14.235014749969654,4.689464646922467,6.711411203352224,1.4090018715546535,-23.847180288939825,True,derivative_root
hard,shuffled_rates,1,151,peak_12,28,15.666356991304454,-0.041445197161269154,0.2383716261524801,0.3507218949478045,-8.944977970491426,True,derivative_root
hard,shuffled_rates,1,151,peak_13,29,16.910467202734754,-1.6569728574341094,0.15610813137963664,0.4329923702572046,-4.462587381538151,True,derivative_root
hard,shuffled_rates,1,151,peak_14,30,18.30300540286819,-0.6179563520069582,0.8358295435594163,0.5877996249358063,-11.691641282545342,True,derivative_root
hard,shuffled_rates,1,151,peak_15,31,19.651990380817978,-0.1416680871213741,0.6041281729099685,0.41655650842291725,-16.034294223202938,True,derivative_root
hard,shuffled_rates,1,151,peak_16,6,20.99231583979213,4.34980167724328,6.21186260800105,1.1010217462311118,-32.14654525287135,True,derivative_root
hard,shuffled_rates,1,151,peak_17,22,23.626600263016016,-0.3609306593077151,0.20452008569338553,0.4163290175358185,-5.632372987146759,True,derivative_root
hard,shuffled_rates,1,151,peak_18,7,24.97753725728119,4.040289627601239,6.0573293104902035,1.0636450842521412,-32.078959253682484,True,derivative_root
hard,shuffled_rates,1,151,peak_19,19,26.45954351127968,-0.8986229822238,0.22866099097041181,0.3340385075791858,-9.614183659775282,True,derivative_root
hard,shuffled_rates,1,151,peak_20,32,27.329821557006145,-1.0063868513786647,0.26641842213419875,0.37829751295672054,-8.39870738851767,True,derivative_root
hard,shuffled_rates,1,151,peak_21,9,30.426432959519584,3.9538009067593127,6.315408623799616,1.2113088734698807,-31.81255898289346,True,derivative_root
hard,shuffled_rates,1,151,peak_22,13,32.908893256292586,3.5488916967841093,3.4779501080020583,0.8871388353288808,-22.56182766086307,True,derivative_root
hard,shuffled_rates,1,151,peak_23,20,34.66556450533347,-1.6406001972372615,0.6520198304637017,0.41678488522546786,-17.766218214440578,True,derivative_root
hard,shuffled_rates,1,211,peak_1,1,0.7762966061686893,6.336617387237956,9.164338764569859,0.5596347544555488,-132.7189692860416,True,derivative_root
hard,shuffled_rates,1,211,peak_2,16,2.013524332491729,3.867272101800952,5.489625305628901,0.6206578798262758,-70.7017291347256,True,derivative_root
hard,shuffled_rates,1,211,peak_3,2,3.1806365886740617,2.69863735250678,3.3227128942874202,0.6185565114246778,-42.34201698830753,True,derivative_root
hard,shuffled_rates,1,211,peak_4,23,4.358605731805978,2.0987279020164133,2.4561255230918193,0.58728503431879,-34.04637901122119,True,derivative_root
hard,shuffled_rates,1,211,peak_5,33,5.470033268541838,0.5580176883434986,1.2336527341910348,0.5021997320265846,-23.730229406055283,True,derivative_root
hard,shuffled_rates,1,211,peak_6,3,6.748980811407168,0.6737532987105946,1.7253657595374932,0.646306065065211,-19.65522801160005,True,derivative_root
hard,shuffled_rates,1,211,peak_7,26,7.9134389835359755,0.33485583166743677,1.025960498801827,0.4902156337953969,-20.43116821626016,True,derivative_root
hard,shuffled_rates,1,211,peak_8,11,9.052516976443137,0.7908746135415365,1.9126702487744733,0.6584006498499932,-23.66708095706357,True,derivative_root
hard,shuffled_rates,1,211,peak_9,4,10.289257378151406,-0.005220849257035046,1.2445942538192183,0.5577816268855585,-19.24247118917195,True,derivative_root
hard,shuffled_rates,1,211,peak_10,34,11.53623979402321,-1.0881822902506677,0.3376433330161419,0.524305298613146,-5.772425379342746,True,derivative_root
hard,shuffled_rates,1,211,peak_11,18,12.615308277268289,0.834034797533512,1.1417264554787474,0.4545071769970761,-25.94167283802005,True,derivative_root
hard,shuffled_rates,1,211,peak_12,5,14.061819741478075,4.755381353634979,7.368194930009221,1.4260974800115065,-19.721833222568442,True,derivative_root
hard,shuffled_rates,1,211,peak_13,21,17.434687718020005,-1.5461976919181286,0.14714086122620573,0.29693094237075857,-7.75514916171678,True,derivative_root
hard,shuffled_rates,1,211,peak_14,30,18.400581004098495,-0.6137272091028453,0.9167177538897109,0.6255489111636593,-11.258681360776968,True,derivative_root
hard,shuffled_rates,1,211,peak_15,31,19.67242559210211,-0.04108208183108822,0.7166239261952314,0.4154139178987237,-19.235857901549014,True,derivative_root
hard,shuffled_rates,1,211,peak_16,6,20.979783185927182,4.4104148582075275,6.4286909365099785,1.1023406774010824,-34.34971649206132,True,derivative_root
hard,shuffled_rates,1,211,peak_17,7,25.00963192500104,3.834330305032398,5.77945774559271,1.1245763062855332,-23.95579773882275,True,derivative_root
hard,shuffled_rates,1,211,peak_18,19,26.549875253422805,-0.6655281935892788,0.753317186847162,0.5052511153168154,-15.07576816021257,True,derivative_root
hard,shuffled_rates,1,211,peak_19,32,27.526805232646844,-1.2423572807779535,0.13860400847939625,0.30000319633390404,-7.284745958155101,True,derivative_root
hard,shuffled_rates,1,211,peak_20,35,29.08902978367269,-1.180234637837817,0.22860276250197265,0.24840002160227642,-16.905606430807214,True,derivative_root
hard,shuffled_rates,1,211,peak_21,9,30.394561007847727,4.21669601846391,6.652283268054367,1.0874231792916818,-38.65196165876691,True,derivative_root
hard,shuffled_rates,1,211,peak_22,13,32.85814639432735,3.7397079189601765,3.919243569547141,0.8612027422155393,-27.431304189343244,True,derivative_root
hard,shuffled_rates,1,211,peak_23,20,34.77152340728745,-1.7981761869232418,0.25235572952382435,0.2943038624507608,-12.526479709110376,True,derivative_root
taper,shuffled_rates,1,5,peak_1,1,3.152223305744728,0.9228457413750664,2.410716621468482,4.021762977380949,-0.48478172881428716,True,derivative_root
taper,shuffled_rates,1,5,peak_2,2,7.734298848813905,0.4021925015060269,1.7504856770476374,4.394723326944233,-0.6344416804436286,True,derivative_root
taper,shuffled_rates,1,5,peak_3,3,14.179793496288529,0.9991457033752479,2.9029150220722695,4.40042951485019,-0.46437492691192983,True,derivative_root
taper,shuffled_rates,1,5,peak_4,4,20.510457857138782,0.7752984643958598,2.5190076673775637,4.021192941368352,-0.5291034115530917,True,derivative_root
taper,shuffled_rates,1,5,peak_5,5,25.142549596779943,0.6832852288976414,1.9774912545389736,3.6332963742406834,-0.558744296623207,True,derivative_root
taper,shuffled_rates,1,5,peak_6,6,31.500994636801693,1.0126197357469429,2.5961163076213536,4.228688605958024,-0.46097695504905106,True,derivative_root
taper,shuffled_rates,1,7,peak_1,1,2.905649919611553,1.2759464637649356,3.2314860040889655,4.090538934653941,-0.9201807006354641,True,derivative_root
taper,shuffled_rates,1,7,peak_2,7,7.210542626508544,0.3137762398188051,1.711612011834725,4.465859293736732,-1.276122371041539,True,derivative_root
taper,shuffled_rates,1,7,peak_3,3,14.019814820303914,1.5206056029767938,3.9196736401744188,4.250894422340932,-0.8422165006304427,True,derivative_root
taper,shuffled_rates,1,7,peak_4,4,20.837600111820777,1.1170241182745584,3.2729961809303805,3.8334545765326653,-1.000142550495853,True,derivative_root
taper,shuffled_rates,1,7,peak_5,5,25.065583362470647,1.0113183639836767,2.54181820072225,3.088508826269748,-0.987627020561078,True,derivative_root
taper,shuffled_rates,1,7,peak_6,6,31.976985915060222,1.3306442078292553,3.2981093225878997,4.375341924182567,-0.9110591759469191,True,derivative_root
taper,shuffled_rates,1,11,peak_1,1,2.4272144897477386,1.634958064670203,3.9645944015839643,4.286352267053083,-2.014995549721203,True,derivative_root
taper,shuffled_rates,1,11,peak_2,8,4.481620832075391,0.8499526929804555,0.15045452072957977,0.5260404420400733,-2.3669972088288276,True,derivative_root
taper,shuffled_rates,1,11,peak_3,7,7.083390027341361,0.2612553760908124,1.481358079122074,4.46270726718745,-2.5496211832287137,True,derivative_root
taper,shuffled_rates,1,11,peak_4,9,10.180205359282363,-0.10233964358173624,0.2144524443905566,0.6397500940437368,-2.3655496744494906,True,derivative_root
taper,shuffled_rates,1,11,peak_5,3,14.060207908562951,2.214044643761941,4.701699835071382,3.4845987635209967,-1.8766061263605223,True,derivative_root
taper,shuffled_rates,1,11,peak_6,4,21.026179090360447,1.7387535071275284,4.177718661529969,2.8329633910518086,-2.0773012870254624,True,derivative_root
taper,shuffled_rates,1,11,peak_7,5,24.894027126835407,1.4733030574351433,3.4641088641565556,2.8747884660485825,-2.129696578911012,True,derivative_root
taper,shuffled_rates,1,11,peak_8,10,30.496193362241776,1.4323072367862477,3.575489672716757,4.540013957227257,-2.1447382425297032,True,derivative_root
taper,shuffled_rates,1,11,peak_9,11,32.58663373061387,1.41316387225194,0.2699353282984811,1.3876528282910727,-1.045599926765501,True,derivative_root
taper,shuffled_rates,1,17,peak_1,1,2.049373549339926,1.8450353263892108,4.114026486944278,4.31723814778526,-3.3455742581541124,True,derivative_root
taper,shuffled_rates,1,17,peak_2,8,4.486746837552882,1.0724716721563226,0.3638509932666827,0.6534540902709062,-3.792264325126637,True,derivative_root
taper,shuffled_rates,1,17,peak_3,7,6.996857920402308,0.2270939676980445,1.3090003486357238,3.206196160012132,-3.7640570630535986,True,derivative_root
taper,shuffled_rates,1,17,peak_4,12,8.589244335277515,0.044763835003275035,0.46476445089532487,0.9219976093572044,-2.6255546496922695,True,derivative_root
taper,shuffled_rates,1,17,peak_5,9,10.30572175324128,-0.2691030281737008,0.2536208660829357,0.6504500731923444,-2.5090467210733727,True,derivative_root
taper,shuffled_rates,1,17,peak_6,3,14.110202233122878,2.7908536418313696,5.504200892438508,3.091056269877497,-3.538046174935563,True,derivative_root
taper,shuffled_rates,1,17,peak_7,13,18.77228477203996,-0.8175206374612335,0.22005538977354178,0.6031842491519086,-2.8477731969010973,True,derivative_root
taper,shuffled_rates,1,17,peak_8,4,21.131315085584138,2.0692718769516993,4.416332053325258,2.5003295660230123,-1.9150686947880908,True,derivative_root
taper,shuffled_rates,1,17,peak_9,5,24.873140733596372,1.896897637536033,4.181814962606028,2.5964143180482466,-3.581838584802942,True,derivative_root
taper,shuffled_rates,1,17,peak_10,14,27.844746711795793,-1.6443303959133466,0.16752917616011365,0.41494359071420495,-4.293384673155631,True,derivative_root
taper,shuffled_rates,1,17,peak_11,10,30.401358301851634,1.907154001577164,4.227805516819272,4.439524531288856,-4.03306967850308,True,derivative_root
taper,shuffled_rates,1,17,peak_12,11,32.88987800419332,1.7361387082644146,0.8100432912386477,1.0242435987458691,-3.8354836593876396,True,derivative_root
taper,shuffled_rates,1,29,peak_1,1,1.6319981335989209,2.0096447434436895,4.133940125250685,4.316619604897497,-6.337914845257468,True,derivative_root
taper,shuffled_rates,1,29,peak_2,8,4.371847709452538,1.101386506148739,0.21867632792750435,0.5184330498626416,-3.5320398857061543,True,derivative_root
taper,shuffled_rates,1,29,peak_3,7,6.852782440964586,0.1825493860480213,0.9243108676455879,1.2000096157097504,-4.424321044769057,True,derivative_root
taper,shuffled_rates,1,29,peak_4,12,8.56415707175785,0.36876621834082446,1.2932675655906989,1.122468067980377,-5.575197660519708,True,derivative_root
taper,shuffled_rates,1,29,peak_5,9,10.408579567232294,-0.3271479933639203,0.4638518628937131,0.7560260752267141,-2.841060713601126,True,derivative_root
taper,shuffled_rates,1,29,peak_6,3,14.102028609214047,3.421863065731014,6.446333019507511,2.7600191201298716,-6.855489420399791,True,derivative_root
taper,shuffled_rates,1,29,peak_7,15,16.392966544350763,-1.066445480059964,0.12678837649143504,0.3461446683419041,-4.880007320069429,True,derivative_root
taper,shuffled_rates,1,29,peak_8,13,18.811327693720568,-0.8155485673744426,0.46082063003525375,0.8112052922917941,-4.24501140258341,True,derivative_root
taper,shuffled_rates,1,29,peak_9,4,21.2104051400659,2.5310790836047548,4.8493567814077965,2.1771311847495185,-4.816293579699918,True,derivative_root
taper,shuffled_rates,1,29,peak_10,5,25.064305535876453,2.3871153979081443,4.546228812035517,2.0684508527129566,-7.7839654984109785,True,derivative_root
taper,shuffled_rates,1,29,peak_11,14,27.77680680700137,-1.314895696037535,0.3266877703944162,0.5197076202551102,-5.392657933262346,True,derivative_root
taper,shuffled_rates,1,29,peak_12,10,30.40214623428249,2.5576335359125735,5.039612877721384,4.239680486902876,-7.914723215823704,True,derivative_root
taper,shuffled_rates,1,29,peak_13,11,32.8535524824062,2.295978527283945,1.9255363254106146,1.1525032862843432,-7.255895132230292,True,derivative_root
taper,shuffled_rates,1,47,peak_1,1,1.3745114997708094,2.3050698311543396,4.435776886063159,4.386577034411729,-12.75619748909347,True,derivative_root
taper,shuffled_rates,1,47,peak_2,16,3.0088239047210514,1.4623512047715015,0.6268914655732667,0.7942855925679151,-5.461596481948302,True,derivative_root
taper,shuffled_rates,1,47,peak_3,8,4.467571252995605,1.0195442035085909,0.2844326166694878,0.558661450217609,-3.9476947403202085,True,derivative_root
taper,shuffled_rates,1,47,peak_4,7,6.9077376824548455,0.2509970623085716,1.1147031959710794,1.233538546407427,-7.433526899158738,True,derivative_root
taper,shuffled_rates,1,47,peak_5,12,8.604993163719252,0.4944566891998247,1.3700439300972458,1.0208950707836337,-6.709491867315304,True,derivative_root
taper,shuffled_rates,1,47,peak_6,9,10.434711892969183,-0.2713831830105446,0.6582697951871311,0.7357769708087517,-4.588633152967197,True,derivative_root
taper,shuffled_rates,1,47,peak_7,17,12.519583447173856,0.14518440387428802,0.19078911809871738,0.3611728550684248,-6.527965512114147,True,derivative_root
taper,shuffled_rates,1,47,peak_8,3,14.06977511767504,3.8352393547620656,6.738801110210877,2.100603014406795,-9.112410682715758,True,derivative_root
taper,shuffled_rates,1,47,peak_9,15,16.419797824988848,-1.077099594803699,0.1642286140282052,0.36066632050220165,-5.883332273355305,True,derivative_root
taper,shuffled_rates,1,47,peak_10,13,18.855918942951043,-0.6582886633414686,0.7307211948168973,0.780885249209635,-6.808393226615323,True,derivative_root
taper,shuffled_rates,1,47,peak_11,4,21.17512972894554,2.8170373936951103,4.778869431897599,1.8889725008761873,-4.6836973675467535,True,derivative_root
taper,shuffled_rates,1,47,peak_12,5,25.09866885927148,3.004060989438048,5.24629898033815,1.560740844448003,-13.612636629183418,True,derivative_root
taper,shuffled_rates,1,47,peak_13,10,30.461099121614964,2.9886411662965804,5.708999605168653,1.8822109389093555,-12.626474810401115,True,derivative_root
taper,shuffled_rates,1,47,peak_14,11,32.86522241474989,2.727999403191862,2.7304854430426344,1.1458480082206906,-10.221334345421148,True,derivative_root
taper,shuffled_rates,1,71,peak_1,1,1.2090707407140049,2.6821551994338186,4.791743959657853,4.223208554652761,-21.284164028498203,True,derivative_root
taper,shuffled_rates,1,71,peak_2,16,2.8475297671162627,1.7944713566891803,1.2724007028977702,0.8205891770030264,-10.653464507058002,True,derivative_root
taper,shuffled_rates,1,71,peak_3,8,4.378772700359935,1.2007656291508142,0.5522678935677714,0.6185869719272241,-6.335118592793751,True,derivative_root
taper,shuffled_rates,1,71,peak_4,18,6.162434269211741,-0.09790070868066103,0.151326661499885,0.3083803812928643,-7.265056966568698,True,derivative_root
taper,shuffled_rates,1,71,peak_5,7,7.006396515549325,0.15485167528763197,0.8011257137501453,0.8049849513798577,-8.636889689534922,True,derivative_root
taper,shuffled_rates,1,71,peak_6,12,8.703697145426814,0.3943319212919242,1.1377715814285128,1.016906058933472,-4.743336441041853,True,derivative_root
taper,shuffled_rates,1,71,peak_7,9,10.473469776410221,-0.3154147090687696,0.6278373801551875,0.6905314605216518,-5.043464382915071,True,derivative_root
taper,shuffled_rates,1,71,peak_8,17,12.458676225267846,0.1860358593588561,0.4650592520038425,0.48665233871020064,-9.019264470983861,True,derivative_root
taper,shuffled_rates,1,71,peak_9,3,14.070460742735088,4.111066565874139,6.946058667625074,1.9187575297248998,-11.109417069231615,True,derivative_root
taper,shuffled_rates,1,71,peak_10,13,18.899909220922748,-0.5878720477750173,0.7778999628070964,0.6833397017292129,-8.942000958119905,True,derivative_root
taper,shuffled_rates,1,71,peak_11,4,21.115153777169382,3.0150123660806276,4.789433324095915,1.7179510748769644,-4.833333625135551,True,derivative_root
taper,shuffled_rates,1,71,peak_12,5,25.071349971327738,3.3460073850532503,5.606370856739078,1.3596909994145336,-17.14312412463721,True,derivative_root
taper,shuffled_rates,1,71,peak_13,19,26.762886917736303,-0.9639695427176915,0.4110547881156643,0.731659791665021,-3.6484529785270623,True,derivative_root
taper,shuffled_rates,1,71,peak_14,10,30.485562805937434,3.2704103733882874,5.97515587868728,1.6580473763452632,-15.917246795376764,True,derivative_root
taper,shuffled_rates,1,71,peak_15,11,32.846695065953305,2.8905952865988938,3.104837638935083,1.1702715433390551,-10.986882970317861,True,derivative_root
taper,shuffled_rates,1,101,peak_1,1,1.0926743383331536,3.077750930276529,5.074584547124776,0.938165969509889,-31.200864503429322,True,derivative_root
taper,shuffled_rates,1,101,peak_2,16,2.6656478358015594,1.9605997156731365,1.7975273208826539,0.9034222783056948,-11.021119631347023,True,derivative_root
taper,shuffled_rates,1,101,peak_3,8,4.179698179327712,1.2526488508664426,0.6050906490293202,0.6955982496006534,-6.371535317171485,True,derivative_root
taper,shuffled_rates,1,101,peak_4,18,6.139492875599151,-0.19704692964830683,0.11842351291485817,0.3068952890801526,-5.693032126402344,True,derivative_root
taper,shuffled_rates,1,101,peak_5,7,7.0034102497882085,0.19469108345726993,0.7093672400897405,0.6094772995446847,-10.096524407423804,True,derivative_root
taper,shuffled_rates,1,101,peak_6,12,8.6754533630658,0.2886157396741114,0.9994931365164721,1.106357878735632,-3.557252221266137,True,derivative_root
taper,shuffled_rates,1,101,peak_7,9,10.50563664916045,-0.4545366574591901,0.3905540219559856,0.625170944060281,-3.8963889985075406,True,derivative_root
taper,shuffled_rates,1,101,peak_8,17,12.47889409997835,0.22918540754897443,0.532258833089267,0.4851952564150153,-10.56199089877934,True,derivative_root
taper,shuffled_rates,1,101,peak_9,3,14.097572465718866,4.2708169766587165,7.032114178762702,1.7683250571119857,-13.113567613935508,True,derivative_root
taper,shuffled_rates,1,101,peak_10,20,17.73710554157231,-1.137232195606832,0.2215155840663432,0.3874605754285824,-7.052615956189654,True,derivative_root
taper,shuffled_rates,1,101,peak_11,13,18.938151084877624,-0.5824624384979332,0.6654199400096044,0.5908646518135555,-9.565103487762169,True,derivative_root
taper,shuffled_rates,1,101,peak_12,4,21.086203979956668,3.227269717175234,4.820241498179479,1.5682815835998214,-7.432452352991556,True,derivative_root
taper,shuffled_rates,1,101,peak_13,5,25.056867620956837,3.4518156799088304,5.785568522643384,1.3420373284146336,-18.074194489643247,True,derivative_root
taper,shuffled_rates,1,101,peak_14,19,26.800519463168477,-0.8636764252483594,0.6345429561450394,0.8307619919631976,-3.754040293407603,True,derivative_root
taper,shuffled_rates,1,101,peak_15,10,30.487613073934522,3.3869099383859056,5.970983216022233,1.5724719031402288,-17.608191033683347,True,derivative_root
taper,shuffled_rates,1,101,peak_16,11,32.83384637802825,3.0478998184317425,3.3583255661259304,1.1367342223364802,-12.892145357003296,True,derivative_root
taper,shuffled_rates,1,101,peak_17,21,34.839526216568665,-1.7386686326737373,0.10777419408841826,0.2122827154288018,-9.746037294153501,True,derivative_root
taper,shuffled_rates,1,151,peak_1,1,0.9803270648002267,3.6320119610434203,5.506432094753738,0.7547954045273622,-47.225826630210605,True,derivative_root
taper,shuffled_rates,1,151,peak_2,16,2.4140168390142334,2.157461467649595,2.4557469936755014,0.9395740351012851,-16.174607653899027,True,derivative_root
taper,shuffled_rates,1,151,peak_3,8,3.7702657676208213,1.2557327083191858,0.5919729040695133,0.7500133197384294,-5.115239008881561,True,derivative_root
taper,shuffled_rates,1,151,peak_4,18,6.218186945355358,-0.10493320761348941,0.12080689865972281,0.292670969698996,-6.375911920594725,True,derivative_root
taper,shuffled_rates,1,151,peak_5,7,7.004989879528417,0.08445705782247995,0.6853077738107939,1.3025010827992851,-8.529115764224313,True,derivative_root
taper,shuffled_rates,1,151,peak_6,12,8.688166955426476,0.19800077448739084,0.8580349951119346,1.1797551914099516,-2.422235616721522,True,derivative_root
taper,shuffled_rates,1,151,peak_7,9,10.507010223681588,-0.5644314279581469,0.22366259690703016,0.5361454181667525,-3.2738696662135998,True,derivative_root
taper,shuffled_rates,1,151,peak_8,17,12.517939928451316,0.2810351795972415,0.5236689929112303,0.45107021115208856,-12.107094992333414,True,derivative_root
taper,shuffled_rates,1,151,peak_9,3,14.126912063459313,4.454948621815588,7.18217095965285,1.6220165260144541,-16.292590011356474,True,derivative_root
taper,shuffled_rates,1,151,peak_10,20,17.793667144993186,-1.1423281530835574,0.1470364886615354,0.4249750933716058,-4.017218988671162,True,derivative_root
taper,shuffled_rates,1,151,peak_11,13,18.951399125561156,-0.7076399381060813,0.33009207268100726,0.4834486955122344,-7.0520987583015815,True,derivative_root
taper,shuffled_rates,1,151,peak_12,4,21.05551347870927,3.4953846711510046,5.023978422922733,1.4210009729004611,-12.019983979589984,True,derivative_root
taper,shuffled_rates,1,151,peak_13,5,25.03240259638135,3.5597295697592406,5.863013289786274,1.292741232383267,-20.370931603717253,True,derivative_root
taper,shuffled_rates,1,151,peak_14,19,26.82880872295365,-0.8939069253099404,0.5906819308874988,0.9200453714427455,-1.6249163283480899,True,derivative_root
taper,shuffled_rates,1,151,peak_15,22,28.22571426181893,-1.98758991276548,0.14284027678300149,0.2638764372275489,-9.390802590759659,True,derivative_root
taper,shuffled_rates,1,151,peak_16,10,30.4657824585783,3.4883236815537275,5.9410011859249785,1.497504724483389,-19.8340183194514,True,derivative_root
taper,shuffled_rates,1,151,peak_17,11,32.83424080649353,3.1598375804386007,3.473952950795124,1.0992910449255249,-14.315786707136963,True,derivative_root
taper,shuffled_rates,1,151,peak_18,21,34.80212464531235,-1.6761407013490142,0.19822692258693375,0.2581009493308443,-12.184659351228152,True,derivative_root
taper,shuffled_rates,1,211,peak_1,1,0.9031107622611912,4.194686900366604,6.000093350205379,0.6580427216863964,-65.28741104200364,True,derivative_root
taper,shuffled_rates,1,211,peak_2,16,2.254148959112954,2.407571157452391,3.1378637883218694,0.8874721414946759,-25.68494082865776,True,derivative_root
taper,shuffled_rates,1,211,peak_3,8,3.52776789336991,1.4178360186163337,0.7379729873808198,0.5920832984812926,-11.238817289470981,True,derivative_root
taper,shuffled_rates,1,211,peak_4,23,4.594807486716453,0.9204920760719978,0.18367888680042654,0.3636448727514733,-6.5724952857224554,True,derivative_root
taper,shuffled_rates,1,211,peak_5,18,6.1514658762617875,-0.054602264010439806,0.2555962802033815,0.37492634713195516,-8.299644590580632,True,derivative_root
taper,shuffled_rates,1,211,peak_6,7,7.035648806020672,0.10634222831833846,0.7128154794833602,0.6463757129008102,-10.25680200507556,True,derivative_root
taper,shuffled_rates,1,211,peak_7,12,8.623773248790023,0.1826428671110043,0.7983126194453418,1.1617194916560736,-3.301051377629987,True,derivative_root
taper,shuffled_rates,1,211,peak_8,9,10.479753085281558,-0.611863459958159,0.14700774172962694,0.43121679914633404,-3.5883083003711542,True,derivative_root
taper,shuffled_rates,1,211,peak_9,17,12.539339135955029,0.3021175341514091,0.4786910373948058,0.4197474776073065,-12.747133291598528,True,derivative_root
taper,shuffled_rates,1,211,peak_10,3,14.152102285214603,4.561916638242931,7.195460416405696,1.5303232936153677,-18.22310812851986,True,derivative_root
taper,shuffled_rates,1,211,peak_11,4,21.019815182273593,3.7981857239301533,5.942543748634517,1.3823257451291824,-18.827352603318943,True,derivative_root
taper,shuffled_rates,1,211,peak_12,5,25.007439685172415,3.7157719045041593,5.391252926709407,1.1261891933385442,-24.116344663214452,True,derivative_root
taper,shuffled_rates,1,211,peak_13,19,26.62559429121941,-0.9718012729279815,0.39602505819541256,1.021534457881819,-4.1731191150568865,True,derivative_root
taper,shuffled_rates,1,211,peak_14,10,30.440799628801276,3.640080829340043,6.053857623871508,1.4056033595650945,-23.806987168858054,True,derivative_root
taper,shuffled_rates,1,211,peak_15,11,32.85203783070887,3.295770063094226,3.501539182841719,1.0213729087286196,-17.121915248421402,True,derivative_root
taper,shuffled_rates,1,211,peak_16,21,34.772489779311066,-1.6893184384712285,0.2617765729750079,0.29031660601884257,-13.021739416473979,True,derivative_root
