dataset,replicate,prime_cutoff,kind,feature_id,tau,value,grid_tau,grid_value,prominence,width_tau,bracket_left,bracket_right,refinement,refined_slope,refined_curvature,refinement_ok,track_id
real,0,5,peak,peak_1,2.561664568060864,1.9964674961270097,2.56,1.996464457419719,4.227468239382041,6.106133076578291,2.54,2.58,derivative_root,1.2212453270876722e-15,-2.1935127898000957,True,1
real,0,5,min,min_1,3.980501311051885,0.41126332056996207,3.98,0.41126408037483175,0.41197685728824673,0.5846367604028194,3.96,4.0,derivative_root,5.662137425588298e-15,6.044354522700446,True,2
real,0,5,peak,peak_2,4.716156926415091,0.8232619488396798,4.72,0.8232409376630785,0.41197685728824673,0.7869991618313469,4.7,4.74,derivative_root,5.255795798575491e-13,-2.844024472179415,True,3
real,0,5,min,min_2,5.741109992915028,-0.09403360786375448,5.74,-0.09402968282127444,0.6570078712056103,0.7477146455028617,5.72,5.76,derivative_root,5.495603971894525e-15,6.369865447304295,True,4
real,0,5,peak,peak_3,6.630314810737763,0.5631158454149031,6.640000000000001,0.5629781883843359,0.6570078712056103,0.9687787291787686,6.62,6.66,derivative_root,1.5987211554602254e-14,-2.933332615445421,True,5
real,0,5,min,min_3,8.971193263779389,-1.1715307316824681,8.98,-1.171327348564401,1.210292128853299,1.9416570920783534,8.96,9.0,derivative_root,-1.3766765505351941e-14,5.197235431069217,True,6
real,0,5,peak,peak_4,10.12078414980564,0.038965746213302954,10.120000000000001,0.03896478028889805,1.210292128853299,1.2547897025631118,10.1,10.14,derivative_root,1.887379141862766e-15,-3.141858259706156,True,7
real,0,5,min,min_4,11.525280486505634,-2.2311654801858203,11.52,-2.2310037819623223,4.227468239382041,1.8176189170943986,11.5,11.540000000000001,derivative_root,-1.7873480473440395e-11,11.612945058427258,True,8
real,0,5,peak,peak_5,13.844395902919421,2.6370725376076902,13.84,2.6370537723612926,6.089001828053474,3.63617670353608,13.82,13.86,derivative_root,1.4988010832439613e-15,-1.942218496979939,True,9
real,0,5,min,min_5,17.963016117454924,-2.207465964917359,17.96,-2.2074509476746034,4.213337770405212,4.26842903660267,17.94,17.98,derivative_root,-1.3655743202889425e-14,3.3234016761875838,True,10
real,0,5,peak,peak_6,21.168088164328985,2.0059591311871445,21.16,2.0058868227306084,4.213337770405212,2.699569058339355,21.14,21.18,derivative_root,5.2735593669694936e-15,-2.210811780057879,True,11
real,0,5,min,min_6,23.159712130361086,-1.366202445539827,23.16,-1.366202205730548,3.1466002587050026,1.5336957635138833,23.14,23.18,derivative_root,-3.1885605267234496e-13,5.787591032299378,True,12
real,0,5,peak,peak_7,25.075441196630898,1.7804212263498944,25.080000000000002,1.7803980529744545,3.1466002587050026,2.3022885226799192,25.060000000000002,25.1,derivative_root,6.8833827526759706e-15,-2.230291719279859,True,13
real,0,5,min,min_7,27.336960797155736,-3.4520068978190555,27.34,-3.4519480556921813,6.035725264134573,2.58176127221956,27.32,27.36,derivative_root,3.061439990403869e-14,12.764876189931826,True,14
real,0,5,peak,peak_8,30.228168185150157,1.4736890286247684,30.22,1.4736046172741164,0.7251067107356666,1.0859534841169443,30.2,30.240000000000002,derivative_root,2.220446049250313e-15,-2.5299228654127757,True,15
real,0,5,min,min_8,31.195706846138982,0.748436544957193,31.2,0.7484979065384498,0.7251067107356666,0.7698925484590973,31.18,31.220000000000002,derivative_root,-1.887379141862766e-15,6.648872491084333,True,16
real,0,5,peak,peak_9,32.48902827139491,2.06470840996401,32.480000000000004,2.064615904216774,5.4386376751961265,5.058848499585679,32.46,32.5,derivative_root,2.9976021664879227e-15,-2.2694193135011873,True,17
real,0,5,min,min_9,35.09537388860199,-2.3800303506041836,35.1,-2.3799734421713277,4.311886629610019,2.885679343101351,35.08,35.12,derivative_root,-1.9484414082171497e-14,5.309089237011659,True,18
real,0,5,peak,peak_10,37.74323171140487,1.054544349656935,37.74,1.054530687850863,1.8496782532572953,1.6733105046972787,37.72,37.76,derivative_root,1.7763568394002505e-15,-2.6163092069959246,True,19
real,0,5,min,min_10,39.224507717562474,-0.7951826758896678,39.22,-0.7951475654064324,1.8496782532572953,1.7578329818487237,39.2,39.24,derivative_root,4.481082171992057e-12,3.421994546839423,True,20
real,0,5,peak,peak_11,41.57307054679884,1.9319693220508258,41.58,1.9319131874386906,4.311886629610019,4.2205040558735485,41.56,41.6,derivative_root,4.011346810273153e-12,-2.338109846158115,True,21
real,0,5,min,min_11,43.04431677895748,0.1712470520358853,43.04,0.17130022815838042,0.32209678388504676,0.5287789592653553,43.02,43.06,derivative_root,5.3290705182007514e-14,5.68266554110546,True,22
real,0,5,peak,peak_12,43.71752202428259,0.4934054324432863,43.72,0.4933970120434272,0.32209678388504676,0.7059720658987589,43.7,43.74,derivative_root,3.241407142695607e-12,-2.7413087766866635,True,23
real,0,5,min,min_12,45.63199483167731,-3.374268769775031,45.64,-3.374021770979352,5.4386376751961265,2.5292034669015813,45.62,45.660000000000004,derivative_root,-7.382983113757291e-14,7.711436248242242,True,24
real,0,5,peak,peak_13,48.87815219687048,2.583780516167962,48.88,2.5837772084423913,5.19024112994877,3.1299406314580573,48.86,48.9,derivative_root,7.28583859910259e-15,-1.9374800831984507,True,25
real,0,5,min,min_13,51.250981941628105,-1.2592833755830557,51.26,-1.2591363301271608,2.0282456176671846,1.4035887681202985,51.24,51.28,derivative_root,-1.1102230246251565e-14,3.570583900011552,True,26
real,0,5,peak,peak_14,52.77235623743714,0.7691897338205772,52.78,0.7691092875400238,2.0282456176671846,1.701093891241817,52.76,52.800000000000004,derivative_root,2.6922908347160046e-15,-2.7539093687151843,True,27
real,0,5,min,min_14,54.52704907473976,-2.606759074584069,54.52,-2.606463921506379,5.040337176660826,2.0086721436611334,54.5,54.54,derivative_root,2.5646151868841116e-14,11.878476318093021,True,28
real,0,5,peak,peak_15,56.17614130935087,0.48310973154676284,56.18,0.4830879539419636,0.9623789562153141,1.1605307555739182,56.160000000000004,56.2,derivative_root,-4.440892098500626e-16,-2.9255541203262982,True,29
real,0,5,min,min_15,57.22766368193761,-0.4794705377048484,57.22,-0.47929100227335053,0.9623789562153141,1.1246470969138227,57.2,57.24,derivative_root,2.1649348980190553e-14,6.096513818954868,True,30
real,0,29,peak,peak_1,1.325522206221778,2.8935689493189773,1.32,2.8932867975080887,4.002869047115103,1.0012829624013224,1.3,1.34,derivative_root,-3.312550234113587e-11,-18.481105289747745,True,31
real,0,29,min,min_1,2.22448506779952,-0.042555550904748315,2.22,-0.042399513420453686,2.129602410242853,0.811752347418117,2.2,2.24,derivative_root,-1.7763568394002505e-15,15.484506807025442,True,32
real,0,29,peak,peak_2,3.144720169661242,2.087302166281617,3.14,2.087202896822399,2.129602410242853,1.0211573631685662,3.12,3.16,derivative_root,1.4432899320127035e-15,-8.892642543787668,True,33
real,0,29,min,min_2,4.1092961571361295,0.2300347123448617,4.1,0.23040170309250574,0.8692137196942075,0.6815549652588772,4.08,4.12,derivative_root,-3.774758283725532e-15,8.448108472907201,True,2
real,0,29,peak,peak_3,4.893762009669327,1.0997126089628013,4.9,1.0996154227867132,0.8692137196942075,0.871832900344632,4.88,4.92,derivative_root,-1.1882383965655663e-11,-5.0085380707743035,True,3
real,0,29,min,min_3,6.3358948108548425,-0.2317062652884735,6.34,-0.231665204786624,0.6486466568055018,0.9443732502495061,6.32,6.36,derivative_root,-1.4167556017241623e-12,4.837691964779429,True,34
real,0,29,peak,peak_4,6.958413806071923,0.41699464789412444,6.96,0.4169814520188778,0.6486466568055018,0.5427822929391937,6.94,6.98,derivative_root,-2.4424906541753444e-15,-10.483861233465657,True,5
real,0,29,min,min_4,7.816252034060372,-1.00551447910549,7.82,-1.0054487802629122,0.7335132597662366,0.6147329103848427,7.8,7.84,derivative_root,1.0864642518981782e-11,9.347967136380738,True,35
real,0,29,peak,peak_5,8.472051366209634,-0.27175168198844935,8.48,-0.27193552049667563,0.7335132597662366,0.7942202207148591,8.46,8.5,derivative_root,-1.0269562977782698e-15,-5.8540528852130675,True,36
real,0,29,min,min_5,9.698427125855027,-1.109587735266504,9.700000000000001,-1.1095822496070142,4.002869047115103,8.056071542840618,9.68,9.72,derivative_root,-6.306066779870889e-14,4.427172339947017,True,37
real,0,29,peak,peak_6,10.381530845758446,-0.61762037495335,10.38,-0.6176245576354173,0.4014764276800382,0.7977111854190844,10.36,10.4,derivative_root,-5.563882687908972e-13,-3.560929605173472,True,7
real,0,29,min,min_6,11.215986600750558,-1.0191410260737492,11.22,-1.0191009853154556,0.4014764276800382,0.6542057694768459,11.200000000000001,11.24,derivative_root,-9.851008897499014e-13,4.970411682524289,True,8
real,0,29,peak,peak_7,12.405111425398827,0.04164512411874313,12.4,0.04156758847540237,0.3427504688245825,0.5291927453682002,12.38,12.42,derivative_root,7.66053886991358e-15,-5.954911821685638,True,38
real,0,29,min,min_7,12.859772589448525,-0.3011831941249361,12.86,-0.3011828803491801,0.3427504688245825,0.3626698598496864,12.84,12.88,derivative_root,-1.1015632850330803e-12,12.130608374226645,True,39
real,0,29,peak,peak_8,14.07720997506649,4.085294950248089,14.08,4.085259674021213,7.195215152927968,1.984646319226356,14.06,14.1,derivative_root,4.70432026666856e-12,-9.05835936743846,True,9
real,0,29,min,min_8,15.848145607472489,-1.187433946940578,15.84,-1.1871832688600463,0.5151634283360274,0.5421504560165227,15.82,15.860000000000001,derivative_root,-1.083855227790309e-14,7.503063866800764,True,40
real,0,29,peak,peak_9,16.422656194005196,-0.6719854564173691,16.42,-0.672019840524019,0.5151634283360274,0.5007107484706376,16.4,16.44,derivative_root,1.4654943925052066e-14,-9.762255749028316,True,41
real,0,29,min,min_9,17.164764098819987,-1.922992024609138,17.16,-1.922879046318978,5.247566234097933,5.06921841407004,17.14,17.18,derivative_root,9.237055564881302e-14,9.907507581080832,True,42
real,0,29,peak,peak_10,17.593536148527672,-1.6499409397891207,17.6,-1.6500571050758293,0.22175428916591433,0.43501690487975564,17.580000000000002,17.62,derivative_root,-1.2545520178264269e-14,-5.5829242703192055,True,43
real,0,29,min,min_10,18.05280672547895,-1.8719679553503197,18.06,-1.8718113942417436,0.22175428916591433,0.41441665660928495,18.04,18.080000000000002,derivative_root,3.774758283725532e-15,6.016737250013518,True,10
real,0,29,peak,peak_11,18.829375097343675,-1.0141728067398588,18.82,-1.0145263938303903,0.6982489588805463,0.6465208982567947,18.8,18.84,derivative_root,1.176836406102666e-14,-8.075713431692998,True,44
real,0,29,min,min_11,19.42558500665209,-1.7129547553955389,19.42,-1.7127753527109366,0.6982489588805463,0.531340585392843,19.400000000000002,19.44,derivative_root,-1.63202784619898e-14,11.534226513387889,True,45
real,0,29,peak,peak_12,21.0563151757879,2.996176517286414,21.06,2.9961411644370055,3.959636780518847,1.5924392756529893,21.04,21.080000000000002,derivative_root,2.3225865675158275e-13,-5.205174742651503,True,11
real,0,29,min,min_12,22.440935772060904,-0.9634988661197079,22.44,-0.9634956160818415,3.959636780518847,2.6119227067536666,22.42,22.46,derivative_root,1.1601830607332886e-14,7.414711779548065,True,46
real,0,29,peak,peak_13,23.05129927121996,-0.530927862620776,23.06,-0.5311504257086685,0.24104757144806965,0.43798524590319177,23.04,23.080000000000002,derivative_root,1.917022096620258e-12,-5.874510218985808,True,47
real,0,29,min,min_13,23.474881993511115,-0.7722989455733515,23.48,-0.7721979971567382,0.24104757144806965,0.38596291347948863,23.46,23.5,derivative_root,-7.882583474838611e-15,7.690245184741768,True,12
real,0,29,peak,peak_14,25.055447294153954,3.3248640150419324,25.060000000000002,3.3246871877789546,5.247566234097933,1.3101215572222737,25.04,25.080000000000002,derivative_root,3.7059244561987725e-13,-17.058537270810767,True,13
real,0,29,min,min_14,27.90760766440987,-2.0525201399762496,27.900000000000002,-2.0524185666256476,0.1597147733062203,0.5113439663207145,27.88,27.92,derivative_root,-9.992007221626409e-16,3.5335979819372625,True,48
real,0,29,peak,peak_15,28.330468962504412,-1.8924764408042805,28.34,-1.8927037933194273,0.1597147733062203,0.39649011127418815,28.32,28.36,derivative_root,6.222133919209227e-12,-4.998008169989957,True,49
real,0,29,min,min_15,28.70894039731469,-2.0589577432430533,28.7,-2.0586599170016164,5.508376778485701,4.127590807572033,28.68,28.72,derivative_root,-7.738254481637341e-13,7.555643360439008,True,50
real,0,29,peak,peak_16,30.567553112378963,3.2920165832581048,30.560000000000002,3.2915635805412533,3.9053173476171246,1.1607237531404098,30.54,30.580000000000002,derivative_root,4.207745263329343e-14,-15.8816165826298,True,15
real,0,29,min,min_16,31.796813426655884,-0.6138263824307129,31.8,-0.6137537670758713,3.9053173476171246,1.1791934523210557,31.78,31.82,derivative_root,5.773159728050814e-15,14.27534071582621,True,51
real,0,29,peak,peak_17,32.86679182516914,3.4500862813549156,32.86,3.449716861484085,5.508376778485701,1.3650131934256933,32.84,32.88,derivative_root,-1.9457324640370643e-11,-15.997177913210539,True,17
real,0,29,min,min_17,34.22499995741142,-2.3186209862196754,34.22,-2.318363656602161,1.1440284213991683,0.5140095404265139,34.2,34.24,derivative_root,5.6288307348495437e-14,20.52859504688652,True,52
real,0,29,peak,peak_18,34.81712108026395,-1.1742797359103267,34.82,-1.1743352352029925,1.1440284213991683,0.637040420717367,34.800000000000004,34.84,derivative_root,2.0533907907349658e-11,-13.398414830976266,True,53
real,0,29,min,min_18,35.56756992472448,-2.54572071703958,35.56,-2.545474046500374,5.256963017097064,3.1593637446990033,35.54,35.58,derivative_root,7.602807272633072e-13,8.506003003384961,True,18
real,0,29,peak,peak_19,37.583768134913385,1.8187546591088029,37.58,1.8187183708443035,3.8574646641176162,1.7343909357952725,37.56,37.6,derivative_root,-9.769962616701378e-15,-5.104765413978532,True,19
real,0,29,min,min_19,39.170630958245034,-2.039446089480763,39.18,-2.0387462932733125,3.8574646641176162,1.4924157376434597,39.160000000000004,39.2,derivative_root,-3.219646771412954e-12,15.960742841663038,True,20
real,0,29,peak,peak_20,40.96165677144444,2.7115005534787118,40.96,2.71148897059669,5.256963017097064,1.69076016055918,40.94,40.980000000000004,derivative_root,-3.0375701953744283e-13,-8.43710173386824,True,54
real,0,29,min,min_20,42.066808561114954,-0.6548774013005577,42.06,-0.6544777119684744,3.2718687042668333,1.2251032825481616,42.04,42.08,derivative_root,1.8457457784393227e-14,17.180688711121544,True,55
real,0,29,peak,peak_21,43.41849730032401,2.617409135370294,43.42,2.617390992298359,3.2718687042668333,1.063340849206479,43.4,43.44,derivative_root,-3.6193270602780103e-14,-16.062313581027016,True,23
real,0,29,min,min_21,44.82869653593611,-2.8529245660449916,44.82,-2.8526312892244445,0.9597598875932327,0.7935918541595129,44.800000000000004,44.84,derivative_root,-4.579669976578771e-14,7.690958498649538,True,56
real,0,29,peak,peak_22,45.74241730853129,-1.89285497152761,45.74,-1.8928714016312118,0.9597598875932327,0.8746270834552615,45.72,45.76,derivative_root,-2.3350765765428605e-13,-5.622001279310204,True,57
real,0,29,min,min_22,46.58096776590689,-3.109963082854167,46.58,-3.109955478906756,5.968716037847521,3.156432471138269,46.56,46.6,derivative_root,-8.193445921733655e-14,16.250171019943448,True,58
real,0,29,peak,peak_23,47.82261938456624,2.6516535190426334,47.82,2.6516065044687385,1.5774549310339114,0.7377508294672316,47.800000000000004,47.84,derivative_root,-2.5757174171303632e-14,-13.682003713109946,True,59
real,0,29,min,min_23,48.70320787912629,1.0741091158343026,48.7,1.074151573434827,1.5774549310339114,0.9059130568778164,48.68,48.72,derivative_root,-3.6548541970660153e-13,8.253855410322195,True,60
real,0,29,peak,peak_24,49.572466201386135,2.716361709216649,49.58,2.716075723962285,5.230411489398205,3.416698285728107,49.56,49.6,derivative_root,-3.2307490016592055e-14,-10.118766113091997,True,61
real,0,29,min,min_24,51.42133716573082,-2.151423173217225,51.42,-2.1514124744782803,3.930327856187011,1.511847530451496,51.4,51.44,derivative_root,-6.000755448098971e-14,11.967623201926889,True,26
real,0,29,peak,peak_25,52.88455561194029,1.779049422737781,52.88,1.778915381708731,3.930327856187011,1.4342572034228034,52.86,52.9,derivative_root,6.661338147750939e-15,-12.896183098975644,True,27
real,0,29,min,min_25,54.56143526593717,-2.51433911971416,54.56,-2.51433576543592,5.230411489398205,2.3571936433657177,54.54,54.58,derivative_root,-7.771117083166246e-12,3.2556497633606627,True,28
real,0,29,peak,peak_26,56.70320131586912,2.0158095827743816,56.7,2.0157341871004952,4.427525868332198,1.4572881650857108,56.68,56.72,derivative_root,4.3298697960381105e-14,-14.728645951967568,True,62
real,0,29,min,min_26,57.813573971440654,-2.4121665605121585,57.82,-2.4117916812317035,4.427525868332198,1.1317192205156517,57.800000000000004,57.84,derivative_root,2.78388423424758e-14,18.208414409858488,True,63
real,0,29,peak,peak_27,59.22053160314761,2.858762595632618,59.22,2.858760558940765,1.3615571481328426,0.6589709722042789,59.2,59.24,derivative_root,-1.474242949939253e-11,-14.41289287112847,True,64
real,0,101,peak,peak_1,0.9249022704511095,4.466721375245702,0.92,4.465913965893023,5.79790008032129,0.6213707668037328,0.9,0.9400000000000001,derivative_root,1.7763568394002505e-15,-67.0636343221592,True,31
real,0,101,min,min_1,1.60746735759218,-1.3334649008232597,1.6,-1.3319861144282674,5.79790008032129,0.7788842043846045,1.58,1.62,derivative_root,-5.551115123125783e-16,52.8406910594276,True,65
real,0,101,peak,peak_2,2.337637709339888,2.9046888262217148,2.34,2.9045980991062064,4.120116472566982,0.8078169104621864,2.32,2.36,derivative_root,2.0908053066648336e-11,-32.52559610242815,True,66
real,0,101,min,min_2,3.026638781653712,-0.04772977761085158,3.02,-0.04714491902706923,2.1715337165203095,0.6258790280213845,3.0,3.04,derivative_root,-2.55351295663786e-15,26.473701660337486,True,67
real,0,101,peak,peak_3,3.701813970694997,2.124426002345225,3.7,2.12438879749324,2.1715337165203095,0.6846899520002546,3.68,3.72,derivative_root,3.730349362740526e-14,-22.6141684004461,True,68
real,0,101,min,min_3,4.389739685504334,-0.04841952554029297,4.38,-0.04744207812784015,1.3027596885091122,0.5573779106859263,4.36,4.4,derivative_root,-1.3433698597964394e-14,20.518917205672267,True,2
real,0,101,peak,peak_4,5.037621658117767,1.2553532763734079,5.04,1.255317610381272,1.3027596885091122,0.681609903269931,5.0200000000000005,5.0600000000000005,derivative_root,1.3120282638112712e-11,-12.606118327590302,True,3
real,0,101,min,min_4,5.763703028118772,-0.2804227688206004,5.76,-0.28033355971031443,0.7416993643072491,0.518188484921809,5.74,5.78,derivative_root,-4.9960036108132044e-15,12.982941780657866,True,69
real,0,101,peak,peak_5,6.350343453390639,0.4617768592134281,6.36,0.46136580459693466,0.7416993643072491,0.6447477225528166,6.34,6.38,derivative_root,-1.3211653993039363e-14,-8.852532240261585,True,70
real,0,101,min,min_5,7.294850938715386,-0.6134593100624239,7.3,-0.6133584381656509,0.49181388073159554,0.5788510311935057,7.28,7.32,derivative_root,-4.107825191113079e-15,7.589368060774466,True,71
real,0,101,peak,peak_6,7.860958029607632,-0.12154140789685935,7.86,-0.1215445574340554,0.49181388073159554,0.5632570756459427,7.84,7.88,derivative_root,1.6708301409096293e-11,-6.864387882785014,True,72
real,0,101,min,min_6,8.62145734040004,-1.015029464075986,8.620000000000001,-1.015022304280558,0.55509274716182,0.6251119736809199,8.6,8.64,derivative_root,2.886579864025407e-15,6.737091235229468,True,73
real,0,101,peak,peak_7,9.292780497592824,-0.45973804188768413,9.3,-0.45992955711873795,0.55509274716182,0.6102212243785914,9.28,9.32,derivative_root,-4.9960036108132044e-15,-7.3134242450082025,True,74
real,0,101,min,min_7,9.952207139017426,-1.215766738877098,9.96,-1.215518373460776,4.120116472566982,7.970798162742734,9.94,9.98,derivative_root,7.770117882444083e-12,8.195640157504918,True,37
real,0,101,peak,peak_8,10.627918537732008,-0.5853429332600136,10.620000000000001,-0.5855343678255542,0.332822221386621,0.5079243140662538,10.6,10.64,derivative_root,-1.1122991416812056e-11,-6.098449158330708,True,7
real,0,101,min,min_8,11.186577046531884,-0.9184332225779046,11.18,-0.9183565892121752,0.332822221386621,0.7129122115659721,11.16,11.200000000000001,derivative_root,8.237854842718662e-14,3.511558732146428,True,8
real,0,101,peak,peak_9,12.517692160200724,0.10486753617776609,12.52,0.10484627246191064,0.22557154375857383,0.3670636003425807,12.5,12.540000000000001,derivative_root,-1.7758017278879379e-12,-7.9855884401220845,True,38
real,0,101,min,min_9,12.878208008660822,-0.12074231330595184,12.88,-0.12072527129666319,0.22557154375857383,0.3108089695079411,12.86,12.9,derivative_root,-7.003009283579331e-13,10.587650973208275,True,39
real,0,101,peak,peak_10,14.177997793770418,4.484262723372207,14.18,4.484226654672488,7.395809300817123,1.667889878758906,14.16,14.200000000000001,derivative_root,1.1879386363489175e-14,-17.97273086070779,True,9
real,0,101,min,min_10,16.95752097444882,-1.8374172418182657,16.96,-1.8373886696441641,0.5573412056501301,0.5410663574046862,16.94,16.98,derivative_root,2.6645352591003757e-15,9.29800341486897,True,42
real,0,101,peak,peak_11,17.500898973227912,-1.2800438826289968,17.5,-1.280047463994034,0.5573412056501301,0.5564511251132512,17.48,17.52,derivative_root,-2.4980018054066022e-14,-8.8615342036342,True,43
real,0,101,min,min_11,18.230025542421295,-2.074542966855564,18.22,-2.074093627685995,5.794661455568283,5.409665416015039,18.2,18.240000000000002,derivative_root,-4.085620730620576e-14,9.026397287599751,True,10
real,0,101,peak,peak_12,18.876983397589115,-1.0303934524975467,18.88,-1.0304455551212661,0.2767039972995804,0.33672080610123656,18.86,18.900000000000002,derivative_root,-5.972999872483342e-13,-11.48888580882735,True,44
real,0,101,min,min_12,19.278044648345592,-1.3071620027121555,19.28,-1.3071495524208465,0.2767039972995804,0.4384455345726588,19.26,19.3,derivative_root,-1.5654144647214707e-14,6.517851168423067,True,45
real,0,101,peak,peak_13,21.095585565993893,3.7207258242497536,21.1,3.720567827882288,5.794661455568283,1.42031417183224,21.080000000000002,21.12,derivative_root,-1.2893436318606177e-11,-16.199507494555988,True,11
real,0,101,min,min_13,22.162952873318993,-0.958406567899391,22.16,-0.9583255190533784,0.7566834991843181,0.4458614763927744,22.14,22.18,derivative_root,8.493206138382448e-13,18.515051002277048,True,46
real,0,101,peak,peak_14,22.753907084868604,-0.20151819823350653,22.76,-0.20164201986906022,0.7566834991843181,0.7043429301673996,22.740000000000002,22.78,derivative_root,-1.0658141036401503e-14,-6.69712712404585,True,47
real,0,101,min,min_14,23.50370747156776,-1.1711859824687987,23.5,-1.1710913420014661,4.650323572142737,2.7802887999349424,23.48,23.52,derivative_root,5.140332604014475e-14,13.790478495603626,True,12
real,0,101,peak,peak_15,25.045500211003585,3.479536016433546,25.04,3.479232230141271,4.650323572142737,1.1125515822824128,25.02,25.060000000000002,derivative_root,4.850247981025291e-11,-20.05968200270776,True,13
real,0,101,min,min_15,26.159872282004454,-1.7275547573029302,26.16,-1.7275545948379405,0.5781257701433162,0.3706778262900343,26.14,26.18,derivative_root,8.603118217820338e-13,19.92307195498321,True,75
real,0,101,peak,peak_16,26.620161874402626,-1.1494286913511689,26.62,-1.1494288246946243,0.5781257701433162,0.5079952962267044,26.6,26.64,derivative_root,2.6175728251587316e-12,-10.177294833054265,True,76
real,0,101,min,min_16,27.60911863005794,-2.3961953606495756,27.6,-2.3960167811390614,6.131362899807044,4.151201517892414,27.580000000000002,27.62,derivative_root,1.7208456881689926e-14,4.344371602642429,True,48
real,0,101,peak,peak_17,28.273542489957006,-1.5494074755074294,28.28,-1.5496425380063525,0.3642560382655853,0.39328649922551906,28.26,28.3,derivative_root,-3.5638159090467525e-14,-11.332409067135506,True,49
real,0,101,min,min_17,28.721582897523383,-1.9139087212254018,28.72,-1.9138985762719378,0.3642560382655853,0.45910205666607,28.7,28.740000000000002,derivative_root,1.8037238369572606e-11,8.099929945342081,True,50
real,0,101,peak,peak_18,30.511611716246684,3.736236256347883,30.52,3.7353461186679824,6.131362899807044,1.351685099916317,30.5,30.54,derivative_root,6.3509197900657455e-12,-25.326734674614315,True,15
real,0,101,min,min_18,31.5761691908631,-0.37579277745788053,31.580000000000002,-0.3757182607827693,3.4061030008480135,1.2438597026033766,31.560000000000002,31.6,derivative_root,-1.9317880628477724e-14,10.17995325881256,True,51
real,0,101,peak,peak_19,32.90468432846474,3.030464265231713,32.9,3.0303847400652444,3.4061030008480135,1.217017418817036,32.88,32.92,derivative_root,8.502976100999149e-12,-7.232025896277868,True,17
real,0,101,min,min_19,34.179986511676,-2.2084920757301636,34.18,-2.208492073692615,1.0980628544127295,0.47504659904752317,34.160000000000004,34.2,derivative_root,-3.852473895449293e-14,22.398682439665883,True,52
real,0,101,peak,peak_20,34.70176493090369,-1.1104010740865133,34.7,-1.1104292192798852,1.0980628544127295,0.5328638033532207,34.68,34.72,derivative_root,-1.8184578842728172e-11,-18.067431837271144,True,53
real,0,101,min,min_20,35.40971741764788,-2.9125342533893193,35.4,-2.911582646144635,6.961288227757393,3.4538533024159688,35.38,35.42,derivative_root,-3.9691305797617815e-12,20.21333110292076,True,18
real,0,101,peak,peak_21,36.0879754010489,-1.2040011367247088,36.08,-1.204486421122,0.7835391460202361,0.4846044062537658,36.06,36.1,derivative_root,1.6181500583911657e-14,-15.22799754713312,True,77
real,0,101,min,min_21,36.577044321004685,-1.9881176154632045,36.58,-1.9880255671422362,0.7835391460202361,0.416626542784029,36.56,36.6,derivative_root,-1.6642243139131097e-13,21.0038952514109,True,78
real,0,101,peak,peak_22,37.59976076360343,3.1861581305284155,37.6,3.186157402157378,6.064218271163853,1.129844099292377,37.58,37.62,derivative_root,1.4022116801015727e-13,-25.450817889678316,True,19
real,0,101,min,min_22,38.5131281781494,-1.1877843345553287,38.52,-1.1874545935575913,0.2890237882365997,0.31601047451278647,38.5,38.54,derivative_root,-9.575673587391975e-12,14.18999164113323,True,79
real,0,101,peak,peak_23,38.98294847306136,-0.8984198957787666,38.980000000000004,-0.8984308053209916,0.2890237882365997,0.7784429117474428,38.96,39.0,derivative_root,8.104628079763643e-15,-2.48959098298155,True,80
real,0,101,min,min_23,39.80213009709943,-1.3513347479269342,39.800000000000004,-1.3513048893174922,4.445344810615735,2.2622251142111054,39.78,39.82,derivative_root,-1.5635936989610855e-11,13.208768600302667,True,81
real,0,101,peak,peak_24,40.86488395326776,3.0942094097220028,40.86,3.094039921298243,4.445344810615735,1.2816579186806485,40.84,40.88,derivative_root,-7.509270982808403e-14,-14.162406665683115,True,54
real,0,101,min,min_24,42.06966042050787,-0.8534820812346295,42.06,-0.8527230009392748,3.7200607452523746,1.1910565050411241,42.04,42.08,derivative_root,-3.697042672001771e-14,16.144174270292446,True,55
real,0,101,peak,peak_25,43.31983820526309,2.867337943694052,43.32,2.8673377443130996,3.7200607452523746,1.0262858271238202,43.300000000000004,43.34,derivative_root,2.3647750424515834e-14,-15.23301605057169,True,23
real,0,101,min,min_25,45.70872652628394,-2.8784220324234093,45.7,-2.878060869006475,6.064218271163853,3.528893177609234,45.68,45.72,derivative_root,1.1507461650239748e-13,9.525391069808984,True,82
real,0,101,peak,peak_26,48.06758420787226,3.5468072610227392,48.06,3.5460808843041907,3.626906259228252,0.8502466136173916,48.04,48.08,derivative_root,6.183575873563996e-11,-25.21782742717737,True,59
real,0,101,min,min_26,48.928719390674715,-0.08203074109304268,48.92,-0.08082537492406128,3.626906259228252,0.782359199027369,48.9,48.94,derivative_root,1.4244161405940758e-13,31.823481059219453,True,60
real,0,101,peak,peak_27,49.72968293649416,3.9154564313218567,49.72,3.91420288919293,6.196995905515296,1.1141368609972961,49.7,49.74,derivative_root,-4.910710726946377e-12,-26.709008573355824,True,61
real,0,101,min,min_27,50.800234780500716,-1.2334249564170987,50.800000000000004,-1.2334246653215848,0.21423089838378573,0.3075148080978215,50.78,50.82,derivative_root,5.7689408805572384e-12,10.557369644027041,True,83
real,0,101,peak,peak_28,51.19218260658494,-1.0190352932095594,51.2,-1.019193766937799,0.21423089838378573,0.4193042693232474,51.18,51.22,derivative_root,1.4377388168895777e-14,-5.187987509823033,True,84
real,0,101,min,min_28,51.91117072425208,-1.6573285840965029,51.92,-1.6570698543032136,4.175445104082418,2.1257704570643363,51.9,51.94,derivative_root,4.551914400963142e-15,6.576456172654483,True,26
real,0,101,peak,peak_29,52.87845185417341,2.51840653245096,52.88,2.5183752497792042,4.175445104082418,0.9945973228357252,52.86,52.9,derivative_root,6.750155989720952e-14,-26.130629253058018,True,27
real,0,101,min,min_29,54.111729972648455,-2.2832631281384077,54.120000000000005,-2.2827930163223655,6.196995905515296,2.6589343404952706,54.1,54.14,derivative_root,2.577382751667301e-12,13.933201462567894,True,28
real,0,101,peak,peak_30,54.70313905748479,-1.824049807239549,54.7,-1.824068074985963,0.31647323185540155,0.6330790937088842,54.68,54.72,derivative_root,-3.70758979073571e-12,-3.706474111244849,True,85
real,0,101,min,min_30,55.32265550600028,-2.1405725232019526,55.32,-2.1405413068413646,0.31647323185540155,0.4407115057216834,55.300000000000004,55.34,derivative_root,-1.27675647831893e-14,8.909681329234708,True,86
real,0,101,peak,peak_31,56.46140950730101,2.6414778838569912,56.46,2.641452366213338,4.196823873440239,0.9424488178005959,56.44,56.480000000000004,derivative_root,-1.1018963519404679e-14,-25.688578791557024,True,62
real,0,101,min,min_31,57.50140264296525,-1.5553880047698434,57.5,-1.5553715072269017,4.196823873440239,1.87261393957524,57.480000000000004,57.52,derivative_root,3.2217561951597418e-12,16.76947493042886,True,63
real,0,101,peak,peak_32,58.030825309020805,-0.6672069253637524,58.04,-0.66773431020937,0.40251837973021076,0.38221671929889456,58.02,58.06,derivative_root,-1.765254609153999e-14,-12.61961031822574,True,87
real,0,101,min,min_32,58.427318497095655,-1.0707082858570485,58.42,-1.0702526899395808,0.40251837973021076,0.3294608727216655,58.4,58.44,derivative_root,-8.50830517151735e-12,17.235774204849793,True,88
real,0,101,peak,peak_33,59.36663128744324,4.050450755708212,59.36,4.049705581612758,3.283625737455158,0.6882662796382829,59.34,59.38,derivative_root,5.5344617777564054e-14,-33.89567379991841,True,64
phase_scrambled,0,5,min,min_1,3.481616709190842,-3.43308480114079,3.48,-3.4330707993014924,5.51994442490478,2.5858223518249095,3.46,3.5,derivative_root,-9.14823772291129e-13,10.718045411946221,True,1
phase_scrambled,0,5,peak,peak_1,5.282890191810195,0.30879137163953674,5.28,0.3087801142387904,0.21766343857460918,0.5883560956936372,5.26,5.3,derivative_root,1.3322676295501878e-15,-2.692821804320496,True,2
phase_scrambled,0,5,min,min_2,5.858347444665227,0.09110966500873197,5.86,0.09111667566418125,0.21766343857460918,0.45268186743518185,5.84,5.88,derivative_root,-1.6497914145929826e-13,5.123074532605611,True,3
phase_scrambled,0,5,peak,peak_2,7.43992794572363,2.0868736314224985,7.44,2.0868736256032876,5.51994442490478,4.55072350607067,7.42,7.46,derivative_root,1.1102230246251565e-15,-2.241685340826905,True,4
phase_scrambled,0,5,min,min_3,9.628080644749716,-1.140596132465443,9.620000000000001,-1.140516809356905,2.196433401145018,1.5591705269017087,9.6,9.64,derivative_root,-1.56008539420327e-12,2.469513424837958,True,5
phase_scrambled,0,5,peak,peak_3,11.257119111596458,1.0559274103393492,11.26,1.055916591788113,2.196433401145018,1.8192099669405344,11.24,11.28,derivative_root,-2.1094237467877974e-15,-2.6071263878606326,True,6
phase_scrambled,0,5,min,min_4,13.775627104032614,-2.1688795715589197,13.780000000000001,-2.1688281033794343,4.077764863570584,3.0188844445133625,13.76,13.8,derivative_root,1.3211653993039363e-14,5.378007822001282,True,7
phase_scrambled,0,5,peak,peak_4,16.516900622588107,1.9089481038597893,16.52,1.9089367601911496,4.077764863570584,4.742017938281208,16.5,16.54,derivative_root,-4.440892098500626e-16,-2.3616754927624153,True,8
phase_scrambled,0,5,min,min_5,17.71470461067611,0.7737404144320355,17.72,0.7738351039627225,0.8794752503072085,0.863043546576007,17.7,17.740000000000002,derivative_root,-1.162415996791566e-11,6.759464552949556,True,9
phase_scrambled,0,5,peak,peak_5,18.776152947455287,1.653328402277588,18.78,1.653310354269931,0.8794752503072085,1.211881790933328,18.76,18.8,derivative_root,2.220446049250313e-15,-2.4389714701558063,True,10
phase_scrambled,0,5,min,min_6,21.608332031008572,-3.6193097622699746,21.6,-3.6189180655225535,6.180255799471751,2.4444362577760628,21.580000000000002,21.62,derivative_root,-5.204170427930421e-16,11.34892099144501,True,11
phase_scrambled,0,5,peak,peak_6,23.92750948029607,1.7999008445477365,23.92,1.799838077455846,2.802134262424155,2.186024475593754,23.900000000000002,23.94,derivative_root,2.886579864025407e-15,-2.226488687666905,True,12
phase_scrambled,0,5,min,min_7,25.872732795566943,-1.002346736056056,25.88,-1.002296184968309,2.802134262424155,1.7260697894700479,25.86,25.900000000000002,derivative_root,5.329070518200751e-15,1.9177057850393227,True,13
phase_scrambled,0,5,peak,peak_7,27.84608912701282,1.8725997383397148,27.84,1.8725572435402345,3.8454064213184136,2.566816746396644,27.82,27.86,derivative_root,1.3877787807814457e-15,-2.2920776988953064,True,14
phase_scrambled,0,5,min,min_8,31.843256071326227,-1.9728697623349194,31.84,-1.9728491777781794,3.8454064213184136,4.3687821292709215,31.82,31.86,derivative_root,-6.061262602941042e-12,3.905840553787528,True,15
phase_scrambled,0,5,peak,peak_8,35.15792481415151,2.6785702291233378,35.160000000000004,2.678566096625299,6.297484162147852,3.5483184323724664,35.14,35.18,derivative_root,5.800915303666443e-15,-1.9192468474028064,True,16
phase_scrambled,0,5,min,min_9,37.54730263591707,-1.9993468148308904,37.54,-1.9991541850687593,4.061059831559646,4.915390149373866,37.52,37.56,derivative_root,6.683542608243442e-14,7.232015058768834,True,17
phase_scrambled,0,5,peak,peak_9,38.89963203116609,-0.08839943798163963,38.9,-0.08839965505273395,1.190506563139279,1.237035536562321,38.88,38.92,derivative_root,1.0824674490095276e-14,-3.206378903631682,True,18
phase_scrambled,0,5,min,min_10,40.035280492864594,-1.2789625152634594,40.04,-1.278906218192013,1.190506563139279,1.7877904081740326,40.02,40.06,derivative_root,1.7741363933510002e-13,5.081739151478023,True,19
phase_scrambled,0,5,peak,peak_10,42.395763912332825,0.8217105406249141,42.4,0.8216851280610524,0.9344941368383911,1.1657844734899663,42.38,42.42,derivative_root,-4.440892098500626e-15,-2.8326165128928196,True,20
phase_scrambled,0,5,min,min_11,43.441643079989724,-0.11281756574782054,43.44,-0.11280900877733868,0.9344941368383911,0.9820348619731613,43.42,43.46,derivative_root,-4.984901380566953e-14,6.336896892170759,True,21
phase_scrambled,0,5,peak,peak_11,44.30851139885657,0.5140462449996727,44.300000000000004,0.5139450180545285,0.2598235672011545,0.6359947330001796,44.28,44.32,derivative_root,-3.190114838957925e-12,-2.789979247749307,True,22
phase_scrambled,0,5,min,min_12,44.91758552206001,0.25410561268604237,44.92,0.254121450853374,0.2598235672011545,0.48255020603854065,44.9,44.94,derivative_root,-4.2521541843143495e-14,5.418821690321019,True,23
phase_scrambled,0,5,peak,peak_12,46.43571127722544,2.061925446344358,46.44,2.061905646490887,4.061059831559646,4.100864132378147,46.42,46.46,derivative_root,1.4432899320127035e-15,-2.15327034439913,True,24
phase_scrambled,0,5,min,min_13,49.0243301183899,-5.278615014519089,49.02,-5.278415439131531,7.19217469448126,1.6467702442998688,49.0,49.04,derivative_root,7.216449660063518e-15,21.28664292983223,True,25
phase_scrambled,0,5,peak,peak_13,51.55882365021862,1.9137608068104468,51.56,1.9137592553497282,2.9958744329212914,4.033523103354419,51.54,51.58,derivative_root,3.9968028886505635e-15,-2.2422364157036476,True,26
phase_scrambled,0,5,min,min_14,52.884381162250996,0.5287717668155885,52.88,0.5288335887764533,0.5753464710572334,0.6833073656318811,52.86,52.9,derivative_root,-5.0959236830294685e-14,6.427989337005058,True,27
phase_scrambled,0,5,peak,peak_14,53.736926845376686,1.1041932355516284,53.74,1.1041800598336866,0.5753464710572334,0.9316937771373068,53.72,53.76,derivative_root,4.6407322429331543e-14,-2.7896379996017004,True,28
phase_scrambled,0,5,min,min_15,54.92455200310601,-0.14091485778799573,54.92,-0.140852524347318,0.4173814318976455,0.5917114661828964,54.9,54.94,derivative_root,1.2073675392798577e-14,5.998482170423934,True,29
phase_scrambled,0,5,peak,peak_15,55.655470410034695,0.2765594382699168,55.660000000000004,0.2765289075503275,0.4173814318976455,0.7728326956544334,55.64,55.68,derivative_root,9.618972285352356e-13,-2.9742113994990795,True,30
phase_scrambled,0,5,min,min_16,56.847364584755944,-1.025379095677475,56.84,-1.0252435222710528,0.19223814981235599,0.4313498491327755,56.82,56.86,derivative_root,8.559819519859957e-14,4.954848946677796,True,31
phase_scrambled,0,5,peak,peak_16,57.38400413840775,-0.8329838234382071,57.38,-0.8330053724586968,0.19223814981235599,0.5681815792221915,57.36,57.4,derivative_root,-7.815970093361102e-13,-2.6891634787572185,True,32
phase_scrambled,0,5,min,min_17,57.97740805264922,-1.0821330341710462,57.980000000000004,-1.082115177571563,1.2248908775642038,2.1141504789749614,57.96,58.0,derivative_root,2.2870594307278225e-14,5.302127142436059,True,33
phase_scrambled,0,5,peak,peak_17,59.137600556289705,0.14278458934229826,59.14,0.1427756999926409,1.1849847778717766,1.2488699317767078,59.120000000000005,59.160000000000004,derivative_root,-2.7755575615628914e-15,-3.0877617655651983,True,34
phase_scrambled,0,29,min,min_1,1.0637578056327348,1.0235419968806407,1.06,1.0235969400746963,0.4100964117826409,0.4966827209381651,1.04,1.08,derivative_root,3.6043390494455707e-13,7.783975014544,True,35
phase_scrambled,0,29,peak,peak_1,1.547129837527274,1.4339693174380708,1.54,1.4336933518573372,0.4100964117826409,0.41416798991941733,1.52,1.56,derivative_root,1.1013412404281553e-13,-10.93875052733372,True,36
phase_scrambled,0,29,min,min_2,3.1137398928982534,-4.596364882545417,3.12,-4.596061615993158,7.915109126759589,1.7715666677140325,3.1,3.14,derivative_root,-3.0753177782116836e-14,15.474245421483547,True,1
phase_scrambled,0,29,peak,peak_2,4.325863412783656,0.6387193607372884,4.32,0.6384891177950341,1.959152560218298,0.8859728660950731,4.3,4.34,derivative_root,-4.440892098500626e-15,-13.33663624159366,True,37
phase_scrambled,0,29,min,min_3,5.52847282907011,-1.320938616385214,5.5200000000000005,-1.320663442423264,1.959152560218298,1.1322812362583385,5.5,5.54,derivative_root,-1.4432899320127035e-15,7.717579662638001,True,3
phase_scrambled,0,29,peak,peak_3,7.355433449043787,3.319171430380385,7.36,3.319047510766431,7.915109126759589,2.5349386411362764,7.34,7.38,derivative_root,4.440892098500626e-16,-11.870311155318946,True,4
phase_scrambled,0,29,min,min_4,8.830998022852652,-1.7651065208416725,8.84,-1.7644291809046253,3.2398743139962303,1.0172968766093344,8.82,8.86,derivative_root,-1.2347900479880991e-12,16.73178492656453,True,38
phase_scrambled,0,29,peak,peak_4,9.662440873192377,0.38912625849981597,9.66,0.3890926970094647,0.6086886196044439,0.5008418837740135,9.64,9.68,derivative_root,-1.9206858326015208e-14,-11.244176147651933,True,39
phase_scrambled,0,29,min,min_5,10.237681924525482,-0.21961845060191543,10.24,-0.21959592259497918,0.6086886196044439,0.6173708765755168,10.22,10.26,derivative_root,1.711863983899775e-11,8.388186877109844,True,40
phase_scrambled,0,29,peak,peak_5,11.557880084540162,1.4754760929538535,11.56,1.475445133091605,3.2398743139962303,1.7069512692601188,11.540000000000001,11.58,derivative_root,-5.995204332975845e-15,-13.768950947655771,True,6
phase_scrambled,0,29,min,min_6,12.795003623054203,-2.1767416296026223,12.8,-2.176634307199691,1.1156102305889641,0.757990319403109,12.780000000000001,12.82,derivative_root,1.2434497875801753e-14,8.612384883503783,True,41
phase_scrambled,0,29,peak,peak_6,14.074590497603609,-1.060987955083044,14.08,-1.0610240766107268,1.1156102305889641,1.3697861074546631,14.06,14.1,derivative_root,1.8318679906315083e-15,-2.4331814855496425,True,42
phase_scrambled,0,29,min,min_7,14.95628192423273,-2.2620194683673644,14.96,-2.26192094562118,4.853433188875348,3.494802237798526,14.94,14.98,derivative_root,-3.402833570476105e-14,14.196997069238753,True,43
phase_scrambled,0,29,peak,peak_7,16.338581251752945,2.5915174001090096,16.34,2.5915122432541677,4.853433188875348,4.968706160399209,16.32,16.36,derivative_root,-2.3854251907096113e-12,-5.12479382973472,True,8
phase_scrambled,0,29,min,min_8,17.568560112484693,0.6808105768373794,17.56,0.6811584362920008,1.1201358838680298,0.7708501085485796,17.54,17.580000000000002,derivative_root,-2.19824158875781e-14,9.52497088612725,True,9
phase_scrambled,0,29,peak,peak_8,18.302188820289746,1.8013161558387902,18.3,1.8012943201600307,1.1201358838680298,0.7478864260810179,18.28,18.32,derivative_root,2.375877272697835e-14,-9.109455598140315,True,10
phase_scrambled,0,29,min,min_9,19.20406232390271,0.18960765593081785,19.2,0.1896613167084948,0.5432706636511804,0.7209725875077311,19.18,19.22,derivative_root,6.674438779441516e-12,6.447640727258752,True,44
phase_scrambled,0,29,peak,peak_9,20.105473466546595,0.7330185642552732,20.1,0.7329319803596752,0.5432706636511804,0.6945764935125067,20.080000000000002,20.12,derivative_root,4.898303984646191e-13,-5.8231807627732906,True,45
phase_scrambled,0,29,min,min_10,21.58324978097028,-5.9841424488170585,21.580000000000002,-5.983965052285325,9.528785860048288,1.466119005910782,21.56,21.6,derivative_root,5.129230373768223e-14,33.64326825904234,True,11
phase_scrambled,0,29,peak,peak_10,23.025562770324026,1.7006818983700458,23.02,1.7005895207427453,0.17488370295234645,0.363736575905491,23.0,23.04,derivative_root,-3.7414515929867775e-13,-5.917551737442003,True,46
phase_scrambled,0,29,min,min_11,23.444250927362376,1.5256553518103668,23.44,1.5257058177903988,0.17488370295234645,0.38257318726658013,23.42,23.46,derivative_root,-4.057865155004947e-14,5.605342649842186,True,47
phase_scrambled,0,29,peak,peak_11,24.085904489152245,2.0677804871362695,24.080000000000002,2.0676589582656786,5.306155044212552,2.587997749894139,24.060000000000002,24.1,derivative_root,3.2688296514038484e-12,-6.983762334893074,True,12
phase_scrambled,0,29,min,min_12,25.349604282542156,-1.4948334952040492,25.34,-1.4944112801102272,3.525328603672831,1.316385606306958,25.32,25.36,derivative_root,3.019112737590035e-14,9.144869421763774,True,48
phase_scrambled,0,29,peak,peak_12,26.553254246548175,1.2531754890301028,26.560000000000002,1.252946868872013,0.7655548507292433,0.5984670459303788,26.54,26.580000000000002,derivative_root,2.351208117090664e-11,-10.062143721307871,True,49
phase_scrambled,0,29,min,min_13,27.194977708137024,0.4872881746546277,27.2,0.4873920181427696,0.7655548507292433,0.7211263254978348,27.18,27.22,derivative_root,4.335420911161236e-14,8.24737561801098,True,50
phase_scrambled,0,29,peak,peak_13,28.518320446254663,2.030935905890928,28.52,2.0309173235626035,3.525328603672831,3.0226182751796524,28.5,28.54,derivative_root,1.6209256159527285e-14,-13.164481469037307,True,51
phase_scrambled,0,29,min,min_14,29.937598815051444,-1.0797937014129138,29.94,-1.0797863006489719,0.22975248823572736,0.6108608468088323,29.92,29.96,derivative_root,-3.0531133177191805e-14,2.560038524243136,True,52
phase_scrambled,0,29,peak,peak_14,30.430920202379234,-0.8497223653017902,30.44,-0.8500338124132445,0.22975248823572736,0.38252530847285926,30.42,30.46,derivative_root,5.0182080713057076e-14,-7.48027526477466,True,53
phase_scrambled,0,29,min,min_15,32.19399408942756,-3.238827729113372,32.2,-3.238496085946873,5.306155044212552,3.513900255529961,32.18,32.22,derivative_root,5.739853037312059e-14,18.34392793595649,True,15
phase_scrambled,0,29,peak,peak_15,33.732540623423894,2.782090635051217,33.74,2.781621381230605,3.9843431057510275,1.0872314990751237,33.72,33.76,derivative_root,-3.402312112599226e-11,-16.835490073449325,True,54
phase_scrambled,0,29,min,min_16,34.63610905951399,-1.202971966231329,34.64,-1.202721724520422,3.9843431057510275,0.7938177230877955,34.62,34.660000000000004,derivative_root,-5.241890255192061e-12,33.049788055884605,True,55
phase_scrambled,0,29,peak,peak_16,35.76778441439591,4.980750687695829,35.76,4.980191801989925,9.816877629752558,1.6499172404907996,35.74,35.78,derivative_root,-5.717648576819556e-15,-18.448289855441256,True,56
phase_scrambled,0,29,min,min_17,37.25204815219581,-3.1780665737151863,37.26,-3.1775101039014744,7.290723224465722,5.135231532452276,37.24,37.28,derivative_root,-5.88418203051333e-15,17.66480900266873,True,17
phase_scrambled,0,29,peak,peak_17,38.47223518551816,-0.04093821032779921,38.480000000000004,-0.04106599975163261,2.0685647209971805,2.5628479157498125,38.46,38.5,derivative_root,-1.4643841694805815e-13,-4.2833046943157616,True,18
phase_scrambled,0,29,min,min_18,41.015515981961066,-2.1098236592641437,41.02,-2.109630720748813,2.0685647209971805,0.8547502229686871,41.0,41.04,derivative_root,4.873879078104437e-14,19.1274467357644,True,57
phase_scrambled,0,29,peak,peak_18,42.34410589050954,1.0401405064088092,42.34,1.0401145977357211,1.8792833071333759,1.5849079128245376,42.32,42.36,derivative_root,7.37232497272089e-12,-3.0979762279801912,True,20
phase_scrambled,0,29,min,min_19,43.254370369968136,0.06916687321480891,43.26,0.06927968383230959,0.5839845055497945,0.6117044527841062,43.24,43.28,derivative_root,-8.693046282814976e-14,7.117379684157533,True,21
phase_scrambled,0,29,peak,peak_19,43.87968676739874,0.6532644889431292,43.88,0.6532641893821041,0.5839845055497945,0.6860218221312152,43.86,43.9,derivative_root,3.519406988061746e-14,-6.107577624617362,True,22
phase_scrambled,0,29,min,min_20,45.04138407272369,-0.8391837420526352,45.04,-0.8391687093976548,1.8792833071333759,0.9416838261610428,45.02,45.06,derivative_root,-3.680389326632394e-13,15.71538436032971,True,23
phase_scrambled,0,29,peak,peak_20,46.3321570119513,4.113727109865982,46.34,4.113213120564248,7.290723224465722,1.6153254527625722,46.32,46.36,derivative_root,8.983258581451992e-12,-16.691275518802044,True,24
phase_scrambled,0,29,min,min_21,47.72145776691451,-1.8486927019932005,47.72,-1.8486784229939583,0.8775853441693122,0.5470096509744325,47.7,47.74,derivative_root,-6.256106743762757e-14,13.438404054844028,True,58
phase_scrambled,0,29,peak,peak_21,48.27727131090286,-0.9710350454103953,48.28,-0.9710930788246461,0.8775853441693122,0.503592150748982,48.26,48.300000000000004,derivative_root,-4.463096558993129e-14,-15.563893989976105,True,59
phase_scrambled,0,29,min,min_22,49.228527765046195,-4.837474047701323,49.22,-4.836685827762633,7.217295970195039,1.551357320616835,49.2,49.24,derivative_root,2.8701929721819397e-11,21.640577691038498,True,25
phase_scrambled,0,29,peak,peak_22,52.220263732206135,2.3806103628962614,52.22,2.380610142432406,4.897570401985147,6.094411317581971,52.2,52.24,derivative_root,1.876609978523902e-12,-6.339543244783056,True,60
phase_scrambled,0,29,min,min_23,53.29980132223661,0.15151610485902506,53.300000000000004,0.1515162413489885,0.3268209324991443,0.4839708533295107,53.28,53.32,derivative_root,6.100120408802923e-13,6.917705915862947,True,27
phase_scrambled,0,29,peak,peak_23,53.96046526580471,0.4783374546950605,53.96,0.4783371738481328,0.3268209324991443,0.7697593995409807,53.94,53.980000000000004,derivative_root,-9.403589018575076e-14,-2.594684747684031,True,28
phase_scrambled,0,29,min,min_24,54.97032046358748,0.09222234085584324,54.980000000000004,0.09238348290341386,0.8876353606357748,2.459455127613128,54.96,55.0,derivative_root,-1.3100631690576847e-13,3.3868582973539505,True,29
phase_scrambled,0,29,peak,peak_24,55.98435667860242,0.9801023119013004,55.980000000000004,0.9800188435391887,0.8876353606357748,0.7932138224796563,55.96,56.0,derivative_root,4.2629233476532136e-12,-8.856686929814991,True,30
phase_scrambled,0,29,min,min_25,56.99014596346227,-2.517817796243305,57.0,-2.5169602595527416,3.099557438012825,0.9606265153998539,56.980000000000004,57.02,derivative_root,-6.0004223811915836e-12,17.697004724540562,True,31
phase_scrambled,0,29,peak,peak_25,58.47340575020712,-0.05637989437032864,58.480000000000004,-0.05651689660277733,0.4953308179859693,0.7099253603545822,58.46,58.5,derivative_root,-2.4424906541753444e-15,-6.263448876200119,True,61
phase_scrambled,0,29,min,min_26,59.00010174547408,-0.5518477736053151,59.0,-0.5518477145887466,0.4953308179859693,0.4527741390907795,58.980000000000004,59.02,derivative_root,4.2299497238218464e-14,11.402499850130479,True,62
phase_scrambled,0,29,peak,peak_26,59.64926576392271,0.5832104334151922,59.64,0.5825971784600832,0.8444386952591247,0.509054305600348,59.620000000000005,59.660000000000004,derivative_root,3.581679397512971e-11,-14.32340521817816,True,63
phase_scrambled,0,101,peak,peak_1,0.24009803424903386,3.099484471982282,0.24,3.0994844130383754,0.3279991949134322,0.34022328781598427,0.22,0.26,derivative_root,1.1102230246251565e-16,-12.265790807541133,True,64
phase_scrambled,0,101,min,min_1,1.3319007382435568,0.40892752707930685,1.34,0.4094586220786016,0.42020294505409717,0.3465947823529109,1.32,1.36,derivative_root,2.34035013590983e-13,16.337496205917173,True,35
phase_scrambled,0,101,peak,peak_2,1.7282679534008005,0.8300982739925561,1.72,0.8296615671326988,0.42020294505409717,0.3853036766382147,1.7,1.74,derivative_root,4.6629367034256575e-15,-12.831667928068086,True,36
phase_scrambled,0,101,min,min_2,3.1453995384263655,-4.981389886898162,3.14,-4.981151343608218,8.080635756646593,1.5052369488324138,3.12,3.16,derivative_root,1.0224043833773067e-12,16.387563611913574,True,1
phase_scrambled,0,101,peak,peak_3,4.346846885579504,0.737366391234974,4.34,0.7371449944871747,2.5446509786271676,1.0659476193655155,4.32,4.36,derivative_root,-5.662137425588298e-15,-9.442059269054244,True,37
phase_scrambled,0,101,min,min_3,5.5719503563004364,-1.8080147790985783,5.58,-1.807505984139993,2.5446509786271676,0.9899222792124482,5.5600000000000005,5.6000000000000005,derivative_root,-8.748557434046234e-14,15.55430678679975,True,3
phase_scrambled,0,101,peak,peak_4,6.508134911793033,2.4317016205304016,6.5,2.431030539903043,0.7388276351876129,0.41893700036976156,6.48,6.5200000000000005,derivative_root,-1.5198953207118393e-13,-20.083819829702833,True,65
phase_scrambled,0,101,min,min_4,7.023530688897244,1.6921281738946723,7.0200000000000005,1.6922029047154301,0.7388276351876129,0.5247802083571651,7.0,7.04,derivative_root,4.468647674116255e-15,12.003759800730888,True,66
phase_scrambled,0,101,peak,peak_5,7.8144979537805845,3.720050945293376,7.82,3.7196566106339457,8.700807954242164,2.4437226486726775,7.8,7.84,derivative_root,4.574118861455645e-14,-25.910739534606826,True,4
phase_scrambled,0,101,min,min_5,8.768371880757062,-3.4584584619145486,8.76,-3.4570008603837477,6.854329494892369,0.8879432504162117,8.74,8.78,derivative_root,1.712208153037409e-11,41.65608176663603,True,38
phase_scrambled,0,101,peak,peak_6,9.533493583282715,2.1753723844903865,9.540000000000001,2.1743877157571543,4.823906425273293,0.7198332936097279,9.52,9.56,derivative_root,-5.992806251242655e-11,-46.59307026896008,True,39
phase_scrambled,0,101,min,min_6,10.225794197408968,-1.9733505108450144,10.22,-1.9726748057932963,3.9425540853948435,0.7111231188499255,10.200000000000001,10.24,derivative_root,-3.922939750822252e-11,40.20895411347626,True,40
phase_scrambled,0,101,peak,peak_7,11.068044219860726,1.9704351273251441,11.06,1.969879279601547,3.9425540853948435,1.0927540759080103,11.040000000000001,11.08,derivative_root,3.135512682828079e-15,-17.12272597504354,True,6
phase_scrambled,0,101,min,min_7,11.85373869764521,-0.2333594697280165,11.86,-0.2330695476016235,0.2048763042906368,0.25004682037306336,11.84,11.88,derivative_root,9.165668224397905e-12,14.948594516746846,True,67
phase_scrambled,0,101,peak,peak_8,12.137487171058407,-0.02815087337229688,12.14,-0.028193243310986688,0.2048763042906368,0.2620692566745288,12.120000000000001,12.16,derivative_root,5.468958619303521e-13,-13.379308572214827,True,68
phase_scrambled,0,101,min,min_8,13.019350997046585,-2.649522689536288,13.02,-2.649518709516139,4.823906425273293,3.1400007894868964,13.0,13.040000000000001,derivative_root,-3.175237850427948e-14,18.895483393601054,True,41
phase_scrambled,0,101,peak,peak_9,13.799323443368749,-0.3242741580451381,13.8,-0.3242780649164012,1.9214745007451293,0.7419019128569903,13.780000000000001,13.82,derivative_root,-2.976785484776201e-15,-17.07349476304935,True,42
phase_scrambled,0,101,min,min_9,14.594140963532713,-2.2459643097452777,14.6,-2.2457525656615305,1.9214745007451293,0.962241081261875,14.58,14.620000000000001,derivative_root,4.2521541843143495e-14,12.398811682889896,True,43
phase_scrambled,0,101,peak,peak_10,16.479301875453633,3.3973341863602315,16.48,3.397328634508621,6.854329494892369,3.2269736504439175,16.46,16.5,derivative_root,3.347322419244847e-14,-22.776215123045855,True,8
phase_scrambled,0,101,min,min_10,17.309082866429062,0.059077617452813314,17.3,0.05988468052268567,2.4229999573318097,0.7326670730556362,17.28,17.32,derivative_root,-1.687538997430238e-14,19.554855301802466,True,9
phase_scrambled,0,101,peak,peak_11,18.04578591188942,2.483259221337571,18.04,2.4828846378544953,2.4229999573318097,0.7313191964146222,18.02,18.06,derivative_root,-5.5786486541364866e-12,-22.36743287878371,True,10
phase_scrambled,0,101,min,min_11,18.87746216689473,-0.22518085861852427,18.88,-0.22511746317457526,1.785119175023599,0.6455127388308688,18.86,18.900000000000002,derivative_root,-2.8199664825478976e-14,19.658611147762215,True,44
phase_scrambled,0,101,peak,peak_12,19.482227816025567,1.5600577455546338,19.48,1.560001711849024,1.785119175023599,0.6450106959044161,19.46,19.5,derivative_root,8.326672684688674e-15,-22.556593405464998,True,69
phase_scrambled,0,101,min,min_12,21.67299558018389,-6.071915893446573,21.68,-6.071074272473032,9.790730883106978,1.446017836664305,21.66,21.7,derivative_root,-2.683520072821466e-12,34.29296025143806,True,11
phase_scrambled,0,101,peak,peak_13,22.980292562751966,2.8601956006890608,22.98,2.8601945451258493,2.462749350601389,0.6743121363819455,22.96,23.0,derivative_root,-3.089584144078117e-11,-24.663689348845963,True,46
phase_scrambled,0,101,min,min_13,23.682456137134086,0.3973846435747408,23.68,0.39744519452446037,2.462749350601389,0.7633455558193464,23.66,23.7,derivative_root,-3.68594044175552e-14,20.04081092906035,True,47
phase_scrambled,0,101,peak,peak_14,24.447744696392547,2.915463967289477,24.44,2.914518844685474,6.7089126084785935,2.5285108794096325,24.42,24.46,derivative_root,2.2870594307278225e-14,-31.69686345348104,True,12
phase_scrambled,0,101,min,min_14,25.35769362941663,-2.8690725696657005,25.36,-2.8689962256061623,5.292694037781238,0.9217693598887036,25.34,25.38,derivative_root,-1.1595932547514565e-13,28.706089856901194,True,48
phase_scrambled,0,101,peak,peak_15,26.226058653781326,1.9143011614142575,26.22,1.9138024296365435,1.8961754373061581,0.599277805966908,26.2,26.240000000000002,derivative_root,-8.248957072964913e-14,-27.027410431449855,True,49
phase_scrambled,0,101,min,min_15,27.044347526757562,0.017510553930937714,27.04,0.017626992330385366,1.8961754373061581,0.8600243378545929,27.02,27.060000000000002,derivative_root,-3.3073543903583413e-13,12.379550699049314,True,50
phase_scrambled,0,101,peak,peak_16,27.65882403345093,1.444711461316201,27.66,1.4446975468773509,0.5392139566150744,0.3514182615826212,27.64,27.68,derivative_root,-5.4289905904170155e-14,-20.135741389254278,True,70
phase_scrambled,0,101,min,min_16,28.028337220560267,0.9047439223594897,28.02,0.9054835902622764,0.5392139566150744,0.34170440200463875,28.0,28.04,derivative_root,-9.048317650695026e-15,21.413182817751526,True,71
phase_scrambled,0,101,peak,peak_17,28.60201932017609,2.4237416575942103,28.6,2.4236978121750754,5.292694037781238,3.315838904049588,28.580000000000002,28.62,derivative_root,-9.687362023669266e-12,-21.510372965145823,True,51
phase_scrambled,0,101,min,min_17,29.527923926123695,-1.7814083576772703,29.52,-1.780733536394318,2.137619658084563,0.6908119202772105,29.5,29.54,derivative_root,3.6637359812630166e-14,21.387864527678104,True,52
phase_scrambled,0,101,peak,peak_18,30.280343330559013,0.3568874968537405,30.28,0.3568861216902448,2.137619658084563,0.661788174077583,30.26,30.3,derivative_root,6.217248937900877e-15,-23.33876282090187,True,53
phase_scrambled,0,101,min,min_18,31.016002935116678,-3.1580050277914617,31.02,-3.157771612137705,2.510170347655397,0.6434150411144083,31.0,31.04,derivative_root,1.4210854715202004e-14,29.302841670923343,True,72
phase_scrambled,0,101,peak,peak_19,31.701762445470816,-0.647552924556668,31.7,-0.647601264482308,2.510170347655397,0.6321443507519507,31.68,31.720000000000002,derivative_root,-9.658940314238862e-15,-31.14097990537715,True,73
phase_scrambled,0,101,min,min_19,32.39059982858745,-3.7956590556732945,32.4,-3.7943937637931193,6.7089126084785935,2.4328157590688853,32.38,32.42,derivative_root,1.8551826741486366e-13,28.76086783358603,True,15
phase_scrambled,0,101,peak,peak_20,33.56785455988959,3.5097511075782224,33.56,3.509016740556049,5.228202551400935,1.0233637125994073,33.54,33.58,derivative_root,8.257283745649602e-14,-23.74989239141674,True,54
phase_scrambled,0,101,min,min_20,34.56382231639917,-1.7194798518741046,34.56,-1.7191858108448859,5.228202551400935,0.8483389755154349,34.54,34.58,derivative_root,-9.787304300346023e-11,40.27946831074563,True,55
phase_scrambled,0,101,peak,peak_21,35.6772654756023,4.927010116465259,35.68,4.92693884787861,7.832826597777693,1.4581801311553455,35.660000000000004,35.7,derivative_root,1.566524687746096e-13,-19.04660985018906,True,56
phase_scrambled,0,101,min,min_21,37.43033423128437,-2.9063320951580898,37.44,-2.905887749899083,7.832826597777693,5.213379875908568,37.42,37.46,derivative_root,6.102340854852173e-12,9.531830660365085,True,17
phase_scrambled,0,101,peak,peak_22,38.64457247101186,0.6345594626135684,38.64,0.6343968882114274,3.536666333417926,1.5892539303279,38.62,38.660000000000004,derivative_root,-5.1514348342607263e-14,-15.534025703960795,True,18
phase_scrambled,0,101,min,min_22,39.715124632006265,-1.1603986734847487,39.72,-1.1602515993145752,0.9150137390885132,0.6221689831216599,39.7,39.74,derivative_root,3.136380044566067e-13,12.377146804667154,True,74
phase_scrambled,0,101,peak,peak_23,40.30944747501916,-0.24456163590245708,40.300000000000004,-0.245237860226062,0.9150137390885132,0.5244387032515806,40.28,40.32,derivative_root,5.268008251846368e-14,-15.255476184968458,True,75
phase_scrambled,0,101,min,min_23,41.049703210899104,-2.903931436280396,41.04,-2.9022694452064988,3.536666333417926,0.7450345448422877,41.02,41.06,derivative_root,5.620504062164855e-14,35.48223467191886,True,57
phase_scrambled,0,101,peak,peak_24,41.916996551043134,1.85784579098757,41.92,1.8577418291513272,3.1392834756083188,0.8246059301545392,41.9,41.94,derivative_root,-5.10702591327572e-15,-23.074672530104955,True,20
phase_scrambled,0,101,min,min_24,42.62901774382789,-0.31347439268193733,42.62,-0.3127578078993017,1.9607706206870956,0.7644705196908672,42.6,42.64,derivative_root,-9.592326932761353e-14,17.489243724669063,True,76
phase_scrambled,0,101,peak,peak_25,43.4162199158304,1.648177036823341,43.42,1.648012812787794,1.9607706206870956,0.6539523734294471,43.4,43.44,derivative_root,3.930189507173054e-14,-22.942535158083256,True,22
phase_scrambled,0,101,min,min_25,44.127979938760994,-1.2824370502061555,44.12,-1.2815416464569918,3.1392834756083188,0.757416629281197,44.1,44.14,derivative_root,-2.099431739566171e-13,28.023383378633095,True,77
phase_scrambled,0,101,peak,peak_26,44.82067723678347,1.3451547043807948,44.82,1.3451482055209032,2.458805933994847,0.6627800401836157,44.800000000000004,44.84,derivative_root,4.310296564113969e-11,-28.336125922806662,True,78
phase_scrambled,0,101,min,min_26,45.49392425371323,-1.1142552156122958,45.5,-1.113657728473944,2.458805933994847,0.5959230825606665,45.480000000000004,45.52,derivative_root,1.887379141862766e-15,32.21429918196831,True,23
phase_scrambled,0,101,peak,peak_27,46.36945747440804,6.17283395749164,46.36,6.170479278652487,10.689628587623535,1.082052903004669,46.34,46.38,derivative_root,-1.0169642905566434e-13,-52.6333243362932,True,24
phase_scrambled,0,101,min,min_27,47.32827718375255,-2.479711842602053,47.32,-2.478445836551559,2.5648643975218475,0.573376249862813,47.300000000000004,47.34,derivative_root,1.482147737874584e-13,36.77032085443192,True,58
phase_scrambled,0,101,peak,peak_28,47.99031546899331,0.0876676447666157,48.0,0.08641856097028855,2.5648643975218475,0.6840761402114549,47.980000000000004,48.02,derivative_root,1.5054624213917123e-13,-26.62648300061064,True,59
phase_scrambled,0,101,min,min_28,49.0879396665885,-4.51969215980403,49.08,-4.5191493089710475,7.721587957970869,1.9607710585783844,49.06,49.1,derivative_root,7.546463454133345e-12,17.208096220104537,True,25
phase_scrambled,0,101,peak,peak_29,50.68526498312505,1.2631029858326255,50.68,1.2628858813075639,0.6498410300938767,0.44564604348226566,50.660000000000004,50.7,derivative_root,-7.582823258189819e-14,-15.567092058920458,True,79
phase_scrambled,0,101,min,min_29,51.228281673683355,0.6126816167933775,51.22,0.6130448512136871,0.6498410300938767,0.513665332296332,51.2,51.24,derivative_root,-2.824346659324739e-14,10.677686250440232,True,80
phase_scrambled,0,101,peak,peak_30,52.073136965012345,3.203014218446834,52.08,3.202438648999822,5.502751288517965,2.3430177718326015,52.06,52.1,derivative_root,-1.20570220474292e-13,-24.384679719864273,True,60
phase_scrambled,0,101,min,min_30,52.92730071871424,0.11199895156342222,52.92,0.11245348965173356,1.0679309680918285,0.5435495971826003,52.9,52.94,derivative_root,2.9753977059954195e-14,17.01235804959679,True,27
phase_scrambled,0,101,peak,peak_31,53.5283580155794,1.1808499499965197,53.52,1.180384457743562,1.0679309680918285,0.6039558581106758,53.5,53.54,derivative_root,-4.743427872710981e-12,-13.34310068606489,True,28
phase_scrambled,0,101,min,min_31,54.2749997864241,-0.48313040899467424,54.28,-0.48294898132542313,1.2824767892320612,0.6548460329462978,54.26,54.300000000000004,derivative_root,1.9076407120621752e-11,14.529139513263786,True,81
phase_scrambled,0,101,peak,peak_32,54.9744596958007,0.7428978361301568,54.980000000000004,0.7427729464956587,0.4443324608955244,0.6314826767690284,54.96,55.0,derivative_root,-2.5189850205720177e-12,-8.20653522931702,True,82
phase_scrambled,0,101,min,min_32,55.74472101684515,0.29832826385999334,55.74,0.2984404856001343,0.4443324608955244,0.5599833015233526,55.72,55.76,derivative_root,-3.3573144264664734e-12,10.139525894785754,True,83
phase_scrambled,0,101,peak,peak_33,56.15814517230153,0.7995612297809263,56.160000000000004,0.7995278079066381,1.2824767892320612,1.7873370467832683,56.14,56.18,derivative_root,4.107825191113079e-13,-19.388671323682726,True,30
phase_scrambled,0,101,min,min_33,57.09009226250154,-2.3007184724194434,57.1,-2.3003126395181432,3.871468161342321,1.42111585569005,57.08,57.120000000000005,derivative_root,-5.05095965053215e-12,8.252564299793432,True,31
phase_scrambled,0,101,peak,peak_34,58.449030683871,0.6213535939218625,58.44,0.6205925989759205,2.1014870719106584,0.9027092510929743,58.42,58.46,derivative_root,-2.853273173286652e-14,-18.830197268935347,True,61
phase_scrambled,0,101,min,min_34,59.10648972620331,-1.4814607093891135,59.1,-1.4808944729347382,2.1014870719106584,0.6079012746290755,59.08,59.120000000000005,derivative_root,3.930189507173054e-14,26.94524582144066,True,62
phase_scrambled,0,101,peak,peak_35,59.81031862317564,1.5727163778591144,59.82,1.5711555218241775,0.5919093870910678,0.27071204118738024,59.800000000000004,59.84,derivative_root,6.749467651445684e-11,-33.23996094855358,True,63
phase_scrambled,1,5,min,min_1,0.3124210696016585,-1.1801792870257724,0.32,-1.180085649575858,0.23559823477781172,0.5321475825488683,0.3,0.34,derivative_root,2.9531932455029164e-13,3.2986829783990395,True,1
phase_scrambled,1,5,peak,peak_1,2.6666827640893773,2.545615353112471,2.66,2.545571839215494,3.725657488791352,2.6594596456005353,2.64,2.68,derivative_root,1.942890293094024e-16,-1.948494297318498,True,2
phase_scrambled,1,5,min,min_2,5.865242658797086,-3.623220676298096,5.86,-3.623077359088993,6.168649198304487,2.537854486965194,5.84,5.88,derivative_root,-6.772360450213455e-15,10.449834704737095,True,3
phase_scrambled,1,5,peak,peak_2,7.812453927768153,0.657968686277904,7.82,0.6578914118040298,0.3866755364497858,0.7749533399575307,7.8,7.84,derivative_root,2.69562150378988e-13,-2.717053125957066,True,4
phase_scrambled,1,5,min,min_3,8.540562371158437,0.2712149380386977,8.540000000000001,0.27121587535424396,0.3866755364497858,0.5709010746050319,8.52,8.56,derivative_root,-7.882583474838611e-14,5.930378214010692,True,5
phase_scrambled,1,5,peak,peak_3,9.975397529190394,1.9439437452696375,9.98,1.9439189517588913,4.1493650575831165,4.243359301206952,9.96,10.0,derivative_root,-2.913669305826261e-12,-2.3409183419139112,True,6
phase_scrambled,1,5,min,min_4,12.367492543478155,-0.8357429378060044,12.36,-0.8356365419655541,1.7138949394746663,1.7263153838370704,12.34,12.38,derivative_root,-3.2525093729418586e-12,3.845923491305724,True,7
phase_scrambled,1,5,peak,peak_4,13.778304364984606,0.878262300656578,13.780000000000001,0.878258397509112,1.7138949394746663,1.5900684435682866,13.76,13.8,derivative_root,1.2212453270876722e-15,-2.715102984404278,True,8
phase_scrambled,1,5,min,min_5,16.507365173057664,-2.2055870655454815,16.5,-2.2054461058242247,4.1493650575831165,3.045973133496666,16.48,16.52,derivative_root,-7.882583474838611e-15,5.171175779521894,True,9
phase_scrambled,1,5,peak,peak_5,19.059650531079892,2.1026027336748605,19.06,2.102602596034145,5.658649461207712,5.083796895510882,19.04,19.080000000000002,derivative_root,-1.887379141862766e-15,-2.2540161385918385,True,10
phase_scrambled,1,5,min,min_6,20.38368821892133,0.7222484149854926,20.38,0.7222932748115531,0.6727569166463871,0.7396352847479989,20.36,20.400000000000002,derivative_root,1.1379786002407855e-14,6.5856502180770145,True,11
phase_scrambled,1,5,peak,peak_6,21.318586712454454,1.3950527398183246,21.32,1.3950501914579403,0.6727569166463871,1.0431457992643982,21.3,21.34,derivative_root,1.1102230246251565e-15,-2.5515952417987613,True,12
phase_scrambled,1,5,min,min_7,24.151747878333563,-3.5565016122510276,24.16,-3.556046865173567,5.658649461207712,2.386423682135628,24.14,24.18,derivative_root,3.552713678800501e-14,13.279559541450883,True,13
phase_scrambled,1,5,peak,peak_7,26.458660841088207,1.8850197113229994,26.46,1.885017752330147,3.2644568134429695,2.3646563372155014,26.44,26.48,derivative_root,-6.38378239159465e-15,-2.184666969183855,True,14
phase_scrambled,1,5,min,min_8,28.409374139839755,-1.3797105722528555,28.400000000000002,-1.3794390611128224,3.2644568134429695,1.5500271395406344,28.38,28.42,derivative_root,1.241229341530925e-13,6.178004093659562,True,15
phase_scrambled,1,5,peak,peak_8,30.375281392949216,1.9545444379263586,30.38,1.954519686055559,4.045154999848147,2.6265080533269747,30.36,30.400000000000002,derivative_root,3.2751579226442118e-15,-2.2234819741151814,True,16
phase_scrambled,1,5,min,min_9,33.35997714312392,-2.090635315079709,33.36,-2.0906353137925877,4.045154999848147,4.303949389723575,33.34,33.38,derivative_root,3.175237850427948e-14,4.9274869388697695,True,17
phase_scrambled,1,5,peak,peak_9,37.702705375206776,2.639214159954268,37.7,2.639207045778285,6.2622844048672786,4.210488761200472,37.68,37.72,derivative_root,2.4147350785597155e-15,-1.943971737203679,True,18
phase_scrambled,1,5,min,min_10,40.04114472634332,-2.339707682935673,40.04,-2.339699894596026,4.24284498962761,1.9288137279424247,40.02,40.06,derivative_root,-7.194245199571014e-14,11.8832075029143,True,19
phase_scrambled,1,5,peak,peak_10,41.3932008763205,-0.18584494960657205,41.4,-0.18591976535243904,0.8972251276749871,1.0717210766338667,41.38,41.42,derivative_root,1.892930256985892e-14,-3.2381726913900324,True,20
phase_scrambled,1,5,min,min_11,42.38722398301905,-1.0832996423338503,42.38,-1.0831448930274261,0.8972251276749871,1.9596740395170036,42.36,42.4,derivative_root,4.107825191113079e-15,5.912204904467544,True,21
phase_scrambled,1,5,peak,peak_11,43.12577815135105,-0.646673901894631,43.12,-0.6467204343611221,0.17906863012722773,0.5318932274295457,43.1,43.14,derivative_root,3.3306690738754696e-15,-2.782931625515034,True,22
phase_scrambled,1,5,min,min_12,43.64579692407055,-0.8258704922177551,43.64,-0.8257890644883499,0.17906863012722773,0.41837039808686316,43.62,43.660000000000004,derivative_root,-4.835021272242557e-13,4.884031779632165,True,23
phase_scrambled,1,5,peak,peak_12,44.91351571303222,0.6263985225075535,44.92,0.6263371327501435,0.6783821121043989,0.9866737796161943,44.9,44.94,derivative_root,4.218847493575595e-15,-2.921139701458638,True,24
phase_scrambled,1,5,min,min_13,45.815795763157595,-0.05210151919972639,45.82,-0.05204497935425545,0.6783821121043989,0.7613893931236908,45.800000000000004,45.84,derivative_root,2.4688723287979997e-12,6.392717813937748,True,25
phase_scrambled,1,5,peak,peak_13,46.83520317048196,0.8525773353438638,46.84,0.8525445319554379,0.45324658902410775,0.8239589471045656,46.82,46.86,derivative_root,1.5076828674409626e-13,-2.8525853087940822,True,26
phase_scrambled,1,5,min,min_14,47.60007056455195,0.39929792759365945,47.6,0.39929794293133014,0.45324658902410775,0.6101585827459439,47.58,47.62,derivative_root,2.020605904817785e-14,6.160801221852274,True,27
phase_scrambled,1,5,peak,peak_14,48.978150653524985,1.9031489124813654,48.980000000000004,1.9031450950315834,4.24284498962761,6.1853699812560174,48.96,49.0,derivative_root,-4.551914400963142e-15,-2.2325075785105355,True,28
phase_scrambled,1,5,min,min_15,51.51215641035196,-5.303807351490612,51.52,-5.303134194610381,7.385418453570103,1.6750330723460685,51.5,51.54,derivative_root,-4.418687638008123e-14,21.881199708743853,True,29
phase_scrambled,1,5,peak,peak_15,54.10261757114181,2.0822916535878098,54.1,2.0822842589597217,3.3536543820064013,3.913261459097039,54.08,54.120000000000005,derivative_root,3.3306690738754696e-15,-2.15867984505738,True,30
phase_scrambled,1,5,min,min_16,55.56114913754479,0.4162708679323237,55.56,0.4162747761997261,0.3723541733153466,0.5595724469692414,55.54,55.58,derivative_root,3.1530333899354446e-14,5.913462423656709,True,31
phase_scrambled,1,5,peak,peak_16,56.26737851264791,0.7887059788955456,56.26,0.7886289495150727,0.3723541733153466,0.7501757730055033,56.24,56.28,derivative_root,-4.0101255649460654e-13,-2.8327127570418984,True,32
phase_scrambled,1,5,min,min_17,57.29827343624185,-0.14201158718203943,57.300000000000004,-0.142002138355933,0.6336813624177151,0.7329811111573963,57.28,57.32,derivative_root,-3.4139358007223564e-14,6.342106125161696,True,33
phase_scrambled,1,5,peak,peak_17,58.17279050293597,0.4917558818527628,58.18,0.49167922406178216,0.6336813624177151,0.9487674078656982,58.160000000000004,58.2,derivative_root,3.175237850427948e-14,-2.948229021803873,True,34
phase_scrambled,1,29,min,min_1,1.0781055562892565,-0.938351274731499,1.08,-0.9383387614462683,1.0972980888811834,0.8603502943112575,1.06,1.1,derivative_root,1.3433698597964394e-14,6.982801278805127,True,35
phase_scrambled,1,29,peak,peak_1,2.960876575436863,3.966744928664688,2.96,3.9667418170364197,4.905080578482688,1.7033546726907636,2.94,2.98,derivative_root,-1.1102230246251565e-15,-8.101802385803834,True,2
phase_scrambled,1,29,min,min_2,4.581509129117126,-3.2693804246869016,4.58,-3.2693545075694574,6.572468211222649,3.3056792932921435,4.5600000000000005,4.6000000000000005,derivative_root,-1.1435297153639112e-14,22.745875116483354,True,36
phase_scrambled,1,29,peak,peak_2,5.268847467749112,-1.631313740285609,5.26,-1.6317813596232604,0.7977011386720838,0.5650480871298647,5.24,5.28,derivative_root,9.658940314238862e-15,-11.877262878950383,True,37
phase_scrambled,1,29,min,min_3,5.971135630170581,-2.429629303226889,5.98,-2.4294824982953442,0.7977011386720838,1.1095669186297743,5.96,6.0,derivative_root,5.306199923893473e-12,3.810363260929545,True,3
phase_scrambled,1,29,peak,peak_3,7.441580945894398,0.1749766016108164,7.44,0.17496603646513692,0.11594570207404531,0.2486932404089748,7.42,7.46,derivative_root,-6.0607838192616725e-12,-8.429241455794148,True,4
phase_scrambled,1,29,min,min_4,7.726425867447958,0.05886428589415127,7.72,0.05902033439109161,0.11594570207404531,0.2633593173740803,7.7,7.74,derivative_root,-5.159206395433102e-13,7.618498885682275,True,38
phase_scrambled,1,29,peak,peak_4,10.450679282165718,2.2862787669590983,10.46,2.2858394896579552,5.322695244677359,4.20384465537858,10.44,10.48,derivative_root,-1.5765166949677223e-14,-10.053676394540567,True,6
phase_scrambled,1,29,min,min_5,11.924684713917284,-2.3583155930360613,11.92,-2.358136267529794,4.518767617902693,1.2307442084891909,11.9,11.94,derivative_root,-2.1984303266719962e-11,16.364928481752976,True,7
phase_scrambled,1,29,peak,peak_5,13.19853636428308,2.160643487330701,13.200000000000001,2.160631350372899,4.518767617902693,1.3322128970926883,13.18,13.22,derivative_root,-2.3314683517128287e-15,-11.322187733568098,True,39
phase_scrambled,1,29,min,min_6,14.315663783297163,-1.577268314952835,14.32,-1.5771570930743246,1.286742738570055,0.7767147339982922,14.3,14.34,derivative_root,9.592326932761353e-14,11.875564595575142,True,40
phase_scrambled,1,29,peak,peak_6,15.494255222996038,-0.2903161962161884,15.5,-0.29041435450426967,1.286742738570055,1.3509117976274638,15.48,15.52,derivative_root,-2.1871393585115584e-13,-5.949697308310434,True,41
phase_scrambled,1,29,min,min_7,17.252147753740097,-3.0373388475953575,17.26,-3.0368557550194035,5.322695244677359,2.143148359145687,17.240000000000002,17.28,derivative_root,-5.88418203051333e-14,15.528694424726929,True,42
phase_scrambled,1,29,peak,peak_7,18.53964465709955,3.303114542201092,18.54,3.3031137036531915,6.572468211222649,4.889024178096572,18.52,18.56,derivative_root,-7.382983113757291e-15,-13.28531895680976,True,43
phase_scrambled,1,29,min,min_8,19.765937915563672,0.8149266092481753,19.76,0.8150560006001273,0.5632666853054145,0.595912134610478,19.740000000000002,19.78,derivative_root,-5.10702591327572e-15,7.32324488848243,True,44
phase_scrambled,1,29,peak,peak_8,20.469829214691107,1.3785371987955124,20.46,1.3783226859055417,0.5632666853054145,0.7511431177068448,20.44,20.48,derivative_root,-4.603817327364368e-13,-4.445752185759227,True,45
phase_scrambled,1,29,min,min_9,21.475041127274437,0.12662924177713042,21.48,0.12677699723571378,1.459934720564125,0.8563081178472975,21.46,21.5,derivative_root,4.490852134608758e-14,11.9867666206972,True,46
phase_scrambled,1,29,peak,peak_9,22.216559081631857,1.5867898034924575,22.22,1.5867117177998389,1.459934720564125,0.7190551542681624,22.2,22.240000000000002,derivative_root,4.073963388862012e-13,-13.188227608126882,True,47
phase_scrambled,1,29,min,min_10,23.86172249033451,-4.8056313624244105,23.86,-4.805602686861196,8.772344503897616,1.9527924615251824,23.84,23.88,derivative_root,3.11972669919669e-14,19.343542274298073,True,13
phase_scrambled,1,29,peak,peak_10,26.50046892924635,2.668268774623193,26.5,2.668267825928413,5.9251130362516635,2.589839155285631,26.48,26.52,derivative_root,1.4210854715202004e-14,-8.63055429052132,True,14
phase_scrambled,1,29,min,min_11,27.910581080355772,-1.8097240559804655,27.92,-1.8089908499547098,3.774317957093216,1.3612335545417091,27.900000000000002,27.94,derivative_root,-1.8568480086855743e-14,16.595796672247918,True,15
phase_scrambled,1,29,peak,peak_11,29.383003825372096,1.8866378923023688,29.38,1.8865730487056604,1.6865632696229134,0.7585279489851655,29.36,29.400000000000002,derivative_root,-2.460920356384122e-12,-14.369899082544237,True,48
phase_scrambled,1,29,min,min_12,30.215405798582385,0.19991252104290932,30.22,0.20000977908274697,1.6865632696229134,0.8976051244632436,30.2,30.240000000000002,derivative_root,3.6415315207705135e-14,9.211897560044365,True,49
phase_scrambled,1,29,peak,peak_12,31.143003535795525,1.9653696824207838,31.14,1.9653271071385061,3.774317957093216,3.1137668864502714,31.12,31.16,derivative_root,1.8987034167139427e-12,-9.431725419382715,True,50
phase_scrambled,1,29,min,min_13,33.88971527884521,-3.2571377057376414,33.88,-3.2568452103232506,5.9251130362516635,2.8059619917736973,33.86,33.9,derivative_root,6.328271240363392e-15,6.12298744799384,True,51
phase_scrambled,1,29,peak,peak_13,35.192193299580886,1.5610589919103888,35.2,1.560520992153552,2.9855265878113455,0.8867660152691087,35.18,35.22,derivative_root,1.0900169655769787e-11,-17.682794068163993,True,52
phase_scrambled,1,29,min,min_14,36.18812636492023,-1.4254350513120273,36.18,-1.4250055956577934,2.9855265878113455,0.9802270912419135,36.160000000000004,36.2,derivative_root,1.4856005314811682e-11,13.048658160621374,True,53
phase_scrambled,1,29,peak,peak_14,37.45515212545729,4.151658342859064,37.46,4.151472429724285,8.95707511658548,3.0356109470150976,37.44,37.480000000000004,derivative_root,-3.742761656155835e-11,-15.840579106952182,True,18
phase_scrambled,1,29,min,min_15,38.623963616913834,0.648515000177042,38.62,0.6486097096788952,0.6937431247195098,0.5135050560915534,38.6,38.64,derivative_root,1.5543122344752192e-15,12.056688934420652,True,54
phase_scrambled,1,29,peak,peak_15,39.14542534072686,1.3425621468209177,39.14,1.342352834398405,0.6937431247195098,0.4674756015146431,39.12,39.160000000000004,derivative_root,8.357138765735517e-15,-14.277214037679146,True,55
phase_scrambled,1,29,min,min_16,40.15604425871743,-2.70914793714955,40.160000000000004,-2.7090327820158113,3.452921958796673,1.4679677467415968,40.14,40.18,derivative_root,7.456590900289939e-12,14.809731813245339,True,19
phase_scrambled,1,29,peak,peak_16,42.168497774173446,0.7440111752645251,42.160000000000004,0.743889176780862,3.452921958796673,1.6921993306626701,42.14,42.18,derivative_root,1.6178169914837781e-12,-3.4332115174728504,True,56
phase_scrambled,1,29,min,min_17,43.491011968205136,-3.4795713253975507,43.5,-3.478739798904447,6.368489305590285,1.3286455143005425,43.480000000000004,43.52,derivative_root,2.6867397195928788e-14,20.514459712069613,True,23
phase_scrambled,1,29,peak,peak_17,44.67717159594129,2.8898166223549873,44.68,2.889749506685838,6.368489305590285,1.4034161924194815,44.660000000000004,44.7,derivative_root,-1.7930101847696278e-14,-16.79401165797933,True,24
phase_scrambled,1,29,min,min_18,45.885014255265126,-1.7165281828153622,45.88,-1.7162826990310505,3.9961546770327487,1.0920735888877697,45.86,45.9,derivative_root,7.531752999057062e-13,19.522398439249326,True,25
phase_scrambled,1,29,peak,peak_18,46.91297682900985,1.4312255681398187,46.92,1.4309350671167,1.122492026153616,0.6663237977073823,46.9,46.94,derivative_root,-2.5979218776228663e-14,-11.80829253002197,True,26
phase_scrambled,1,29,min,min_19,47.60246656388301,0.30839909435119656,47.6,0.3084430409630841,1.122492026153616,0.6230461829182059,47.58,47.62,derivative_root,1.021405182655144e-14,14.46162864972294,True,27
phase_scrambled,1,29,peak,peak_19,48.593906376528736,2.279949260771015,48.6,2.2798719780016983,3.9961546770327487,3.0921113956327644,48.58,48.620000000000005,derivative_root,-1.885436251569672e-12,-4.165622014017659,True,28
phase_scrambled,1,29,min,min_20,49.76440143924178,0.03858056547164354,49.76,0.03868984411636317,0.6616441805171689,0.5221945371679522,49.74,49.78,derivative_root,-2.4349189331474008e-11,11.29088332287355,True,57
phase_scrambled,1,29,peak,peak_20,50.27817929085714,0.7003578763613829,50.28,0.7003340246335321,0.6616441805171689,0.45480336850245295,50.26,50.300000000000004,derivative_root,-3.9718228705964975e-14,-14.370263120455741,True,58
phase_scrambled,1,29,min,min_21,51.484243338122205,-6.107812120342498,51.480000000000004,-6.107522849543271,9.474435763599322,1.4357518943573724,51.46,51.5,derivative_root,-6.248845885181709e-11,32.106792108368055,True,29
phase_scrambled,1,29,peak,peak_21,52.744121248687506,0.6877931439443653,52.74,0.6876905856366263,0.5368813501948344,0.45623918582083206,52.72,52.76,derivative_root,6.8833827526759706e-15,-12.021867153336885,True,59
phase_scrambled,1,29,min,min_22,53.319170339241786,0.15080724891438685,53.32,0.15080923544179198,0.5368813501948344,0.6370194623447969,53.300000000000004,53.34,derivative_root,-1.532107773982716e-14,5.773227199029858,True,60
phase_scrambled,1,29,peak,peak_22,54.70623519036966,3.367157548467415,54.7,3.3669129140560514,5.098293370782919,1.6148387124665533,54.68,54.72,derivative_root,-9.476641693595411e-12,-12.574190835610734,True,61
phase_scrambled,1,29,min,min_23,56.07504213405251,-0.9825663301856686,56.08,-0.982507090483624,2.4125629671937343,1.282048123518034,56.06,56.1,derivative_root,2.8143043451223093e-12,4.862784513790675,True,62
phase_scrambled,1,29,peak,peak_23,57.465777766287005,1.4301904249885253,57.46,1.4300558767101101,2.4125629671937343,1.5725109639232597,57.44,57.480000000000004,derivative_root,3.275157922644212e-14,-8.062488541798238,True,63
phase_scrambled,1,29,min,min_24,59.50418061171628,-1.7314266762580648,59.5,-1.731380456726868,0.2533186553051425,0.5082765709733758,59.480000000000004,59.52,derivative_root,2.232269924462571e-12,5.248056387991749,True,64
phase_scrambled,1,101,min,min_1,0.4472430637026236,-1.518212130796615,0.44,-1.5176754330329598,1.6990449803920136,0.625505574835095,0.42,0.46,derivative_root,-4.498201811031777e-11,20.433023850440982,True,65
phase_scrambled,1,101,peak,peak_1,1.2302142373305605,0.6429777867688838,1.24,0.6421490391165222,1.4415196066970277,0.6208538897297895,1.22,1.26,derivative_root,1.7762378373697985e-11,-17.280351089256136,True,66
phase_scrambled,1,101,min,min_2,1.805689165245836,-0.799830791876502,1.8,-0.7993705675805054,1.4415196066970277,0.48788212373464973,1.78,1.82,derivative_root,-5.639932965095795e-14,28.560277796404954,True,67
phase_scrambled,1,101,peak,peak_2,2.822164267956903,5.190647377914972,2.82,5.190588543031955,6.708263976064915,1.2096031277096502,2.8000000000000003,2.84,derivative_root,-4.276945464454229e-11,-25.132247648725837,True,2
phase_scrambled,1,101,min,min_3,4.7367977641617225,-3.047635333227091,4.74,-3.047552228469108,6.885126710682998,4.323368681566053,4.72,4.76,derivative_root,4.951594689828198e-14,16.250388429979424,True,36
phase_scrambled,1,101,peak,peak_3,5.499751467927077,-1.8282745778340082,5.5,-1.8282747158611743,0.840745602888461,0.8367312113204105,5.48,5.5200000000000005,derivative_root,-5.773159728050814e-15,-4.470376395235316,True,37
phase_scrambled,1,101,min,min_4,6.408121705784739,-2.6693477358489064,6.4,-2.6690203187496353,0.840745602888461,0.6745950726517117,6.38,6.42,derivative_root,-2.939981591509877e-12,10.070528422118311,True,3
phase_scrambled,1,101,peak,peak_4,7.271205839079556,0.38408869558915687,7.28,0.38334415915294384,1.0530758322560136,0.4935884406295145,7.26,7.3,derivative_root,1.609823385706477e-15,-19.37276033164194,True,4
phase_scrambled,1,101,min,min_5,7.798663455461432,-0.669749527401349,7.8,-0.6697316731030698,1.0530758322560136,0.5089988901314814,7.78,7.82,derivative_root,2.1516122217235534e-13,19.990202707072164,True,38
phase_scrambled,1,101,peak,peak_5,8.70966304601022,2.088557613127246,8.700000000000001,2.087786616555352,2.1093249957534335,0.758848538605065,8.68,8.72,derivative_root,-7.972930041871829e-14,-16.506687603154976,True,68
phase_scrambled,1,101,min,min_6,9.42549140318914,-0.021857886083525152,9.42,-0.02153837919808141,2.1093249957534335,0.6824001483092957,9.4,9.44,derivative_root,-3.427813588530171e-15,21.157991708506277,True,69
phase_scrambled,1,101,peak,peak_6,10.315968414534396,3.740447750107708,10.32,3.7401941708915594,6.309061176738993,1.1448842469746934,10.3,10.34,derivative_root,-1.199040866595169e-14,-31.159840229786923,True,6
phase_scrambled,1,101,min,min_7,11.251487253785877,-1.2527243658508764,11.26,-1.2522183420013646,0.5847742042181456,0.43885456370391696,11.24,11.28,derivative_root,2.4003021792395884e-12,14.167192558902872,True,70
phase_scrambled,1,101,peak,peak_7,11.77772715492528,-0.6674149314257926,11.78,-0.667444137783219,0.5847742042181456,0.5068686174963796,11.76,11.8,derivative_root,-1.5543122344752192e-15,-11.296075717066715,True,71
phase_scrambled,1,101,min,min_8,12.290527779711542,-1.3158161298632436,12.3,-1.3153119215906082,4.376153043113868,2.1423312914474923,12.280000000000001,12.32,derivative_root,1.1316614312306683e-11,11.269486756512984,True,7
phase_scrambled,1,101,peak,peak_8,13.36722791340852,3.0617058171428817,13.36,3.0608411215232603,4.376153043113868,0.8336636757243423,13.34,13.38,derivative_root,-2.2753354755877808e-11,-33.13842758774393,True,39
phase_scrambled,1,101,min,min_9,14.357000396629527,-2.361443286862087,14.36,-2.361360735792406,2.5828432092602225,0.799956771299087,14.34,14.38,derivative_root,-2.8976820942716586e-14,18.382507456525065,True,40
phase_scrambled,1,101,peak,peak_9,15.36849495042507,0.22179543991654035,15.36,0.22148247346781638,2.5828432092602225,1.2542005439256991,15.34,15.38,derivative_root,5.5067062021407764e-14,-8.67576602364002,True,41
phase_scrambled,1,101,min,min_10,16.553654880768793,-2.569149903377338,16.56,-2.5688670058474337,6.309061176738993,4.255777394743336,16.54,16.580000000000002,derivative_root,8.905098880518381e-13,14.166070171392525,True,72
phase_scrambled,1,101,peak,peak_10,16.988298696476043,-2.1856111984442506,16.98,-2.18586342418809,0.1145487701472212,0.2667878506080251,16.96,17.0,derivative_root,-2.986499936241671e-14,-7.268343162398558,True,73
phase_scrambled,1,101,min,min_11,17.26990936344164,-2.3008379075411427,17.26,-2.300412194335311,0.1145487701472212,0.24434254355870508,17.240000000000002,17.28,derivative_root,-2.6579849432550873e-12,8.831376927407106,True,42
phase_scrambled,1,101,peak,peak_11,18.711079667697508,3.8382915458986293,18.72,3.83757448221389,6.885126710682998,1.4959992078455662,18.7,18.740000000000002,derivative_root,-1.687538997430238e-14,-18.089993361429684,True,43
phase_scrambled,1,101,min,min_12,19.70869709196918,0.04334540529609232,19.7,0.044090909889646146,2.0154293928806912,0.7058946157371907,19.68,19.72,derivative_root,-2.1316282072803006e-14,19.62462482121858,True,44
phase_scrambled,1,101,peak,peak_12,20.50957816488214,2.0602021123362433,20.5,2.0595203027703373,2.0154293928806912,0.8047402034113111,20.48,20.52,derivative_root,-1.2091772028099967e-11,-14.894850706662575,True,45
phase_scrambled,1,101,min,min_13,21.403298851551465,-0.3461759370350383,21.400000000000002,-0.3460918355385301,2.469538399722987,0.8748187482198455,21.38,21.42,derivative_root,-3.708144902248023e-14,15.486702995931733,True,46
phase_scrambled,1,101,peak,peak_13,22.184558356944677,2.1236960049761193,22.18,2.123446564184457,2.469538399722987,0.724788958899062,22.16,22.2,derivative_root,-1.5559664667819106e-11,-24.02270489007352,True,47
phase_scrambled,1,101,min,min_14,24.00556393285658,-4.545970535188268,24.0,-4.545698995364022,9.030930621754834,2.168990672139744,23.98,24.02,derivative_root,-6.661338147750939e-16,17.58941304203427,True,13
phase_scrambled,1,101,peak,peak_14,25.255622711565866,1.0148206719904902,25.26,1.0146990831350702,0.8528306289352818,0.5416785133133908,25.240000000000002,25.28,derivative_root,1.2952972028301701e-12,-12.695860233409547,True,74
phase_scrambled,1,101,min,min_15,25.800610716940348,0.161865147734888,25.8,0.16186845419978835,0.8528306289352818,0.47009400286251096,25.78,25.82,derivative_root,-1.7175150190951172e-13,17.739246495260353,True,75
phase_scrambled,1,101,peak,peak_15,26.64220688545126,3.717278562132211,26.64,3.7172132543009044,8.080506615576617,2.47628269219867,26.62,26.66,derivative_root,-2.071676163950542e-13,-26.82090506236463,True,14
phase_scrambled,1,101,min,min_16,27.679074438596576,-2.3813472538239706,27.68,-2.381334675312135,4.130091616347532,0.9020670998954665,27.66,27.7,derivative_root,3.0531133177191805e-14,29.373614274165377,True,15
phase_scrambled,1,101,peak,peak_16,28.46335547567956,0.21937729921506302,28.46,0.21931928417345226,0.17768100812555754,0.2796986875115954,28.44,28.48,derivative_root,-3.810764204192907e-12,-10.243128332140572,True,76
phase_scrambled,1,101,min,min_17,28.78334162924993,0.04158399104713415,28.78,0.04163827604789473,0.17768100812555754,0.2869653131183668,28.76,28.8,derivative_root,-4.069300452158586e-12,9.770893212218995,True,77
phase_scrambled,1,101,peak,peak_17,29.551883592025547,1.7492844587743301,29.560000000000002,1.7487569410353974,4.130091616347532,4.090372426192484,29.54,29.580000000000002,derivative_root,6.48880948972419e-12,-16.031769166122153,True,48
phase_scrambled,1,101,min,min_18,30.244565205111154,0.37284659386929225,30.240000000000002,0.3729820171684283,1.1805689690495647,0.6583299849164814,30.22,30.26,derivative_root,2.1249668691325496e-13,12.99361602398179,True,49
phase_scrambled,1,101,peak,peak_18,30.910055538040222,1.554115864973323,30.92,1.553550986217993,1.1805689690495647,1.0564680729341944,30.900000000000002,30.94,derivative_root,-4.107825191113079e-15,-11.527853949885028,True,50
phase_scrambled,1,101,min,min_19,32.892116094369754,-2.6901988121770595,32.9,-2.6894101967560453,1.329114422586337,0.49839833116748194,32.88,32.92,derivative_root,1.5010215292932116e-13,25.43630009142675,True,78
phase_scrambled,1,101,peak,peak_19,33.42916832749173,-1.3594526300602758,33.42,-1.3602957741697084,1.329114422586337,0.5724578155223798,33.4,33.44,derivative_root,-5.10702591327572e-14,-20.002723090777934,True,79
phase_scrambled,1,101,min,min_20,34.274849092878796,-4.363903656975765,34.28,-4.363293361275712,8.080506615576617,2.4301786935031715,34.26,34.300000000000004,derivative_root,-3.0098146197587994e-13,45.754367408348934,True,51
phase_scrambled,1,101,peak,peak_20,35.111576735474976,2.839716918694848,35.12,2.8383361262418374,5.034835111626764,0.7635526462597818,35.1,35.14,derivative_root,-2.1131763006110305e-11,-39.04525713207344,True,52
phase_scrambled,1,101,min,min_21,35.90947419548027,-2.1982198676271323,35.9,-2.196498985384926,5.034835111626764,0.9308560872359157,35.88,35.92,derivative_root,2.1316282072803006e-14,38.16678006145179,True,53
phase_scrambled,1,101,peak,peak_21,37.74054342447426,4.485235304699412,37.74,4.485231626390811,9.030930621754834,2.0569994674223064,37.72,37.76,derivative_root,4.851674617611934e-14,-24.915895142495167,True,18
phase_scrambled,1,101,min,min_22,38.60451250236524,-0.5903203379887039,38.6,-0.5899244548070105,2.861215211284836,0.5938048779423661,38.58,38.62,derivative_root,7.58682006107847e-11,38.85787222932837,True,54
phase_scrambled,1,101,peak,peak_22,39.23042317440429,2.2728878374864165,39.24,2.2712907564778253,2.861215211284836,0.6115818916236913,39.22,39.26,derivative_root,1.785077641258681e-11,-34.78094735049083,True,55
phase_scrambled,1,101,min,min_23,40.06834371975164,-3.6416020830584985,40.06,-3.6400843689772646,7.7688348812896075,2.035746811676449,40.04,40.08,derivative_root,4.829470157119431e-14,43.397581984645356,True,19
phase_scrambled,1,101,peak,peak_23,40.68970221258338,-1.248845702141818,40.68,-1.2497473644308816,0.5679686946135771,0.37198671224793545,40.660000000000004,40.7,derivative_root,-1.927624726505428e-13,-18.941451827974763,True,80
phase_scrambled,1,101,min,min_24,41.118382246516504,-1.817736533506946,41.12,-1.8177160590444588,0.5679686946135771,0.4017149532327812,41.1,41.14,derivative_root,-1.0347278589506459e-13,15.627493447389714,True,81
phase_scrambled,1,101,peak,peak_24,42.05352835918969,2.0539110820073168,42.06,2.053400171154644,4.716522624329585,0.9715512610693804,42.04,42.08,derivative_root,6.19157503045642e-14,-24.34291650280744,True,56
phase_scrambled,1,101,min,min_25,42.95658510195496,-2.663260880114284,42.96,-2.6631224531749402,4.716522624329585,1.8068119384672354,42.94,42.980000000000004,derivative_root,1.1491918527894995e-12,23.83129474353194,True,82
phase_scrambled,1,101,peak,peak_25,43.57518116784626,-1.5239389003162007,43.58,-1.5240468318228824,0.22477038564868468,0.3271655928337077,43.56,43.6,derivative_root,-6.0285110237146e-14,-9.339065237928878,True,83
phase_scrambled,1,101,min,min_26,43.92126300638069,-1.748826879828834,43.92,-1.748817217471567,0.22477038564868468,0.29038953580102317,43.9,43.94,derivative_root,1.840372299000137e-11,12.143657935099958,True,23
phase_scrambled,1,101,peak,peak_26,44.93602176035079,4.129045460083954,44.94,4.128750512312343,7.7688348812896075,1.0402805118869674,44.92,44.96,derivative_root,1.7262191676081784e-11,-37.25605042940337,True,24
phase_scrambled,1,101,min,min_27,45.85864522219972,-3.5070660085970964,45.86,-3.50702162641338,6.652855340139546,0.849461958713091,45.84,45.88,derivative_root,3.885780586188048e-14,48.378651024256676,True,25
phase_scrambled,1,101,peak,peak_27,46.76959880071136,2.5561538613487196,46.76,2.5549450753609326,3.253647460341498,0.7588115722473685,46.74,46.78,derivative_root,-5.760836252477475e-11,-26.178846939313345,True,26
phase_scrambled,1,101,min,min_28,47.59561141002066,-0.6989473258362385,47.6,-0.6987023849805655,3.253647460341498,0.8067636849953488,47.58,47.62,derivative_root,7.09432512735475e-14,25.408616697313633,True,27
phase_scrambled,1,101,peak,peak_28,48.581712191269716,3.1458480820041377,48.58,3.1458337137261654,6.652855340139546,1.5327234954592677,48.56,48.6,derivative_root,-9.981793169799857e-12,-9.800501475422216,True,28
phase_scrambled,1,101,min,min_29,49.575378219240235,-0.9894391905611295,49.58,-0.989145474918779,3.0129387187367445,0.7286019104887237,49.56,49.6,derivative_root,-6.64329702360078e-14,27.556530596946587,True,57
phase_scrambled,1,101,peak,peak_29,50.31688217430786,2.023955513160686,50.32,2.0237932438179653,3.0129387187367445,0.6562071677299446,50.300000000000004,50.34,derivative_root,1.0053069487980792e-13,-33.34085323820599,True,58
phase_scrambled,1,101,min,min_30,51.35716703068821,-7.101788158188029,51.36,-7.101589033689517,10.152927155130037,1.1436976360495101,51.34,51.38,derivative_root,-4.989231250362991e-11,49.64120666940749,True,29
phase_scrambled,1,101,peak,peak_30,52.440954809474874,0.165801224408599,52.44,0.16579037356681126,1.1385539758089886,0.46882192743896667,52.42,52.46,derivative_root,-2.55351295663786e-15,-23.79949020441866,True,59
phase_scrambled,1,101,min,min_31,52.9281022454403,-0.973577887863477,52.92,-0.9727636022421775,1.1385539758089886,0.4672233581581349,52.9,52.94,derivative_root,-2.4158716693811755e-11,24.854870850940742,True,60
phase_scrambled,1,101,peak,peak_31,53.95211546753371,2.0309810314898145,53.96,2.030710883594491,0.2881314340665302,0.38355920501505353,53.94,53.980000000000004,derivative_root,-1.1435297153639112e-14,-8.745526485790371,True,84
phase_scrambled,1,101,min,min_32,54.360212096486364,1.7425792229327546,54.36,1.7425794495279607,0.2881314340665302,0.36328716827211793,54.34,54.38,derivative_root,-9.017786517517834e-14,10.076209648027344,True,85
phase_scrambled,1,101,peak,peak_32,55.122074490393416,3.051371139535603,55.120000000000005,3.05133812144052,4.988156842674076,2.2763214085336405,55.1,55.14,derivative_root,7.585709838053845e-12,-15.393338365186448,True,61
phase_scrambled,1,101,min,min_33,56.1736851170024,-1.9371764769390294,56.18,-1.9368187212335564,3.509035282513673,0.9174495557467344,56.160000000000004,56.2,derivative_root,-2.089672879179716e-11,17.915500299221193,True,62
phase_scrambled,1,101,peak,peak_33,57.125215243112706,1.5723982794710039,57.120000000000005,1.5722165612801167,3.076116200123594,1.9154485710305653,57.1,57.14,derivative_root,-1.8884893648873913e-13,-13.270027186354064,True,63
phase_scrambled,1,101,min,min_34,57.90999930258113,0.5955150896353657,57.92,0.5959023028252366,0.20871469668408915,0.3504696462000356,57.9,57.94,derivative_root,1.63202784619898e-14,7.773697893750924,True,86
phase_scrambled,1,101,peak,peak_34,58.261044905340846,0.804623093929089,58.26,0.8046169995093257,0.20871469668408915,0.29282933249939563,58.24,58.28,derivative_root,6.230460591893916e-12,-11.184870493864075,True,87
phase_scrambled,1,101,min,min_35,59.13950605200709,-1.5039004300192287,59.14,-1.5038996388434773,0.2002906482399167,0.5025798841516916,59.120000000000005,59.160000000000004,derivative_root,2.5923707624997405e-14,6.495397872953116,True,64
shuffled_rates,0,5,peak,peak_1,2.488630760607671,2.053771953680124,2.48,2.0536878407244896,5.630027914068556,4.634615059963878,2.46,2.5,derivative_root,7.993605777301127e-15,-2.2600780890059187,True,1
shuffled_rates,0,5,min,min_1,3.9393869141473075,-0.30062520066709775,3.94,-0.30062235079309174,0.9196569213064042,0.5842370290611052,3.92,3.96,derivative_root,5.5164206536062466e-14,15.170282793155348,True,2
shuffled_rates,0,5,peak,peak_2,4.737824081337594,0.6190444370357011,4.74,0.6190345705133125,0.9196569213064042,0.9394976879709447,4.72,4.76,derivative_root,8.187894806610529e-16,-4.167746241096157,True,3
shuffled_rates,0,5,min,min_2,5.7238814699217375,-0.9633860003830611,5.72,-0.9632470072128948,1.4645988334103406,0.725271358713635,5.7,5.74,derivative_root,7.312206395937437e-12,18.445829000549903,True,4
shuffled_rates,0,5,peak,peak_3,6.701432534690109,0.5013556568449246,6.7,0.5013518261974458,1.4645988334103406,1.2324734555585235,6.68,6.72,derivative_root,-1.3877787807814457e-15,-3.7329795501564353,True,5
shuffled_rates,0,5,min,min_3,7.825707885178815,-1.3058591798494181,7.82,-1.3056014981494446,1.953826431360579,0.9985702179800228,7.8,7.84,derivative_root,1.1435297153639112e-14,15.792666600423788,True,6
shuffled_rates,0,5,peak,peak_4,9.702948262499248,0.6482315062315909,9.700000000000001,0.6482249332111346,1.953826431360579,2.2688743412989676,9.68,9.72,derivative_root,-9.992007221626409e-16,-1.5145672442119509,True,7
shuffled_rates,0,5,min,min_4,11.539536679360243,-3.5763424409822413,11.540000000000001,-3.576340073344067,5.630027914068556,1.404681457910567,11.52,11.56,derivative_root,-2.55351295663786e-14,22.061533633969784,True,8
shuffled_rates,0,5,peak,peak_5,13.8452576892993,2.6336163392903122,13.84,2.63358802862325,5.7251453643529215,3.0734500743184707,13.82,13.86,derivative_root,-1.4085954624931674e-15,-2.0484133188654208,True,9
shuffled_rates,0,5,min,min_5,15.712596757556454,-0.968885323785639,15.72,-0.9685670163654889,0.3100315547845184,0.3621350640674109,15.700000000000001,15.74,derivative_root,1.1211198636118525e-11,11.7822785992055,True,10
shuffled_rates,0,5,peak,peak_6,16.200881675227507,-0.6585336531590835,16.2,-0.6585354615809705,0.3100315547845184,0.5291831649921847,16.18,16.22,derivative_root,-4.7167825201199776e-12,-4.653500330534212,True,11
shuffled_rates,0,5,min,min_6,17.171797641032587,-2.3401535773197977,17.18,-2.3395308150998613,4.356724236803132,4.49038887957764,17.16,17.2,derivative_root,-7.105427357601002e-15,18.56196437663055,True,12
shuffled_rates,0,5,peak,peak_7,18.634310222292417,-0.4159924728393565,18.64,-0.41603095259908807,0.7154345375757941,1.1109913296925515,18.62,18.66,derivative_root,0.0,-2.3716003790235693,True,13
shuffled_rates,0,5,min,min_7,19.451993497961702,-1.1319196453406453,19.46,-1.1314654901748822,0.7154345375757941,0.5309977922299299,19.44,19.48,derivative_root,-2.0106138975961585e-13,14.032371467655203,True,14
shuffled_rates,0,5,peak,peak_8,21.135750667352234,2.0172146416493875,21.14,2.01719342170327,4.356724236803132,2.538479368169201,21.12,21.16,derivative_root,-5.2735593669694936e-15,-2.3502230614934545,True,15
shuffled_rates,0,5,min,min_8,23.08486593415278,-2.438961410581838,23.080000000000002,-2.438904423369097,4.348493769602624,1.4763121601639797,23.06,23.1,derivative_root,-5.731526364627371e-15,4.735794902721559,True,16
shuffled_rates,0,5,peak,peak_9,25.174298550405876,1.9096240641556483,25.18,1.909589346233527,4.348493769602624,2.7149971882327693,25.16,25.2,derivative_root,-7.882583474838611e-15,-2.1369279076074688,True,17
shuffled_rates,0,5,min,min_9,27.391889849169825,-2.704746707945204,27.400000000000002,-2.7042593572760905,4.733963620512618,2.472997635526813,27.38,27.42,derivative_root,4.4625414474808167e-13,14.965867762063846,True,18
shuffled_rates,0,5,peak,peak_10,28.064028236883114,-2.0138808071103496,28.060000000000002,-2.013920905321881,0.26281852933200245,0.47600520627241166,28.04,28.080000000000002,derivative_root,-8.383294058944557e-13,-4.940609090543304,True,19
shuffled_rates,0,5,min,min_10,28.49617111305637,-2.2768351257916257,28.5,-2.2767394346538836,0.26281852933200245,0.3170688819396173,28.48,28.52,derivative_root,3.098021839065268e-11,12.941638500353047,True,20
shuffled_rates,0,5,peak,peak_11,30.167836124625,1.4282490885379597,30.16,1.4281575501319914,1.3832501934207038,1.33768572764493,30.14,30.18,derivative_root,1.099120794378905e-14,-2.9834765599447377,True,21
shuffled_rates,0,5,min,min_11,31.21700176316051,0.04483608293789165,31.220000000000002,0.04490735671128776,1.3832501934207038,0.7458301778036502,31.2,31.240000000000002,derivative_root,3.390343561449072e-14,15.844896732481782,True,22
shuffled_rates,0,5,peak,peak_12,32.519992801955546,2.0297042633020594,32.52,2.0297042632365274,4.733963620512618,4.7247699114873924,32.5,32.54,derivative_root,-7.854827899222983e-15,-2.5296685096820366,True,23
shuffled_rates,0,5,min,min_12,35.04673703516678,-2.820989819140488,35.04,-2.820740702127589,4.71124787388268,2.103827226872413,35.02,35.06,derivative_root,-1.968891716330745e-11,11.127847979980247,True,24
shuffled_rates,0,5,peak,peak_13,37.528868087172846,1.3636420145122936,37.52,1.36356057414486,2.893629423948017,2.4225797709324888,37.5,37.54,derivative_root,-7.382983113757291e-14,-2.0746790222521696,True,25
shuffled_rates,0,5,min,min_13,39.13124843850505,-1.5261095122875636,39.14,-1.5256853261684609,0.23257267800708692,0.3169056563141112,39.12,39.160000000000004,derivative_root,9.167722136993461e-12,11.273373287601052,True,26
shuffled_rates,0,5,peak,peak_14,39.540602724142936,-1.2931116839347676,39.54,-1.293112648161374,0.23257267800708692,0.4448733094193449,39.52,39.56,derivative_root,-9.690581670440679e-13,-5.308769739251527,True,27
shuffled_rates,0,5,min,min_14,39.93992000253812,-1.5300688911007527,39.94,-1.5300688498031572,2.893629423948017,1.853174593455433,39.92,39.96,derivative_root,1.5366874439592948e-11,12.903976013621449,True,28
shuffled_rates,0,5,peak,peak_15,41.58087392496057,1.890508172059368,41.58,1.8905071717550914,4.71124787388268,4.523731456614001,41.56,41.6,derivative_root,-1.1934897514720433e-15,-2.6194999758234307,True,29
shuffled_rates,0,5,min,min_15,42.97634516243452,-0.4225333005225992,42.980000000000004,-0.4224305110479517,1.0943197829532636,0.6479884654484704,42.96,43.0,derivative_root,1.5260015473472777e-13,15.425336307550973,True,30
shuffled_rates,0,5,peak,peak_16,43.91703531998947,0.671902150115386,43.92,0.671889271905312,1.0943197829532636,1.2240416099419509,43.9,43.94,derivative_root,7.87148124459236e-14,-2.9320516443367675,True,31
shuffled_rates,0,5,min,min_16,45.788191276485165,-3.092172844677841,45.78,-3.0915573357296715,5.688944430020237,2.5332175301158166,45.76,45.800000000000004,derivative_root,6.439293542825908e-15,18.233574127920065,True,32
shuffled_rates,0,5,peak,peak_17,48.85546046160484,2.597407893740757,48.86,2.5973870942905664,4.804730324324583,2.864733507291876,48.84,48.88,derivative_root,4.884981308350689e-15,-2.0184534223477693,True,33
shuffled_rates,0,5,min,min_17,51.36673417870638,-2.20759632953596,51.36,-2.207343230034017,4.6450588914836235,1.863531310742519,51.34,51.38,derivative_root,3.1585845050585704e-14,11.365530561362629,True,34
shuffled_rates,0,5,peak,peak_18,52.93300016982039,0.9922660066391742,52.94,0.9922050989855202,2.8129518807940768,2.072994297943915,52.92,52.96,derivative_root,-1.2878587085651816e-14,-2.4882555336163894,True,35
shuffled_rates,0,5,min,min_18,54.645968687133525,-1.8210547573083047,54.64,-1.8207467818085568,2.8129518807940768,1.1912215766182999,54.620000000000005,54.660000000000004,derivative_root,2.7106372701979353e-11,17.305947907022855,True,36
shuffled_rates,0,5,peak,peak_19,56.047396703880146,0.5991599030929662,56.04,0.5990752981803703,1.9358425392610985,1.5420470601744911,56.02,56.06,derivative_root,4.884981308350689e-14,-3.095090582772951,True,37
shuffled_rates,0,5,min,min_19,57.21227580544744,-1.3373008010742153,57.22,-1.336767241080728,1.9358425392610985,1.046524187904497,57.2,57.24,derivative_root,1.0086376178719547e-13,17.95602398336193,True,38
shuffled_rates,0,5,peak,peak_20,57.962601120716826,-0.32837384590984875,57.96,-0.32839101117990777,0.3760133536653434,0.5586664753087917,57.94,57.980000000000004,derivative_root,-5.16747755696656e-12,-5.071821925416878,True,39
shuffled_rates,0,5,min,min_20,58.47768162057274,-0.7044383773402467,58.480000000000004,-0.7044043648452512,0.3760133536653434,0.3867307859092398,58.46,58.5,derivative_root,-3.0415808760508867e-12,12.608952035005379,True,40
shuffled_rates,0,29,peak,peak_1,1.1726026638471658,4.049731442111654,1.18,4.049090833219586,9.133302681621162,1.2047174087835877,1.16,1.2,derivative_root,2.009226118815377e-13,-23.38452257302675,True,41
shuffled_rates,0,29,min,min_1,1.9384802094592177,-3.039323123696419,1.94,-3.039229143836238,6.862411336243255,0.9053913803822391,1.92,1.96,derivative_root,-7.771561172376096e-16,82.04371009396722,True,42
shuffled_rates,0,29,peak,peak_2,3.1203282479568295,2.374202611105085,3.12,2.374201559626221,5.199083420092004,1.1208164927898199,3.1,3.14,derivative_root,4.650835272457243e-12,-19.519233929293563,True,43
shuffled_rates,0,29,min,min_2,3.7786871906087773,-2.2738116338010914,3.7800000000000002,-2.2737364266825537,3.9747965446031888,0.6873905864036999,3.7600000000000002,3.8000000000000003,derivative_root,1.4999113062685865e-13,88.39766996704401,True,44
shuffled_rates,0,29,peak,peak_3,4.850066549743573,1.7016844331971352,4.86,1.7010601179206348,3.9747965446031888,1.1785886201746456,4.84,4.88,derivative_root,1.1399770016851107e-12,-12.673097306751664,True,45
shuffled_rates,0,29,min,min_3,5.607380080962587,-1.4177375898651943,5.6000000000000005,-1.4132359618641954,2.8625707022145175,0.7734530620569433,5.58,5.62,derivative_root,3.7701072819196213e-10,163.22783728462838,True,46
shuffled_rates,0,29,peak,peak_4,5.848398223873204,-0.5584592862257698,5.84,-0.5595910843858262,0.10182395500613317,0.1207822506567868,5.82,5.86,derivative_root,4.9960036108132044e-15,-31.233346099595398,True,47
shuffled_rates,0,29,min,min_4,5.980380409571066,-0.6614176482571528,5.98,-0.6614150393919593,0.10182395500613317,0.11299037003436296,5.96,6.0,derivative_root,3.519406988061746e-14,36.11055625324462,True,48
shuffled_rates,0,29,peak,peak_5,6.8197443634578745,1.4493351817920186,6.82,1.4493347403503218,2.8625707022145175,1.0270759809628283,6.8,6.84,derivative_root,6.328271240363392e-15,-13.506864495906157,True,49
shuffled_rates,0,29,min,min_5,7.488597735102036,-2.65462708261148,7.48,-2.648939514248489,4.3426660795516705,0.9477835502685866,7.46,7.5,derivative_root,3.730349362740526e-14,147.97100455869878,True,50
shuffled_rates,0,29,peak,peak_6,7.734354338566751,-2.0213461656002796,7.74,-2.0216634720567073,0.151535094185411,0.18108942818787682,7.72,7.76,derivative_root,-1.749989042565403e-14,-20.206849136201107,True,51
shuffled_rates,0,29,min,min_6,7.928385841521248,-2.174251085481487,7.92,-2.1731985662421183,0.151535094185411,0.15195040506907503,7.9,7.94,derivative_root,-3.2901459334766514e-13,31.282469394128757,True,52
shuffled_rates,0,29,peak,peak_7,8.829783798478422,1.6944625076014126,8.82,1.6937265653031814,4.3426660795516705,1.0446277381493463,8.8,8.84,derivative_root,2.1538326677728037e-14,-15.516741521497696,True,53
shuffled_rates,0,29,min,min_7,9.341651014911724,-0.9665175647215793,9.34,-0.9662878032633969,1.062280487094052,0.19354013977090517,9.32,9.36,derivative_root,-1.5276668818842154e-13,167.9312199586268,True,54
shuffled_rates,0,29,peak,peak_8,9.633886738643604,0.09650060220391249,9.64,0.09599268383065518,1.062280487094052,0.3973410930230068,9.620000000000001,9.66,derivative_root,-1.3877787807814457e-14,-27.31850482406941,True,55
shuffled_rates,0,29,min,min_8,10.033556452991784,-1.0639088816229498,10.040000000000001,-1.0628526480263776,0.8777604649299411,0.3305607374389649,10.02,10.06,derivative_root,9.509684706365817e-12,51.31670975159767,True,56
shuffled_rates,0,29,peak,peak_9,10.793064016108044,-0.18479331996424953,10.8,-0.1850921830964365,0.8777604649299411,0.7870636815067849,10.78,10.82,derivative_root,-2.735733861669587e-11,-12.207657970410608,True,57
shuffled_rates,0,29,min,min_9,11.18782095843252,-1.6532336794642732,11.18,-1.6479762341642907,2.3683705260157515,0.3729008182837674,11.16,11.200000000000001,derivative_root,-2.552584255077761e-10,174.52436377271786,True,58
shuffled_rates,0,29,peak,peak_10,11.63440536217377,0.7207654149685284,11.64,0.720394291851461,2.3683705260157515,1.3474291829957201,11.620000000000001,11.66,derivative_root,-5.5559112865921634e-11,-23.75634217970671,True,59
shuffled_rates,0,29,min,min_10,12.035169370983466,-0.4203853799171664,12.040000000000001,-0.41976285233120214,0.7558616585724843,0.2796745944917234,12.02,12.06,derivative_root,1.3726797476465435e-12,53.60804102195682,True,60
shuffled_rates,0,29,peak,peak_11,12.388715009744894,0.3368195241284082,12.38,0.3360988062412822,0.7558616585724843,0.40742967861377793,12.36,12.4,derivative_root,-1.0541567618815861e-12,-18.965460685871633,True,61
shuffled_rates,0,29,min,min_11,13.048355796457574,-2.831495172851406,13.040000000000001,-2.824881860465782,5.199083420092004,0.6441672048503552,13.02,13.06,derivative_root,-6.361577931102147e-14,193.71840726903173,True,62
shuffled_rates,0,29,peak,peak_12,13.767276482302876,2.7978209109519234,13.76,2.7971090528921208,0.4369930183671271,0.26430173460107426,13.74,13.780000000000001,derivative_root,-3.552713678800501e-15,-26.82884493659857,True,63
shuffled_rates,0,29,min,min_12,14.020585760556541,2.360108189691564,14.02,2.3601160345249936,0.4369930183671271,0.22282410075018333,14.0,14.040000000000001,derivative_root,-7.582823258189819e-14,45.743973770556124,True,64
shuffled_rates,0,29,peak,peak_13,14.311313670804775,2.967216144475452,14.32,2.9662000975654097,5.919405157361728,1.4868255714513294,14.3,14.34,derivative_root,3.5184355429151992e-12,-26.91350365128237,True,65
shuffled_rates,0,29,min,min_13,14.94483233737146,-1.491136831227263,14.94,-1.489077817936984,1.2763142134754408,0.21351538154333186,14.92,14.96,derivative_root,3.8191672047105385e-14,173.77852926838833,True,66
shuffled_rates,0,29,peak,peak_14,15.299548129823812,-0.2127615440382426,15.3,-0.21276360446154308,1.2763142134754408,0.5298676145271816,15.280000000000001,15.32,derivative_root,-2.6645352591003757e-15,-20.19011656503042,True,67
shuffled_rates,0,29,min,min_14,15.981435439897789,-1.7993554541992507,15.98,-1.7993093839729548,3.1130510123211055,0.9549983573246869,15.96,16.0,derivative_root,-3.9968028886505635e-15,44.92220031170812,True,68
shuffled_rates,0,29,peak,peak_15,16.43864622677354,0.008472664653427053,16.44,0.0084435356405419,1.8045207254616848,0.4784668728146175,16.42,16.46,derivative_root,6.777356453824268e-13,-31.769287727013715,True,69
shuffled_rates,0,29,min,min_15,16.795964818763032,-1.7975268505060913,16.8,-1.796077189821143,1.8045207254616848,0.2683622989219657,16.78,16.82,derivative_root,2.1073143230410096e-12,178.4904716465681,True,70
shuffled_rates,0,29,peak,peak_16,17.520081039959837,1.3137416822077914,17.52,1.313741628348151,3.1130510123211055,0.9117791197303905,17.5,17.54,derivative_root,2.398081733190338e-14,-16.40244615106563,True,71
shuffled_rates,0,29,min,min_16,18.652910104227594,-2.141748240198898,18.66,-2.137452503007141,4.565017539157561,2.7493577107652074,18.64,18.68,derivative_root,-4.962807942376912e-12,169.76416145710957,True,72
shuffled_rates,0,29,peak,peak_17,19.10643635989243,-0.13426414749789212,19.1,-0.1344562553654265,0.9096861322922949,0.9278520099619119,19.080000000000002,19.12,derivative_root,-4.9404924595819466e-14,-9.06582919098656,True,73
shuffled_rates,0,29,min,min_17,20.013379575853772,-1.045217264070288,20.02,-1.0441423876577214,0.9096861322922949,0.35679913280329173,20.0,20.04,derivative_root,-3.3341995830937776e-11,48.530649952889874,True,74
shuffled_rates,0,29,peak,peak_18,20.312482347950027,-0.19032435107181364,20.32,-0.19156130090610587,0.564325452032816,0.2361819073779384,20.3,20.34,derivative_root,5.595524044110789e-14,-43.53053933561941,True,75
shuffled_rates,0,29,min,min_18,20.507298567658587,-0.7597774957469204,20.5,-0.7558867529389219,0.564325452032816,0.14104420359594314,20.48,20.52,derivative_root,-6.905587213168474e-14,150.6871852943598,True,76
shuffled_rates,0,29,peak,peak_19,21.303001117679678,2.4276020454443192,21.3,2.4275650361504204,4.565017539157561,1.2461630147684082,21.28,21.32,derivative_root,2.4980018054066022e-14,-8.225044181573235,True,77
shuffled_rates,0,29,min,min_19,22.368820349871147,-2.4154358227247474,22.36,-2.40974426885257,3.7082864789428305,0.6144976942655285,22.34,22.38,derivative_root,-3.0664359940146824e-13,152.706968499426,True,78
shuffled_rates,0,29,peak,peak_20,22.963529558964478,1.2986643981642423,22.96,1.2985422100902606,3.7082864789428305,0.945382917542047,22.94,22.98,derivative_root,1.532107773982716e-14,-19.592973520293285,True,79
shuffled_rates,0,29,min,min_20,24.202838818040608,-2.9535174002386957,24.2,-2.9532050597963186,5.919405157361728,1.0744755842827363,24.18,24.22,derivative_root,-7.80486786311485e-14,79.66520445376588,True,80
shuffled_rates,0,29,peak,peak_21,25.059263111811557,3.823187793948494,25.060000000000002,3.823182192407017,6.862411336243255,1.1926877099985358,25.04,25.080000000000002,derivative_root,-7.327471962526033e-15,-20.631864483959838,True,81
shuffled_rates,0,29,min,min_21,26.114029317052797,-5.006543991527308,26.12,-5.00235672171105,8.991711277241766,0.7747039501246764,26.1,26.14,derivative_root,4.596323321948148e-14,234.26227690664672,True,82
shuffled_rates,0,29,peak,peak_22,27.11216588553255,1.3503942650869132,27.12,1.3500762488007683,5.443763717612132,1.3184561871803953,27.1,27.14,derivative_root,3.022027073029676e-13,-10.338386200398967,True,83
shuffled_rates,0,29,min,min_22,28.00113740519853,-4.093830801583083,28.0,-4.093687468811364,5.443763717612132,0.5142105617795187,27.98,28.02,derivative_root,1.2435286134149237e-10,221.31055770576648,True,84
shuffled_rates,0,29,peak,peak_23,29.2527637600672,0.6221331502562817,29.26,0.6218369234101557,3.2063372960237766,1.374727682339685,29.240000000000002,29.28,derivative_root,7.327471962526033e-15,-11.239590607051873,True,85
shuffled_rates,0,29,min,min_23,29.867170830449606,-2.5891409125088196,29.86,-2.584500372613621,3.2063372960237766,0.39266862070148817,29.84,29.88,derivative_root,4.085397020681114e-10,178.26333237768714,True,86
shuffled_rates,0,29,peak,peak_24,30.66449448600069,3.3409528576397576,30.66,3.340733959318306,7.411681054587018,1.2256188250570859,30.64,30.68,derivative_root,3.3084646133829665e-14,-21.630639664577014,True,87
shuffled_rates,0,29,min,min_24,31.73779055043363,-4.071353532982763,31.740000000000002,-4.070947095268712,7.411681054587018,0.8783053768165292,31.720000000000002,31.76,derivative_root,5.96189764223709e-14,167.75846645965996,True,88
shuffled_rates,0,29,peak,peak_25,32.8816245981711,3.9893810960420786,32.88,3.989354555530717,8.991711277241766,1.2895295508113713,32.86,32.9,derivative_root,1.6653345369377348e-14,-20.11036238882169,True,89
shuffled_rates,0,29,min,min_25,34.06343738783361,-3.0457592774269666,34.06,-3.045292493960925,4.77715344534494,0.8958348120279743,34.04,34.08,derivative_root,2.972067036921544e-13,79.14896065595721,True,90
shuffled_rates,0,29,peak,peak_26,34.828541836657166,0.9455255084689614,34.82,0.944839253575225,3.534164318608357,0.8652509230149917,34.800000000000004,34.84,derivative_root,-4.085620730620576e-13,-18.795411349200528,True,91
shuffled_rates,0,29,min,min_26,35.46222214474291,-2.5897687478670823,35.46,-2.5893250650331323,3.534164318608357,1.00808012142802,35.44,35.480000000000004,derivative_root,-1.2842504837351498e-13,179.01645044791348,True,92
shuffled_rates,0,29,peak,peak_27,35.800345696745545,-1.1556077342741689,35.800000000000004,-1.155609443682766,0.4673331636516842,0.2625523066101732,35.78,35.82,derivative_root,-4.218847493575595e-14,-28.6016300476557,True,93
shuffled_rates,0,29,min,min_27,36.05575076689566,-1.6234104052245204,36.06,-1.6229426073344502,0.4673331636516842,0.2134408168588334,36.04,36.08,derivative_root,-2.3727353415381458e-11,51.52026554043441,True,94
shuffled_rates,0,29,peak,peak_28,36.995250717319514,1.2927190553156391,37.0,1.292427942478014,1.3290075224915907,0.5025161041615683,36.980000000000004,37.02,derivative_root,4.908295991867817e-13,-25.64265063372296,True,95
shuffled_rates,0,29,min,min_28,37.314981503053026,-0.03874396209070857,37.32,-0.03657958001357675,1.3290075224915907,0.22291625819120783,37.300000000000004,37.34,derivative_root,-4.303224443447107e-13,171.40287623384344,True,96
shuffled_rates,0,29,peak,peak_29,37.67715026146267,1.7319788839533872,37.68,1.7318609513840146,4.77715344534494,2.4896679451346517,37.660000000000004,37.7,derivative_root,-4.664324482206439e-14,-29.080842780974116,True,97
shuffled_rates,0,29,min,min_29,38.12622883009986,0.12162782451562802,38.12,0.1223763920251913,0.22290810714650272,0.17257608048650128,38.1,38.14,derivative_root,-9.325873406851315e-15,37.62500560239382,True,98
shuffled_rates,0,29,peak,peak_30,38.37021427733034,0.34581972219355467,38.38,0.345284499171694,0.22290810714650272,0.2866130707387947,38.36,38.4,derivative_root,-1.3766765505351941e-14,-11.240332656672127,True,99
shuffled_rates,0,29,min,min_30,39.18772275990672,-3.8509531509864945,39.18,-3.8450215951789506,6.762022606894721,0.8518280945768038,39.160000000000004,39.2,derivative_root,-1.2045919817182948e-13,198.79432550820889,True,100
shuffled_rates,0,29,peak,peak_31,39.85557245659844,0.2352344608042129,39.86,0.2350466559450829,0.11893689691101855,0.16359745758617464,39.84,39.88,derivative_root,-9.66726698692355e-12,-19.288149583518,True,101
shuffled_rates,0,29,min,min_31,40.01900142670685,0.11609267965080206,40.02,0.11610975903406434,0.11893689691101855,0.12759811654186706,40.0,40.04,derivative_root,1.0613732115416497e-13,34.08243246199803,True,102
shuffled_rates,0,29,peak,peak_32,40.648327218173854,2.384319652752211,40.64,2.383683626076118,4.510395331908585,1.6591317983828184,40.62,40.660000000000004,derivative_root,8.348877145181177e-14,-18.533686123596205,True,103
shuffled_rates,0,29,min,min_32,41.056871217123785,0.44847348406492504,41.06,0.4492985448943967,1.1633313467905337,0.2045545939321346,41.04,41.08,derivative_root,1.1442249925330827e-11,169.32297480323615,True,104
shuffled_rates,0,29,peak,peak_33,41.345756113996856,1.6131556832767784,41.34,1.6126298916849304,1.1633313467905337,0.3891685692099509,41.32,41.36,derivative_root,-4.7406523151494184e-14,-31.57288522635146,True,105
shuffled_rates,0,29,min,min_33,42.0740180735042,-2.1279655118828784,42.08,-2.1267117058324674,4.510395331908585,1.324946451660535,42.06,42.1,derivative_root,2.333688797762079e-13,70.09427484998763,True,106
shuffled_rates,0,29,peak,peak_34,42.58682191516082,-0.31184192709661596,42.58,-0.31228014446501096,0.8100086461684439,0.40202820209015044,42.56,42.6,derivative_root,-3.554179173193006e-11,-18.860248475070225,True,107
shuffled_rates,0,29,min,min_34,42.891082924911736,-1.128539145299961,42.9,-1.1222887906334549,0.8100086461684439,0.17865434321132853,42.88,42.92,derivative_root,-8.031353360138382e-13,151.04694914638637,True,108
shuffled_rates,0,29,peak,peak_35,43.47511808257598,2.917298683434976,43.480000000000004,2.91700101171577,6.762022606894721,1.0334272660711576,43.46,43.5,derivative_root,-5.246358902866177e-13,-24.989510622252713,True,109
shuffled_rates,0,29,min,min_35,44.75981570285688,-3.6491310709242883,44.76,-3.6491282072096394,5.734979408607586,0.9636717075626348,44.74,44.78,derivative_root,-1.1692868895352149e-12,168.50002637990468,True,110
shuffled_rates,0,29,peak,peak_36,45.544908042138985,2.086105976671023,45.54,2.085851201397946,5.734979408607586,1.0503583210412126,45.52,45.56,derivative_root,4.775457806971417e-12,-21.176501675690616,True,111
shuffled_rates,0,29,min,min_36,46.653040900191826,-4.240628632786311,46.660000000000004,-4.236091640926617,7.735829324602669,1.1625722008360935,46.64,46.68,derivative_root,-9.25370891025068e-14,188.79491507252274,True,112
shuffled_rates,0,29,peak,peak_37,47.68973970583102,2.3836270617948654,47.68,2.3823379879807316,5.9199923211356165,1.2481963536750755,47.660000000000004,47.7,derivative_root,-9.936797912279971e-12,-27.243644135901757,True,113
shuffled_rates,0,29,min,min_37,48.512922843648894,-1.2843416034413928,48.52,-1.279919098900371,3.550280769701393,0.6682238811661045,48.5,48.54,derivative_root,1.1565193247520256e-12,176.54585219236458,True,114
shuffled_rates,0,29,peak,peak_38,49.423971484823525,2.270497134087295,49.42,2.270361670801022,3.550280769701393,1.1286577424097595,49.4,49.44,derivative_root,7.105427357601002e-14,-17.2096048956632,True,115
shuffled_rates,0,29,min,min_38,50.36624055905989,-1.913016751062737,50.36,-1.910026965724802,2.3794612618437836,0.44252805535211337,50.34,50.38,derivative_root,-7.549516567451064e-15,156.7768703435583,True,116
shuffled_rates,0,29,peak,peak_39,50.85755775654485,0.46946953239414446,50.86,0.4694342961189817,2.3794612618437836,1.312383452725653,50.84,50.88,derivative_root,-1.9484747149078885e-11,-11.86786423110309,True,117
shuffled_rates,0,29,min,min_39,52.21502961221922,-3.5396267879857737,52.22,-3.537654333154885,5.9199923211356165,0.6574678354788376,52.2,52.24,derivative_root,3.0753177782116836e-13,156.23595579589917,True,118
shuffled_rates,0,29,peak,peak_40,53.008038219502495,2.581720542270059,53.0,2.5812064421486562,6.4803117351928226,1.3832155400563806,52.980000000000004,53.02,derivative_root,-3.219646771412954e-15,-15.792337377920504,True,119
shuffled_rates,0,29,min,min_40,54.114809513281386,-3.902374785507289,54.120000000000005,-3.899105293044166,6.4803117351928226,0.6341544732496095,54.1,54.14,derivative_root,-2.8688162956314045e-13,243.66156339597651,True,120
shuffled_rates,0,29,peak,peak_41,54.71955850016154,-0.14538114164025684,54.72,-0.14538233134368994,2.7297957115551,1.4678359846555942,54.7,54.74,derivative_root,-2.417177569213891e-12,-12.215963963043158,True,121
shuffled_rates,0,29,min,min_41,55.98717201520885,-2.88005465756346,55.980000000000004,-2.87517804289879,2.7297957115551,0.32636123090589536,55.96,56.0,derivative_root,6.423750420481156e-13,188.77900382815054,True,122
shuffled_rates,0,29,peak,peak_42,56.817279723805434,3.4998165694803456,56.82,3.4997376836760523,7.735829324602669,1.2010066792638554,56.800000000000004,56.84,derivative_root,-4.973799150320701e-14,-21.320994521144534,True,123
shuffled_rates,0,29,min,min_42,57.85550547009584,-5.086023321346582,57.86,-5.0842118484015755,8.080085357107677,0.8276894976662789,57.84,57.88,derivative_root,1.5408785358772548e-12,181.34249232512607,True,124
shuffled_rates,0,29,peak,peak_43,59.07581311983881,2.99603670159378,59.08,2.9958735087061017,4.7448549809892455,1.0313375923592867,59.06,59.1,derivative_root,-1.176836406102666e-14,-18.573082493372354,True,125
shuffled_rates,0,29,min,min_43,59.74079785887689,-1.74902639762288,59.74,-1.7489814722831443,0.5802146943894939,0.1507544136931301,59.72,59.76,derivative_root,-9.406919687648951e-13,140.4940022111606,True,126
shuffled_rates,0,101,peak,peak_1,0.8315020896537494,7.433295609184396,0.84,7.43020380793938,13.1855005574322,0.803786407125072,0.8200000000000001,0.86,derivative_root,1.9273471707492718e-13,-85.66204900672825,True,127
shuffled_rates,0,101,min,min_1,1.498376466365847,-5.0866709178489184,1.5,-5.0865789698771895,9.014572080700205,0.6623442632147846,1.48,1.52,derivative_root,-8.397643691537837e-12,70.80591049447388,True,128
shuffled_rates,0,101,peak,peak_2,2.376755441723013,3.370219214936342,2.38,3.3698465495854455,7.81326813932433,0.7836045047797956,2.36,2.4,derivative_root,-2.1260770921571748e-14,-70.80286599140702,True,129
shuffled_rates,0,101,min,min_2,2.8612459355707496,-2.384056434151642,2.86,-2.383822963601131,4.966718261091934,0.5770028476299706,2.84,2.88,derivative_root,-1.4150902671872245e-12,298.86083298896926,True,130
shuffled_rates,0,101,peak,peak_3,3.708141183000007,2.5840617951519187,3.7,2.5828952974908024,4.966718261091934,0.770978887111906,3.68,3.72,derivative_root,-5.009881398621019e-15,-35.29097047305161,True,131
shuffled_rates,0,101,min,min_3,4.271069356617723,-3.4011433916602023,4.28,-3.3861980006223296,5.565894642936016,0.40889298167012555,4.26,4.3,derivative_root,4.337011305644012e-10,381.925531883818,True,132
shuffled_rates,0,101,peak,peak_4,5.068119675897615,1.1580435048163356,5.0600000000000005,1.1572777632215026,3.89739609107862,0.9858725189710253,5.04,5.08,derivative_root,3.827660410848921e-12,-23.509272090474788,True,133
shuffled_rates,0,101,min,min_4,5.6783071190809284,-2.7405862424564646,5.68,-2.7401183278571173,3.89739609107862,0.36052502552358306,5.66,5.7,derivative_root,2.2301605007157832e-14,325.1126185591896,True,134
shuffled_rates,0,101,peak,peak_5,6.130917291434948,1.2176992180997814,6.140000000000001,1.2159271966192355,3.771486664743766,0.9942913100069904,6.12,6.16,derivative_root,1.5630718941395116e-11,-43.01905196647606,True,135
shuffled_rates,0,101,min,min_5,7.100298785966231,-2.555573190164447,7.1000000000000005,-2.555559468124531,3.771486664743766,0.4252611887589046,7.08,7.12,derivative_root,2.2720714198953829e-13,307.6890006660941,True,136
shuffled_rates,0,101,peak,peak_6,7.746533043319742,2.1804274300610764,7.74,2.1796966423136865,5.565894642936016,0.9155100134299119,7.72,7.76,derivative_root,-1.1553258350005535e-14,-34.33320276604676,True,137
shuffled_rates,0,101,min,min_6,8.522758100146122,-3.9097839688498786,8.52,-3.9084109128820987,6.580251307948442,0.5463151536359203,8.5,8.540000000000001,derivative_root,-1.4804824033376462e-13,363.72773103166077,True,138
shuffled_rates,0,101,peak,peak_7,9.133609537900693,2.672517169092587,9.14,2.6718403950663436,6.580251307948442,1.0138188912436499,9.120000000000001,9.16,derivative_root,-4.3076653355456074e-13,-33.36498183230602,True,139
shuffled_rates,0,101,min,min_7,9.948524598710268,-2.557915903100769,9.94,-2.5468131437304042,2.619069794872831,0.2729010859049697,9.92,9.96,derivative_root,-1.5786529028449792e-10,311.13737431276667,True,140
shuffled_rates,0,101,peak,peak_8,10.359446497562098,0.07226026524801389,10.36,0.07225665114242688,2.619069794872831,1.064857341907598,10.34,10.38,derivative_root,-5.440092820663267e-14,-23.605545608652463,True,141
shuffled_rates,0,101,min,min_8,11.36345492067704,-2.8206944680780754,11.36,-2.8188290431938228,4.980639310309699,0.9727668159674795,11.34,11.38,derivative_root,-1.371902591529306e-12,316.97379913239354,True,142
shuffled_rates,0,101,peak,peak_9,11.914433320856714,2.162195813970133,11.92,2.161810267115876,4.980639310309699,0.9718877563190745,11.9,11.94,derivative_root,-2.8782531913407183e-14,-24.994370492178984,True,143
shuffled_rates,0,101,min,min_9,12.809040386194372,-4.457634006272984,12.8,-4.443421589738884,7.81326813932433,0.6566063843531561,12.780000000000001,12.82,derivative_root,-9.586775817638227e-14,339.24810856059185,True,144
shuffled_rates,0,101,peak,peak_10,13.854802436537458,2.5659183613165095,13.86,2.5657470173454335,6.39820137721726,1.6205612880464424,13.84,13.88,derivative_root,1.3919559949115978e-12,-12.54524377412035,True,145
shuffled_rates,0,101,min,min_10,14.220387210551118,0.7714723712460508,14.22,0.7714941842626084,1.1975886620089673,0.15923910084266027,14.200000000000001,14.24,derivative_root,2.106956276115568e-11,290.9147240103175,True,146
shuffled_rates,0,101,peak,peak_11,14.42772637184626,1.9712161536507937,14.42,1.9690828462715757,1.1975886620089673,0.26552481413405304,14.4,14.44,derivative_root,-7.494005416219807e-15,-70.98837158634147,True,147
shuffled_rates,0,101,min,min_11,14.96088710419842,-1.3646095857932627,14.96,-1.3645846362918588,1.2277351524192666,0.32362578656415736,14.94,14.98,derivative_root,1.07286401984652e-11,63.34111360425074,True,148
shuffled_rates,0,101,peak,peak_12,15.35671569508703,-0.13666074738630285,15.36,-0.1368494838725921,1.2277351524192666,0.38482459996308765,15.34,15.38,derivative_root,2.302880108828731e-13,-34.84122390852842,True,149
shuffled_rates,0,101,min,min_12,15.634075087903687,-1.5870344816214828,15.64,-1.5816007228878424,3.0250281582546426,1.040617889204866,15.620000000000001,15.66,derivative_root,2.5979045303881065e-13,306.15461950459814,True,150
shuffled_rates,0,101,peak,peak_13,16.032939816381486,1.4444571053549884,16.04,1.4434274353668002,3.0250281582546426,0.7259554845249704,16.02,16.06,derivative_root,-1.3516965324811281e-14,-41.427501743120004,True,151
shuffled_rates,0,101,min,min_13,17.054128699720774,-3.8385125740384627,17.06,-3.8324543598718273,6.39820137721726,0.6232954846683765,17.04,17.080000000000002,derivative_root,2.6481594694871546e-13,346.98497984034645,True,152
shuffled_rates,0,101,peak,peak_14,17.65137401531222,1.3179070506574002,17.66,1.3169325676625045,3.6145814087770605,1.0284998302156236,17.64,17.68,derivative_root,-2.0795865030009963e-14,-26.318993818687932,True,153
shuffled_rates,0,101,min,min_14,18.491617957836663,-2.30823429552781,18.5,-2.297648841114556,3.6145814087770605,0.4158409945025915,18.48,18.52,derivative_root,-6.723510637129948e-13,308.5800959706395,True,154
shuffled_rates,0,101,peak,peak_15,18.887533790686522,-0.15364804795346115,18.88,-0.15449201018128392,0.5156203569651682,0.27755427552133144,18.86,18.900000000000002,derivative_root,-2.248201624865942e-14,-29.567737507307463,True,155
shuffled_rates,0,101,min,min_15,19.165501734985693,-0.6708248571415601,19.16,-0.6701123671464521,0.5156203569651682,0.2326150601465906,19.14,19.18,derivative_root,7.90888188273442e-11,47.59392263930989,True,156
shuffled_rates,0,101,peak,peak_16,19.635254946838508,0.5445613287836322,19.64,0.5443479496011598,1.4003059056258174,0.49503927868552183,19.62,19.66,derivative_root,9.162115510719104e-14,-18.345461360719426,True,157
shuffled_rates,0,101,min,min_16,19.905981710158585,-0.8611965665391971,19.900000000000002,-0.8559579560246576,1.4003059056258174,0.17819069214907587,19.88,19.92,derivative_root,-5.2884308043843475e-11,294.35222377968887,True,158
shuffled_rates,0,101,peak,peak_17,20.253391083381725,0.9712916646208032,20.26,0.9709154896362728,0.14695892618123618,0.19296135966803377,20.240000000000002,20.28,derivative_root,-1.8540724511240114e-14,-17.55994928440766,True,159
shuffled_rates,0,101,min,min_17,20.47663618487125,0.8238620597072374,20.48,0.8239565634550367,0.14695892618123618,0.20165302042640407,20.46,20.5,derivative_root,-2.233685458818968e-11,16.601233771309744,True,160
shuffled_rates,0,101,peak,peak_18,20.840120055548777,1.3878467704536903,20.84,1.387846596227968,4.104328608576909,1.2354061497495559,20.82,20.86,derivative_root,2.449707103835408e-13,-24.179247353935924,True,161
shuffled_rates,0,101,min,min_18,21.325401217201502,-2.3593671172541657,21.32,-2.354191399094589,3.2564852139513443,0.27463578933197824,21.3,21.34,derivative_root,-8.495975450939497e-11,357.2013355045463,True,162
shuffled_rates,0,101,peak,peak_19,21.73996660341247,0.9022938283072933,21.740000000000002,0.902293814856755,3.2564852139513443,1.1631143649919113,21.72,21.76,derivative_root,2.4715646196327157e-12,-24.121296758058016,True,163
shuffled_rates,0,101,min,min_19,22.753888930641573,-2.01186445653801,22.76,-2.006069131514054,2.5244191498141353,0.2658691159619411,22.740000000000002,22.78,derivative_root,1.184196074532906e-10,312.9512673815947,True,164
shuffled_rates,0,101,peak,peak_20,23.1377433476475,0.518443901581967,23.14,0.5183500183000811,2.5244191498141353,1.1011758374581724,23.12,23.16,derivative_root,-1.4588330543574557e-13,-36.92826934134262,True,165
shuffled_rates,0,101,min,min_20,23.51719347122032,-0.6875879292908321,23.52,-0.6874366218234673,0.4419882010277432,0.243421073630484,23.5,23.54,derivative_root,-3.731043252130917e-14,38.716939562315524,True,166
shuffled_rates,0,101,peak,peak_21,23.82656221325172,-0.24493463853820396,23.82,-0.2454484207957241,0.4419882010277432,0.2832405054955189,23.8,23.84,derivative_root,9.475753515175711e-14,-24.28143730237686,True,167
shuffled_rates,0,101,min,min_21,24.18200096641014,-2.717079358645428,24.18,-2.7164820123489406,4.104328608576909,0.47305398844984214,24.16,24.2,derivative_root,3.702593787124897e-14,296.6977366618569,True,168
shuffled_rates,0,101,peak,peak_22,25.0033532463902,3.8599285257710885,25.0,3.8596977780425026,8.126291582573225,0.9607870069467935,24.98,25.02,derivative_root,-4.331199288110099e-11,-41.02339941430308,True,169
shuffled_rates,0,101,min,min_22,25.61750409386306,-2.706066212061963,25.62,-2.705230476479993,4.897265578628946,0.8508825871947738,25.6,25.64,derivative_root,-1.6099499511312843e-10,273.080004069296,True,170
shuffled_rates,0,101,peak,peak_23,25.818373788597825,-1.9076223773390522,25.82,-1.9076831268924734,0.4725901480440955,0.21364407389437928,25.8,25.84,derivative_root,4.83880990831409e-11,-46.08572085442008,True,171
shuffled_rates,0,101,min,min_23,26.048823681762148,-2.382498651332176,26.04,-2.380273274936569,0.4725901480440955,0.19461625937307417,26.02,26.060000000000002,derivative_root,6.13398221105399e-14,58.62859084642538,True,172
shuffled_rates,0,101,peak,peak_24,26.680232330005673,2.192036256384969,26.68,2.1920351021489526,4.897265578628946,0.6879802032107682,26.66,26.7,derivative_root,5.008549130991469e-12,-42.772778728276464,True,173
shuffled_rates,0,101,min,min_24,27.024583924831592,-0.3304339241572049,27.02,-0.32731308010478677,1.1561165363351997,0.1548442818332933,27.0,27.04,derivative_root,-2.0511370379949767e-14,293.67816129204897,True,174
shuffled_rates,0,101,peak,peak_25,27.259093116487055,0.8288221263391626,27.26,0.828803456230413,1.1561165363351997,0.31776644386035513,27.240000000000002,27.28,derivative_root,-2.561145739932158e-13,-45.442895953734855,True,175
shuffled_rates,0,101,min,min_25,27.777919742917067,-2.474786887516469,27.78,-2.474598756246284,3.6684888756045284,0.5659703801984233,27.76,27.8,derivative_root,7.713704675005317e-11,87.21951379933941,True,176
shuffled_rates,0,101,peak,peak_26,28.206795478440732,-0.36397841958828964,28.2,-0.36536622924125495,1.3871593076119575,0.3149818380738589,28.18,28.22,derivative_root,2.2110646646922305e-12,-60.61851019928505,True,177
shuffled_rates,0,101,min,min_26,28.436909687410548,-1.7539707815215697,28.44,-1.7525255368532124,1.3871593076119575,0.17062565083523623,28.42,28.46,derivative_root,-3.176348073452573e-13,302.3919490230178,True,178
shuffled_rates,0,101,peak,peak_27,28.992219349570693,1.1947008173393348,29.0,1.1938901193582443,3.6684888756045284,0.8368726444709591,28.98,29.02,derivative_root,4.490852134608758e-14,-26.56282740742715,True,179
shuffled_rates,0,101,min,min_27,29.85477886848256,-4.271779851820846,29.86,-4.266593804530723,8.126291582573225,0.7860890119074838,29.84,29.88,derivative_root,-4.392219088433791e-10,377.8576194933705,True,180
shuffled_rates,0,101,peak,peak_28,30.5807890675019,3.928005279336517,30.580000000000002,3.9279931108230164,9.014572080700205,1.0660712548317361,30.560000000000002,30.6,derivative_root,-2.4426960454349e-11,-39.08379195042464,True,181
shuffled_rates,0,101,min,min_28,31.29552001807518,-2.462339688365987,31.3,-2.459481285438824,4.92315161312895,0.946203116978736,31.28,31.32,derivative_root,8.994631428560496e-12,290.91247706421086,True,182
shuffled_rates,0,101,peak,peak_29,32.36031192748643,1.3069255231546295,32.36,1.30692339363488,2.3111960805796126,0.4985517602228038,32.34,32.38,derivative_root,2.1266322036694874e-13,-43.7867651447387,True,183
shuffled_rates,0,101,min,min_29,32.69856132492287,-1.0046107180080286,32.7,-1.0042726869447325,2.3111960805796126,0.23048423946596358,32.68,32.72,derivative_root,1.4924173008523667e-13,325.99835492557986,True,184
shuffled_rates,0,101,peak,peak_30,33.243308515245275,2.4638227942000626,33.24,2.463670327690126,4.92315161312895,0.899155165642228,33.22,33.26,derivative_root,4.583312895878322e-13,-27.944490337203735,True,185
shuffled_rates,0,101,min,min_30,34.13205742043632,-5.452497968817681,34.14,-5.440792573289531,9.320444160899115,0.6697970771292967,34.12,34.160000000000004,derivative_root,2.4291502143114485e-10,376.97524763386025,True,186
shuffled_rates,0,101,peak,peak_31,34.908241081652555,1.6684721110978538,34.9,1.667944560500696,4.314798226929403,0.8750436190784149,34.88,34.92,derivative_root,-5.767608612927688e-14,-15.609581156240717,True,187
shuffled_rates,0,101,min,min_31,35.54749858426289,-2.6560736057062035,35.54,-2.6468536664287066,4.314798226929403,0.4348917746217831,35.52,35.56,derivative_root,-5.562494909128191e-13,329.20069074857986,True,188
shuffled_rates,0,101,peak,peak_32,36.07658268131655,0.5038762689588202,36.08,0.5036336476364212,2.383041112748943,1.0169676462832604,36.06,36.1,derivative_root,-3.497202527569243e-14,-41.51093423134211,True,189
shuffled_rates,0,101,min,min_32,36.95970816137216,-1.8794200946495414,36.96,-1.8794074651125217,2.383041112748943,0.2972724430498056,36.94,36.980000000000004,derivative_root,4.559200239562244e-13,296.28721612395753,True,190
shuffled_rates,0,101,peak,peak_33,37.7240876173098,3.0647361966114035,37.72,3.0643755568222613,7.1355179393680235,1.0731964987125275,37.7,37.74,derivative_root,-3.913536161803677e-14,-43.273244124275685,True,191
shuffled_rates,0,101,min,min_33,38.39335672655116,-4.079644244910003,38.4,-4.071142382545762,7.1355179393680235,0.5089215643339685,38.38,38.42,derivative_root,2.4959811995017844e-11,387.5946284808482,True,192
shuffled_rates,0,101,peak,peak_34,38.88976875924862,0.5582933726995571,38.88,0.5565708196841685,2.8121991076004846,1.03326231115283,38.86,38.9,derivative_root,1.7276458041948217e-13,-35.81351261983499,True,193
shuffled_rates,0,101,min,min_34,39.19698802462402,-0.1509268883249271,39.2,-0.1507669245022381,0.2809409021680064,0.1948385439436015,39.18,39.22,derivative_root,-8.009656826679645e-11,35.45459612250183,True,194
shuffled_rates,0,101,peak,peak_35,39.42083573045382,0.13018312432380996,39.42,0.13017397766576827,0.2809409021680064,0.2155408016801812,39.4,39.44,derivative_root,5.5748461402771454e-12,-26.218855683349435,True,195
shuffled_rates,0,101,min,min_35,39.81297219751958,-2.263492313279841,39.82,-2.2556282879163163,2.8121991076004846,0.28880702163949085,39.800000000000004,39.84,derivative_root,1.6583956430338276e-12,319.2984698533533,True,196
shuffled_rates,0,101,peak,peak_36,40.30162029889116,0.9442896220783061,40.300000000000004,0.9442474245473869,2.1587213671336416,1.0183712252371198,40.28,40.32,derivative_root,-3.0042635046356736e-13,-32.14497664784483,True,197
shuffled_rates,0,101,min,min_36,41.22301199386042,-1.2157711081899343,41.22,-1.2144739425862545,2.1587213671336416,0.2719599861329789,41.2,41.24,derivative_root,-4.5615178301261494e-12,289.64271823096976,True,198
shuffled_rates,0,101,peak,peak_37,41.600621741447185,1.6946284662126812,41.6,1.6946228650842343,5.598670533068876,1.0850785437081687,41.58,41.62,derivative_root,2.9182684047057705e-11,-28.935902760817164,True,199
shuffled_rates,0,101,min,min_37,42.6445014861862,-3.9074295409248867,42.64,-3.904047667984642,5.598670533068876,0.4824859047753762,42.62,42.660000000000004,derivative_root,-1.648708947143973e-12,340.06883390842086,True,200
shuffled_rates,0,101,peak,peak_38,43.33237802834841,3.4232745846862014,43.34,3.4226011843967004,7.931639327378928,1.0617623046272093,43.32,43.36,derivative_root,-9.96425164601078e-13,-23.422999447857464,True,201
shuffled_rates,0,101,min,min_38,44.08658359853798,-3.234810180920265,44.08,-3.2270445269420946,4.561541462503056,0.41150790774658164,44.06,44.1,derivative_root,-1.892930256985892e-14,353.98092690127487,True,202
shuffled_rates,0,101,peak,peak_39,44.47430763663564,-0.6319861754444032,44.480000000000004,-0.6325261840328589,0.70085174645881,0.29896276980532094,44.46,44.5,derivative_root,-1.603994714827195e-13,-33.495424536951965,True,203
shuffled_rates,0,101,min,min_39,44.772718894185566,-1.3349671957444558,44.78,-1.3333779304916689,0.70085174645881,0.24428553449266474,44.76,44.800000000000004,derivative_root,-4.9548656844145e-11,59.164964449184176,True,204
shuffled_rates,0,101,peak,peak_40,45.166808943961996,0.4120327345607362,45.160000000000004,0.4110248932756605,2.4889903371222046,0.48890362309623925,45.14,45.18,derivative_root,1.452626907649801e-11,-43.52890472123242,True,205
shuffled_rates,0,101,min,min_40,45.51095096951821,-2.0893390824524785,45.52,-2.0779654438465442,2.4889903371222046,0.30114979278620013,45.5,45.54,derivative_root,1.7992274337075287e-12,287.9870260558123,True,206
shuffled_rates,0,101,peak,peak_41,46.25892099941469,1.3345063216095332,46.26,1.3344969355609615,4.561541462503056,1.0031767062190466,46.24,46.28,derivative_root,2.0461410343841635e-13,-16.098404987553383,True,207
shuffled_rates,0,101,min,min_41,46.93254489188054,-4.518507217018027,46.94,-4.509038142982227,7.931639327378928,0.8100845129203299,46.92,46.96,derivative_root,3.231095946354401e-13,348.88439630147843,True,208
shuffled_rates,0,101,peak,peak_42,48.0039614799594,3.880042116336582,48.0,3.879651587609583,9.320444160899115,1.292091082211491,47.980000000000004,48.02,derivative_root,-1.620370504440416e-13,-49.901914171327476,True,209
shuffled_rates,0,101,min,min_42,48.37656596527533,0.448758796718712,48.38,0.44970876813781563,0.15669427892547022,0.06583470285436306,48.36,48.4,derivative_root,-3.247120350380328e-10,167.88695729142864,True,210
shuffled_rates,0,101,peak,peak_43,48.471549637808394,0.6085703366417547,48.480000000000004,0.6064030470632858,0.15669427892547022,0.10589558227284215,48.46,48.5,derivative_root,1.1207701433590955e-13,-60.80286951487578,True,211
shuffled_rates,0,101,min,min_43,48.998809188867796,-2.901291352475232,49.0,-2.90122443949605,5.7689794228661135,0.6521438463858613,48.980000000000004,49.02,derivative_root,-5.32615618276111e-13,94.28457046783461,True,212
shuffled_rates,0,101,peak,peak_44,49.58056137093987,2.44230084352592,49.58,2.4422890029795434,0.9616604390881913,0.23022975959216638,49.56,49.6,derivative_root,5.840328221040636e-13,-75.19193506944342,True,213
shuffled_rates,0,101,min,min_44,49.76447320082456,1.4778802379854872,49.76,1.4806285638913521,0.9616604390881913,0.1441120307995061,49.74,49.78,derivative_root,-3.6610681153348423e-10,276.3001538568197,True,214
shuffled_rates,0,101,peak,peak_45,49.96545718437698,2.6691415420683113,49.96,2.6679988191634263,5.5196966100450275,1.020212770814369,49.94,49.980000000000004,derivative_root,1.1762812945903534e-13,-76.32862287898098,True,215
shuffled_rates,0,101,min,min_45,50.57066704923067,-2.0540701848596115,50.58,-2.0514387238502794,3.628560840565598,0.997540972947445,50.56,50.6,derivative_root,3.8816172498457036e-14,60.65858850086897,True,216
shuffled_rates,0,101,peak,peak_46,50.95461856688774,-0.5209818280979217,50.96,-0.5218145962109147,1.286657007070001,0.3160963274928417,50.94,50.980000000000004,derivative_root,3.197275777466757e-12,-57.04567493695679,True,217
shuffled_rates,0,101,min,min_46,51.18007310011439,-1.808472467216837,51.18,-1.8084716032809158,1.286657007070001,0.15273581961553645,51.160000000000004,51.2,derivative_root,-1.0455525334407412e-13,323.42291785077003,True,218
shuffled_rates,0,101,peak,peak_47,51.54881682241385,1.5790504127962566,51.54,1.5771221167153182,3.628560840565598,0.5867046564278008,51.52,51.56,derivative_root,-3.191891195797325e-14,-49.08132026895048,True,219
shuffled_rates,0,101,min,min_47,52.23390076436255,-2.8531777020834457,52.24,-2.8516977908816017,5.5196966100450275,0.8007947312843772,52.22,52.26,derivative_root,2.2121193765656244e-13,79.87310989229279,True,220
shuffled_rates,0,101,peak,peak_48,52.9708148243171,2.869819618301918,52.980000000000004,2.8677549833700633,5.7689794228661135,0.9281232386452757,52.96,53.0,derivative_root,-6.506045702181495e-13,-49.513517412997906,True,221
shuffled_rates,0,101,min,min_48,54.01593798794374,-3.740185227366248,54.02,-3.737611102556497,6.664281725668244,0.5722535587384664,54.0,54.04,derivative_root,1.039501817956534e-12,306.3518071883758,True,222
shuffled_rates,0,101,peak,peak_49,54.72147068918299,2.9266980098756363,54.72,2.9266706231117467,6.664281725668244,0.9637792674662614,54.7,54.74,derivative_root,-4.1043557441611256e-14,-25.33684547353835,True,223
shuffled_rates,0,101,min,min_49,55.47235096685598,-5.765706714924103,55.480000000000004,-5.755296749492818,9.695674379481304,0.6684169961433963,55.46,55.5,derivative_root,3.8746783559417963e-14,368.3549123791415,True,224
shuffled_rates,0,101,peak,peak_50,56.45470840346792,3.9410931944404917,56.46,3.9403776299884847,6.668737680568621,0.7597638176505825,56.44,56.480000000000004,derivative_root,-1.8102186416513177e-13,-50.9632538074124,True,225
shuffled_rates,0,101,min,min_50,57.522591926141786,-2.400085966802185,57.52,-2.39996448783969,5.483495754776289,1.1323225665045447,57.5,57.54,derivative_root,8.426592756904938e-14,36.4924469567621,True,226
shuffled_rates,0,101,peak,peak_51,58.03960041060179,0.6689201287563058,58.04,0.6689150722262295,2.0007143270133407,0.36645005300315464,58.02,58.06,derivative_root,1.3206102877916237e-13,-63.311715331484024,True,227
shuffled_rates,0,101,min,min_51,58.30795969352175,-1.3409512427604686,58.300000000000004,-1.3317992547871111,2.0007143270133407,0.2747050397618841,58.28,58.32,derivative_root,-2.5879021148256243e-12,282.9473136110977,True,228
shuffled_rates,0,101,peak,peak_52,59.28149541853165,3.08358254669359,59.28,3.0835312669365993,5.483495754776289,0.804955864898011,59.26,59.300000000000004,derivative_root,3.591121844337408e-11,-45.97160516706399,True,229
shuffled_rates,0,101,min,min_52,59.74657215577049,-2.7347121174860947,59.74,-2.7283600505801364,1.472777613865958,0.1825762745019074,59.72,59.76,derivative_root,-1.636746294053637e-12,281.89166154843326,True,230
shuffled_rates,1,5,peak,peak_1,2.4889722149289133,1.9994653221076226,2.48,1.9993706698878615,5.045529521776969,2.697101216863914,2.46,2.5,derivative_root,2.1066481892262345e-14,-2.353970064412965,True,1
shuffled_rates,1,5,min,min_1,3.9142499773828825,-1.14141111708387,3.92,-1.1407260477736638,2.0393022772524936,0.6071424824749618,3.9,3.94,derivative_root,2.631228568361621e-14,41.56496670913708,True,2
shuffled_rates,1,5,peak,peak_2,4.972352752127974,0.8986493956923755,4.98,0.8985762294788299,2.0393022772524936,2.966501070319958,4.96,5.0,derivative_root,-1.3322676295501878e-15,-2.514512410694916,True,3
shuffled_rates,1,5,min,min_2,5.771604739390339,0.6204099775184544,5.78,0.6204786879385737,0.14919148361840462,0.6027074003611052,5.76,5.8,derivative_root,1.0824674490095276e-15,1.9558452266518365,True,4
shuffled_rates,1,5,peak,peak_3,6.417922239895215,0.7696743687401634,6.42,0.7696701715569784,0.14919148361840462,0.582725324634663,6.4,6.44,derivative_root,-2.220446049250313e-16,-1.9416166381993396,True,5
shuffled_rates,1,5,min,min_3,7.8230641444571125,-2.405118776448378,7.82,-2.404925775196483,2.7434630441137893,0.8369086843743003,7.8,7.84,derivative_root,1.4865886299730846e-13,41.031878286800804,True,6
shuffled_rates,1,5,peak,peak_4,10.022781067027706,0.3385461765119827,10.02,0.33853726891730623,2.7434630441137893,2.7357605976673813,10.0,10.040000000000001,derivative_root,-1.7214007996813052e-12,-2.304800213365114,True,7
shuffled_rates,1,5,min,min_4,11.681994735518728,-3.0462431313853315,11.68,-3.046158851889108,5.045529521776969,1.3605919515121536,11.66,11.700000000000001,derivative_root,-7.468914375863278e-12,42.46338755939544,True,8
shuffled_rates,1,5,peak,peak_5,13.821267263583124,2.640206042341392,13.82,2.6402044083365164,6.753035899069416,3.229128806565459,13.8,13.84,derivative_root,2.248201624865942e-15,-2.034998637432089,True,9
shuffled_rates,1,5,min,min_5,15.646694263466308,-1.7797762220253102,15.64,-1.77889147094667,1.2420794959861008,0.4441421128463685,15.620000000000001,15.66,derivative_root,3.425926209388308e-12,39.14384712451304,True,10
shuffled_rates,1,5,peak,peak_6,16.39857815033616,-0.5368081552141717,16.4,-0.5368119749605693,1.2420794959861008,1.4656404906381135,16.38,16.42,derivative_root,5.551115123125783e-15,-3.7822511428729806,True,11
shuffled_rates,1,5,min,min_6,17.68059444148226,-1.1908564224665328,17.68,-1.1908563344474665,0.2817466702566098,1.1577879871666232,17.66,17.7,derivative_root,7.476241847825804e-13,0.49815350657742674,True,12
shuffled_rates,1,5,peak,peak_7,18.691735517670764,-0.9090101132864368,18.7,-0.9091096641908567,0.2817466702566098,0.6761105244425062,18.68,18.72,derivative_root,2.4424906541753444e-15,-2.8914707941953335,True,13
shuffled_rates,1,5,min,min_7,19.489594815993122,-2.192879704769332,19.48,-2.1910994730179376,4.24362449882484,4.716009695392054,19.46,19.5,derivative_root,-3.3347213879153514e-12,39.214845675087524,True,14
shuffled_rates,1,5,peak,peak_8,21.217359517382953,2.0525327438274927,21.22,2.052525025806902,4.24362449882484,2.651020102044993,21.2,21.240000000000002,derivative_root,-3.4416913763379853e-15,-2.2142209319195487,True,15
shuffled_rates,1,5,min,min_8,23.399551082247086,-2.3937566256933676,23.400000000000002,-2.3937524452948837,4.227876019042879,1.181426381644942,23.38,23.42,derivative_root,-1.7117418593670664e-12,41.468676386104605,True,16
shuffled_rates,1,5,peak,peak_9,25.110220618474703,1.8342310412146812,25.12,1.8341235737479948,4.227876019042879,2.574473749596409,25.1,25.14,derivative_root,-1.6653345369377348e-16,-2.248602103804104,True,17
shuffled_rates,1,5,min,min_9,27.33947790642007,-4.112837546187309,27.34,-4.1128314907328996,6.70293858537298,2.0293191785144793,27.32,27.36,derivative_root,6.328271240363392e-15,44.4424749779278,True,18
shuffled_rates,1,5,peak,peak_10,30.09065595997821,1.4605310895963872,30.1,1.4604068162750832,2.305658478984372,1.7619292884012157,30.080000000000002,30.12,derivative_root,-2.6645352591003757e-15,-2.8411138876638367,True,19
shuffled_rates,1,5,min,min_10,31.2262877404556,-0.8460777637457632,31.220000000000002,-0.8452516627092886,2.305658478984372,0.6676983046558098,31.2,31.240000000000002,derivative_root,7.593925488436071e-14,41.871666769994114,True,20
shuffled_rates,1,5,peak,peak_11,32.5810120554759,2.0629997413761463,32.58,2.0629984969592066,5.6274996987767185,2.9376492084890287,32.56,32.6,derivative_root,-4.9960036108132044e-15,-2.4295666282960013,True,21
shuffled_rates,1,5,min,min_11,35.133385617409985,-3.565417114337561,35.14,-3.5645012018175115,5.6274996987767185,1.9365138174407275,35.12,35.160000000000004,derivative_root,-1.0080358769926079e-10,41.86551944637877,True,22
shuffled_rates,1,5,peak,peak_12,37.63885795412584,1.1523468366271308,37.64,1.152345189569965,3.298927534223741,2.3232529855338906,37.62,37.660000000000004,derivative_root,5.440092820663267e-15,-2.5252177956328157,True,23
shuffled_rates,1,5,min,min_12,39.05584964541939,-2.146935173196435,39.06,-2.146582344653776,3.298927534223741,1.0259521053609841,39.04,39.08,derivative_root,2.0161650127192843e-13,41.095189784823155,True,24
shuffled_rates,1,5,peak,peak_13,41.483411707876826,1.9694192547693914,41.480000000000004,1.969405551236217,4.8708987994404085,3.0216971948225457,41.46,41.5,derivative_root,3.519406988061746e-14,-2.3555028690048485,True,25
shuffled_rates,1,5,min,min_13,42.957648563212935,-1.3676419372197457,42.96,-1.3675279557952567,1.852779481356774,0.5657565860351315,42.94,42.980000000000004,derivative_root,-1.9933360517754295e-13,41.29170460629822,True,26
shuffled_rates,1,5,peak,peak_14,43.91647036370869,0.4852726712749132,43.92,0.4852515255615172,1.852779481356774,1.4612982911153631,43.9,43.94,derivative_root,5.129230373768223e-14,-3.3980222722443276,True,27
shuffled_rates,1,5,min,min_14,46.79794713771886,-2.90156795998817,46.800000000000004,-2.9014932482041913,4.8708987994404085,2.5541210245929413,46.78,46.82,derivative_root,2.4593660441496468e-11,35.29886017223251,True,28
shuffled_rates,1,5,peak,peak_15,48.87259084070584,2.5901627289361877,48.88,2.590107094640081,5.9548996883138265,3.0751625379138203,48.86,48.9,derivative_root,1.0352829704629585e-14,-2.026634534249545,True,29
shuffled_rates,1,5,min,min_15,50.78613180374976,-2.217969675910632,50.78,-2.217226616730625,3.1682829779006214,1.045622319880422,50.76,50.800000000000004,derivative_root,6.1601834744351436e-12,39.18256975069018,True,30
shuffled_rates,1,5,peak,peak_16,52.75259847858263,0.9511220259668476,52.76,0.9510563611699965,3.1682829779006214,2.3949247810906127,52.74,52.78,derivative_root,1.2029266471813571e-12,-2.3967315520262784,True,31
shuffled_rates,1,5,min,min_16,54.64247400115629,-3.364927009206698,54.64,-3.3647925936737453,5.783378933686874,1.5477541552214735,54.620000000000005,54.660000000000004,derivative_root,5.495603971894525e-15,43.97897227276739,True,32
shuffled_rates,1,5,peak,peak_17,56.286075488754385,0.706811802171015,56.28,0.7067698935755466,2.146259928730763,2.7336290786726476,56.26,56.300000000000004,derivative_root,-4.382272322800418e-12,-2.267036323828502,True,33
shuffled_rates,1,5,min,min_17,58.536646782552886,-1.439717769919234,58.54,-1.4394900351552162,2.146259928730763,0.6755558276538887,58.52,58.56,derivative_root,-1.1558531909372505e-12,40.375178174436556,True,34
shuffled_rates,1,29,peak,peak_1,1.225766954248118,3.7389995099844504,1.22,3.7386422127025165,5.956993729945005,1.0754076436558158,1.2,1.24,derivative_root,-1.3877787807814457e-15,-21.488742804947552,True,35
shuffled_rates,1,29,min,min_1,2.120510113180995,-0.4956049439639712,2.12,-0.4956033404764254,1.9234170636060095,0.7266244041926967,2.1,2.14,derivative_root,-1.887379141862766e-15,12.319667046103348,True,36
shuffled_rates,1,29,peak,peak_2,2.9045328704194566,1.4280001862145566,2.9,1.427813723129584,1.9234170636060095,0.778759987803283,2.88,2.92,derivative_root,-2.886579864025407e-15,-18.14924541436051,True,37
shuffled_rates,1,29,min,min_2,3.8741274568004314,-2.2090784736585896,3.88,-2.20828247748712,3.9795515943734587,0.836578064871107,3.86,3.9,derivative_root,-1.6159851234931466e-12,46.13897920476558,True,38
shuffled_rates,1,29,peak,peak_3,5.167504014572506,1.7716190514558465,5.16,1.7712691168863386,3.9795515943734587,2.0107144949818103,5.14,5.18,derivative_root,5.0959236830294685e-14,-12.517904150511205,True,39
shuffled_rates,1,29,min,min_3,6.484735910941118,-0.4435813077106288,6.48,-0.44333385734431296,0.6017797225350567,0.37131722247915494,6.46,6.5,derivative_root,1.1421419365831298e-14,22.0021723929974,True,40
shuffled_rates,1,29,peak,peak_4,6.898018120626365,0.15847933134848763,6.9,0.15844586519074377,0.6017797225350567,0.3955154105411407,6.88,6.92,derivative_root,3.3306690738754696e-15,-17.01399238773892,True,41
shuffled_rates,1,29,min,min_4,7.650017017740867,-2.2186900061214403,7.640000000000001,-2.218351517242488,5.956993729945005,2.379415182268143,7.62,7.66,derivative_root,-1.1233236563157334e-12,6.927595046977727,True,42
shuffled_rates,1,29,peak,peak_5,8.647032339875658,1.224123963928318,8.64,1.2239207125493985,2.964125414748775,1.1135411955280825,8.620000000000001,8.66,derivative_root,-1.4421797089880783e-13,-8.197575482477067,True,43
shuffled_rates,1,29,min,min_5,9.674892952678805,-1.375623222747834,9.68,-1.3753579577619164,2.115415029805529,0.8020240108524104,9.66,9.700000000000001,derivative_root,-1.4672707493446069e-12,20.20739474811006,True,44
shuffled_rates,1,29,peak,peak_6,10.498342589282212,0.7400702360555845,10.5,0.7400570720436128,2.115415029805529,0.9576063691904767,10.48,10.52,derivative_root,4.3021142204224816e-15,-9.590274271120395,True,45
shuffled_rates,1,29,min,min_6,11.22934859951372,-0.9088958784761156,11.22,-0.9078753947501207,0.16295220112714692,0.18324297479523466,11.200000000000001,11.24,derivative_root,3.684186289376612e-11,22.872700017016097,True,46
shuffled_rates,1,29,peak,peak_7,11.444432583219617,-0.7447635665856418,11.44,-0.7449231936229738,0.16295220112714692,0.21252188155074236,11.42,11.46,derivative_root,1.680877659282487e-13,-16.30961778292104,True,47
shuffled_rates,1,29,min,min_7,11.707767190126917,-1.0420613857125276,11.700000000000001,-1.041251323897926,0.7777739246606619,0.8357841200148505,11.68,11.72,derivative_root,-2.90878432451791e-14,27.00508147301711,True,48
shuffled_rates,1,29,peak,peak_8,12.351591317482821,-0.26323410093099925,12.36,-0.2634773992372641,0.7777739246606619,0.6984057881170839,12.34,12.38,derivative_root,-1.2940759575030825e-11,-6.72700459161628,True,49
shuffled_rates,1,29,min,min_8,12.957913808900447,-1.7402926828139216,12.96,-1.7402047021993763,2.964125414748775,2.2509223855614913,12.94,12.98,derivative_root,-1.183331210796723e-12,40.32728317927416,True,50
shuffled_rates,1,29,peak,peak_9,14.031679945752538,3.9054128789470375,14.040000000000001,3.9050448943646594,8.378808613047502,1.7030111805728234,14.02,14.06,derivative_root,3.5145220067533955e-12,-10.624425290014418,True,51
shuffled_rates,1,29,min,min_9,15.658585697575479,-2.277795680735084,15.66,-2.2777630405761258,3.305631368949757,1.2569534004244611,15.64,15.68,derivative_root,5.0459636469213365e-14,32.738606005899236,True,52
shuffled_rates,1,29,peak,peak_10,16.513858646361022,-0.5632499311647186,16.52,-0.5636167398215483,0.365827857175435,0.28883759737816034,16.5,16.54,derivative_root,-4.6629367034256575e-15,-19.512044031791874,True,53
shuffled_rates,1,29,min,min_10,16.807503117416406,-0.9301001980891228,16.8,-0.9294445969969832,0.365827857175435,0.2791299163936378,16.78,16.82,derivative_root,4.729017177851347e-11,23.302128433251593,True,54
shuffled_rates,1,29,peak,peak_11,17.963479600815557,1.0278776619180525,17.96,1.0278683283736312,3.305631368949757,1.782363446196555,17.94,17.98,derivative_root,1.587618925213974e-14,-1.5555343739393361,True,55
shuffled_rates,1,29,min,min_11,19.49671117162237,-3.9870379799727305,19.5,-3.9867324259304775,7.55603498876997,1.5487343713824657,19.48,19.52,derivative_root,1.1801670751765414e-13,56.45805751739533,True,56
shuffled_rates,1,29,peak,peak_12,21.126776781965876,3.5695804086733585,21.12,3.5693025628394928,7.55603498876997,1.820459752819345,21.1,21.14,derivative_root,2.3148150063434514e-14,-12.061260065797843,True,57
shuffled_rates,1,29,min,min_12,22.39010449092971,-2.2637078766614516,22.400000000000002,-2.2619922497070455,5.645709008689033,2.6772496545040165,22.38,22.42,derivative_root,-6.7540695258827554e-12,35.0181329956695,True,58
shuffled_rates,1,29,peak,peak_13,23.031255014415287,0.14007843805481768,23.04,0.13918421082128624,1.204419993448512,0.4735776742652115,23.02,23.06,derivative_root,1.4732992603683215e-11,-23.423669003304816,True,59
shuffled_rates,1,29,min,min_13,23.456496614103568,-0.943911484982434,23.46,-0.9437087904216617,0.48537684778968493,0.27387934472279085,23.44,23.48,derivative_root,4.1281866813847046e-11,33.21767957384605,True,60
shuffled_rates,1,29,peak,peak_14,23.80522068666719,-0.45814464812301714,23.8,-0.45833194263197674,0.48537684778968493,0.39451854779842505,23.78,23.82,derivative_root,-2.125255527118952e-11,-13.733677594114006,True,61
shuffled_rates,1,29,min,min_14,24.210354327493167,-1.0667655367829092,24.22,-1.0652357826272258,1.204419993448512,0.5647139195599402,24.2,24.240000000000002,derivative_root,-8.865241873934337e-12,32.292947507512935,True,62
shuffled_rates,1,29,peak,peak_15,25.092970319503085,3.3842345550600275,25.1,3.383716758981987,5.645709008689033,1.1095581414906974,25.080000000000002,25.12,derivative_root,1.265099136560366e-13,-20.964359078647,True,63
shuffled_rates,1,29,min,min_15,26.1079427683709,-2.0238672635519666,26.1,-2.0227688431960997,5.117288015239216,4.335629331841719,26.080000000000002,26.12,derivative_root,1.6555978810117722e-11,34.830126114120226,True,64
shuffled_rates,1,29,peak,peak_16,26.793464405146622,-0.5922725985527149,26.8,-0.5923951983285132,0.7651374186171023,0.6861994193300871,26.78,26.82,derivative_root,1.1102230246251565e-14,-5.772477987937157,True,65
shuffled_rates,1,29,min,min_16,27.33247540955937,-1.278554164912237,27.34,-1.2777791530280893,0.3551841893706239,0.25825515428808105,27.32,27.36,derivative_root,1.2656542480726785e-14,27.48910053110967,True,66
shuffled_rates,1,29,peak,peak_17,27.623192535844055,-0.9225134983334391,27.62,-0.9225949636574654,0.3551841893706239,0.31631819897626884,27.6,27.64,derivative_root,-5.384581669432009e-15,-15.974988146851624,True,67
shuffled_rates,1,29,min,min_17,27.955615293545446,-1.3578090002753511,27.96,-1.3575326169456154,0.7651374186171023,0.4165518603574356,27.94,27.98,derivative_root,-6.757372439381015e-12,28.571976059278793,True,68
shuffled_rates,1,29,peak,peak_18,28.502292265156896,0.02458257962459931,28.5,0.024543352581537392,1.043584621045564,0.5628691707312373,28.48,28.52,derivative_root,1.787459069646502e-14,-14.915502633280319,True,69
shuffled_rates,1,29,min,min_18,29.07530684055408,-1.0192412267624869,29.080000000000002,-1.0190412684640267,1.043584621045564,0.6305512380714663,29.060000000000002,29.1,derivative_root,1.687538997430238e-14,18.22179774225563,True,70
shuffled_rates,1,29,peak,peak_19,30.545023291349352,3.0947808363433063,30.54,3.0945191720431167,5.117288015239216,1.0777717605435602,30.52,30.560000000000002,derivative_root,-1.13464793116691e-12,-20.74844619610775,True,71
shuffled_rates,1,29,min,min_19,31.766501346024903,-2.537198120321832,31.76,-2.53647209421591,5.9121585131005645,1.2833939303473154,31.740000000000002,31.78,derivative_root,-5.473399511402022e-14,34.21453010404124,True,72
shuffled_rates,1,29,peak,peak_20,32.90885900060137,3.3764725056827722,32.9,3.3756864188846545,5.9121585131005645,1.2340746790977937,32.88,32.92,derivative_root,1.3805151466428356e-11,-19.976137184356954,True,73
shuffled_rates,1,29,min,min_20,34.20281611478836,-0.625437042167224,34.2,-0.6253868382597623,0.47004342204088984,0.42002214786698006,34.18,34.22,derivative_root,9.943157408542902e-12,12.665607306489179,True,74
shuffled_rates,1,29,peak,peak_21,34.610680813300384,-0.1545907582142354,34.62,-0.15534341621887243,0.47004342204088984,0.35161998539965683,34.6,34.64,derivative_root,6.59472476627343e-14,-17.137099312213003,True,75
shuffled_rates,1,29,min,min_21,35.432749044525565,-4.007685503743359,35.44,-4.006488168290606,5.769793371294836,1.012499522562075,35.42,35.46,derivative_root,-2.372949059470386e-12,45.11263010005238,True,76
shuffled_rates,1,29,peak,peak_22,37.02027029196192,1.590269270422953,37.02,1.5902688010100776,0.2886329800900018,0.32067162104532143,37.0,37.04,derivative_root,-4.54081217071689e-14,-12.851710732093677,True,77
shuffled_rates,1,29,min,min_22,37.31551052124631,1.3014273034641508,37.32,1.3016358209200758,0.2886329800900018,0.26636229979199927,37.300000000000004,37.34,derivative_root,6.117328865684613e-14,20.663786792909487,True,78
shuffled_rates,1,29,peak,peak_23,37.72122745105938,1.763311489494051,37.72,1.7633052030042293,5.769793371294836,2.64007616970237,37.7,37.74,derivative_root,-1.1213252548714081e-13,-8.340940363439067,True,79
shuffled_rates,1,29,min,min_23,39.07986416545295,-4.467482331824067,39.08,-4.467481797144609,7.361974459820586,1.0572919135965184,39.06,39.1,derivative_root,2.3236967905404526e-13,57.95464599934792,True,80
shuffled_rates,1,29,peak,peak_24,40.62472979287999,2.8946377918580355,40.62,2.894492662675977,7.361974459820586,2.208346138222928,40.6,40.64,derivative_root,1.045864783666417e-14,-13.00851250403545,True,81
shuffled_rates,1,29,min,min_24,42.03605044192341,-1.615742666348429,42.04,-1.6155284710251872,4.002305879359676,1.5475580745371462,42.02,42.06,derivative_root,1.0739742428711452e-12,27.576664528716904,True,82
shuffled_rates,1,29,peak,peak_25,42.522879698743516,-0.680894736671868,42.52,-0.68096542964324,0.6437635264763067,0.4072615315659914,42.5,42.54,derivative_root,-7.038813976123492e-14,-17.063353326430825,True,83
shuffled_rates,1,29,min,min_25,42.871198264956746,-1.3267457800794409,42.88,-1.3247289561195468,0.6437635264763067,0.2530951233821088,42.86,42.9,derivative_root,4.206501813541763e-11,50.88597651787385,True,84
shuffled_rates,1,29,peak,peak_26,43.531184311130346,2.3876970396407082,43.54,2.386777408334489,4.002305879359676,0.8773833189081779,43.52,43.56,derivative_root,3.00043878631584e-11,-23.731928324972465,True,85
shuffled_rates,1,29,min,min_26,44.755313446113114,-1.950490919719527,44.76,-1.9501734638531216,3.1225308365933238,1.0620773076597652,44.74,44.78,derivative_root,-2.69340105774063e-13,28.782763898701404,True,86
shuffled_rates,1,29,peak,peak_27,45.66337548804754,1.1724678306477074,45.660000000000004,1.1723573727402021,3.1225308365933238,0.8754097313374223,45.64,45.68,derivative_root,-1.0085987600660928e-11,-19.380555173536507,True,87
shuffled_rates,1,29,min,min_27,46.692466833492375,-4.475213967209667,46.7,-4.473763718682842,7.73950410615427,1.0122562893704252,46.68,46.72,derivative_root,-6.106226635438361e-14,51.11573610895068,True,88
shuffled_rates,1,29,peak,peak_28,47.71760680723507,2.674005234685057,47.72,2.6739491911916913,3.837094554842981,0.9140341951686697,47.7,47.74,derivative_root,6.4536154198435725e-12,-19.577093688128052,True,89
shuffled_rates,1,29,min,min_28,48.53514860021583,-1.163651480000555,48.54,-1.1631453636512898,3.837094554842981,0.838692017334015,48.52,48.56,derivative_root,8.351361269198776e-12,43.286005582962225,True,90
shuffled_rates,1,29,peak,peak_29,49.625683966940386,3.0379622980092975,49.620000000000005,3.0377104399303643,5.740751290423491,1.3858205027152508,49.6,49.64,derivative_root,-3.0647151483265134e-12,-15.581089591717465,True,91
shuffled_rates,1,29,min,min_29,50.81851558198188,-1.7355882924008381,50.82,-1.7355658154643279,0.1504568501545882,0.19049939768680815,50.800000000000004,50.84,derivative_root,-1.659783421814609e-13,20.515746421788343,True,92
shuffled_rates,1,29,peak,peak_30,51.08281593157642,-1.5850819179980997,51.08,-1.5851089653097397,0.1504568501545882,0.30952578815532433,51.06,51.1,derivative_root,5.1639248432877594e-14,-6.81327878985711,True,93
shuffled_rates,1,29,min,min_30,51.52332564553293,-1.876930880348098,51.52,-1.8768704050824276,4.509539278062509,2.0860688777211274,51.5,51.54,derivative_root,7.460365658573664e-12,11.012249671377775,True,94
shuffled_rates,1,29,peak,peak_31,52.889405262486534,2.6333223657669524,52.88,2.632668872980082,4.509539278062509,1.3170982984851707,52.86,52.9,derivative_root,1.2989609388114332e-14,-14.686766882188858,True,95
shuffled_rates,1,29,min,min_31,54.691281655369025,-2.704152457547298,54.7,-2.7030408504931267,5.740751290423491,2.440676485934728,54.68,54.72,derivative_root,1.0624834345662748e-13,29.497895461012742,True,96
shuffled_rates,1,29,peak,peak_32,55.67092637055769,-0.4447994545980838,55.68,-0.445148129646478,0.1286439810797485,0.26049649426985527,55.660000000000004,55.7,derivative_root,-1.942890293094024e-14,-8.452380901756225,True,97
shuffled_rates,1,29,min,min_32,55.90613131673507,-0.574148276930066,55.9,-0.5737921107262265,0.1286439810797485,0.17865715612108943,55.88,55.92,derivative_root,9.581224702515101e-14,19.397967042657584,True,98
shuffled_rates,1,29,peak,peak_33,56.84363190744894,3.265865369605392,56.84,3.2657403874714284,6.73465282619653,1.3710867315926771,56.82,56.86,derivative_root,-1.4421797089880783e-13,-18.953300830962473,True,99
shuffled_rates,1,29,min,min_33,57.96878003837685,-3.469904225554845,57.96,-3.4689124387251016,5.710081234197256,1.1674888602123066,57.94,57.980000000000004,derivative_root,1.27675647831893e-13,25.39183193664196,True,100
shuffled_rates,1,29,peak,peak_34,59.23617584784658,2.241335170961403,59.24,2.241168795472154,1.6627151489297596,0.5600331155393815,59.22,59.26,derivative_root,2.018663014524691e-12,-22.760759828124556,True,101
shuffled_rates,1,29,min,min_34,59.76186702556046,0.5783935525873247,59.76,0.5784536465423943,0.6410888152518298,0.29158964604331233,59.74,59.78,derivative_root,1.017519402068956e-12,34.41096724553915,True,102
shuffled_rates,1,101,peak,peak_1,0.8192629743923928,7.40294946843192,0.8200000000000001,7.402925215788831,13.528409798575776,0.7902488861498728,0.8,0.84,derivative_root,1.3028467193976212e-13,-89.2922803782973,True,103
shuffled_rates,1,101,min,min_1,1.4626849436606206,-6.12672506974881,1.46,-6.125484582786946,10.624124749056614,0.5647146252696947,1.44,1.48,derivative_root,-7.293887716031122e-13,339.04947627238045,True,104
shuffled_rates,1,101,peak,peak_2,2.2367552337002894,4.249944981170781,2.24,4.249564780399423,9.379625753451213,0.7617404998368804,2.22,2.2600000000000002,derivative_root,-1.1752288031630087e-10,-72.16316207585294,True,105
shuffled_rates,1,101,min,min_2,2.8756147126960183,-5.133507969445972,2.88,-5.1300609730517905,9.379625753451213,0.6254206697575165,2.86,2.9,derivative_root,5.334621633323877e-14,358.9837823532629,True,106
shuffled_rates,1,101,peak,peak_3,3.733940614418587,3.679895584979665,3.74,3.6787584778086018,8.037096796034955,0.8835901947436412,3.72,3.7600000000000002,derivative_root,-3.8441472227646045e-15,-61.74258644528577,True,107
shuffled_rates,1,101,min,min_3,4.317118110878045,-2.8511112126331977,4.32,-2.849711942852664,5.68871154252211,0.4674725780061067,4.3,4.34,derivative_root,1.0901601843471553e-10,337.97695290130804,True,108
shuffled_rates,1,101,peak,peak_4,4.854507790784923,1.6380164646591782,4.86,1.6374271145309138,4.2950902091417795,0.7562406125793484,4.84,4.88,derivative_root,-6.786238238021269e-15,-39.16074778787013,True,109
shuffled_rates,1,101,min,min_4,5.741633936515012,-2.658058270714235,5.74,-2.6576630946108653,4.2950902091417795,0.6312242075635607,5.72,5.76,derivative_root,-1.5376588891058418e-13,297.7925233629644,True,110
shuffled_rates,1,101,peak,peak_5,6.3307464248391945,2.840786237572102,6.34,2.838999599669446,5.68871154252211,0.7782141531178707,6.32,6.36,derivative_root,7.799594303747881e-13,-41.70627170473279,True,111
shuffled_rates,1,101,min,min_5,7.179868822500999,-3.133885206780306,7.18,-3.133882659063846,4.620383356447499,0.5645460424619659,7.16,7.2,derivative_root,-1.2256862191861728e-13,295.98902003226607,True,112
shuffled_rates,1,101,peak,peak_6,7.715615692747487,1.4868265792987572,7.72,1.4865006973836536,4.620383356447499,0.8714409237816585,7.7,7.74,derivative_root,-1.7273626973235423e-11,-34.138144164807045,True,113
shuffled_rates,1,101,min,min_6,8.621694300911795,-3.470894024251452,8.620000000000001,-3.47042873307184,6.539093059130408,0.7359922121636772,8.6,8.64,derivative_root,-5.102994068972855e-10,325.35551417196984,True,114
shuffled_rates,1,101,peak,peak_7,9.25170221345385,3.070259692607983,9.26,3.068664326058568,6.539093059130408,0.9736923149435108,9.24,9.28,derivative_root,8.595790745857812e-12,-46.38604483117283,True,115
shuffled_rates,1,101,min,min_7,10.086143939932601,-3.779490067709195,10.08,-3.7744018843407283,6.837772685540822,0.8325832121384327,10.06,10.1,derivative_root,-1.0045297926808416e-12,259.9555407212732,True,116
shuffled_rates,1,101,peak,peak_8,11.162767747024768,1.5731482484551729,11.16,1.5729722547751748,4.563612875637131,0.8333553313021912,11.14,11.18,derivative_root,-4.6879167214797235e-14,-46.00783871913541,True,117
shuffled_rates,1,101,min,min_8,11.514766245798956,-1.1124548314772293,11.52,-1.1086912309635417,2.3083615530453914,0.3053530497601537,11.5,11.540000000000001,derivative_root,5.894729149247269e-13,280.62213385915686,True,118
shuffled_rates,1,101,peak,peak_9,11.984574118705854,0.707406815045305,11.98,0.7071262452784697,0.3870765592260349,0.25684567118755014,11.96,12.0,derivative_root,1.326716514427062e-14,-26.85643959892519,True,119
shuffled_rates,1,101,min,min_9,12.220470802457207,0.32004414655404156,12.22,0.3200496860524348,0.3870765592260349,0.19510272458677946,12.200000000000001,12.24,derivative_root,3.8295755455663993e-14,50.031510928349135,True,120
shuffled_rates,1,101,peak,peak_10,12.514150808633001,1.2004347356766463,12.52,1.1996703220818496,2.3083615530453914,1.0247929921007153,12.5,12.540000000000001,derivative_root,1.8263168755083825e-14,-44.56413226375379,True,121
shuffled_rates,1,101,min,min_10,12.964006315228685,-2.992654887655485,12.96,-2.990640620861956,4.563612875637131,0.5980035922904426,12.94,12.98,derivative_root,-1.1475209671374387e-11,244.48022420813177,True,122
shuffled_rates,1,101,peak,peak_11,14.094907141590008,3.0639508138850164,14.1,3.0633708012000933,6.837772685540822,2.020738235761194,14.08,14.120000000000001,derivative_root,9.530154443382344e-13,-44.40258468990217,True,123
shuffled_rates,1,101,min,min_11,14.391330861824729,1.0183197260692856,14.4,1.0275555174816702,0.6264401981628176,0.11635246901970277,14.38,14.42,derivative_root,3.310518525978523e-12,256.61536320103266,True,124
shuffled_rates,1,101,peak,peak_12,14.55335590093103,1.6553469841223347,14.56,1.6539957156444878,0.6264401981628176,0.20994058058578277,14.540000000000001,14.58,derivative_root,-7.363640253110759e-11,-62.00481647417398,True,125
shuffled_rates,1,101,min,min_12,14.997838576303849,-0.2749261096517339,15.0,-0.27479423350984167,0.6166333499802159,0.23571366050708775,14.98,15.02,derivative_root,1.004965555218007e-10,56.65695165497065,True,126
shuffled_rates,1,101,peak,peak_13,15.284766222547448,0.3421862201706746,15.280000000000001,0.34183911647037424,0.6166333499802159,0.2929504078830701,15.26,15.3,derivative_root,1.0136336214827679e-13,-30.67851312593638,True,127
shuffled_rates,1,101,min,min_13,15.80709904387841,-3.135370148001689,15.8,-3.128023726127793,5.977709919104708,0.970713133485881,15.780000000000001,15.82,derivative_root,3.695932448977146e-13,298.7420204229845,True,128
shuffled_rates,1,101,peak,peak_14,16.80988679347171,1.1777130119806456,16.8,1.1769471037054655,3.875906834178531,1.1197457883809603,16.78,16.82,derivative_root,1.354472090042691e-14,-15.741192907319526,True,129
shuffled_rates,1,101,min,min_14,17.26414268110737,-1.3981628097900665,17.26,-1.3957475179712413,2.2799498063583763,0.5783093865631418,17.240000000000002,17.28,derivative_root,-2.499944695699696e-13,278.55223919323225,True,130
shuffled_rates,1,101,peak,peak_15,17.51058356028445,-0.29724474974664017,17.52,-0.29853848852182135,0.10766924413305928,0.12607019039062606,17.5,17.54,derivative_root,2.481348460037225e-14,-30.12829530916131,True,131
shuffled_rates,1,101,min,min_15,17.647470314040667,-0.40724204406800346,17.64,-0.40620773265488064,0.10766924413305928,0.11415445904227454,17.62,17.66,derivative_root,-3.609335053056384e-13,38.47401456101533,True,132
shuffled_rates,1,101,peak,peak_16,18.00911574574507,0.8858516594782606,18.0,0.8842022883871351,2.2799498063583763,0.5482345791967441,17.98,18.02,derivative_root,-3.197442310920451e-14,-39.690522395543745,True,133
shuffled_rates,1,101,min,min_16,18.691965695908515,-2.7079241626715476,18.7,-2.6989597304730655,3.875906834178531,0.8264171545329987,18.68,18.72,derivative_root,8.486933378293315e-12,278.31664146972787,True,134
shuffled_rates,1,101,peak,peak_17,18.908006836271376,-1.47662411864478,18.900000000000002,-1.4782700583470325,0.12695832358463988,0.10781275337408261,18.88,18.92,derivative_root,3.7470027081099033e-14,-49.65637107855625,True,135
shuffled_rates,1,101,min,min_17,19.0288043793488,-1.6072339985391735,19.02,-1.6052283819316724,0.12695832358463988,0.10403711476196349,19.0,19.04,derivative_root,-2.4868995751603507e-13,54.05461131065715,True,136
shuffled_rates,1,101,peak,peak_18,19.615717444079685,2.3298108123673766,19.62,2.329450250101292,4.656314432820196,0.7158582514139925,19.6,19.64,derivative_root,3.4217212396825403e-12,-39.33434614760637,True,137
shuffled_rates,1,101,min,min_18,20.145316215817537,-2.107399337805978,20.14,-2.103443038284428,4.20505120117091,0.65748467388888,20.12,20.16,derivative_root,-7.432943149865423e-13,273.7273797377391,True,138
shuffled_rates,1,101,peak,peak_19,21.1907143952238,2.051242385720365,21.2,2.049296184673429,3.753956296708597,0.7899758490164822,21.18,21.22,derivative_root,-3.941291737419306e-14,-44.85528603281222,True,139
shuffled_rates,1,101,min,min_19,21.601102003324996,-1.7047676544605759,21.6,-1.7046601120351677,3.753956296708597,0.6180016773518674,21.580000000000002,21.62,derivative_root,1.9171331189227203e-12,175.05625092244873,True,140
shuffled_rates,1,101,peak,peak_20,22.47827638816426,2.101648685585794,22.48,2.1016081628864827,4.20505120117091,0.8341074422577003,22.46,22.5,derivative_root,-8.941181128818698e-13,-27.326931451322295,True,141
shuffled_rates,1,101,min,min_20,23.03814161507834,-2.0521453872325774,23.04,-2.0518269670286227,3.105984829713103,0.7969284216953975,23.02,23.06,derivative_root,-2.3842039453825237e-14,187.7194007783167,True,142
shuffled_rates,1,101,peak,peak_21,23.321556467100724,-1.3472834661397346,23.32,-1.3473114174681853,0.12000183467259351,0.1529022079285096,23.3,23.34,derivative_root,2.6673108166619386e-14,-22.99072672022836,True,143
shuffled_rates,1,101,min,min_21,23.48751253197086,-1.4680813103918404,23.48,-1.4673132521407788,0.12000183467259351,0.1398771893522644,23.46,23.5,derivative_root,-1.1765588503465096e-13,28.094952414235948,True,144
shuffled_rates,1,101,peak,peak_22,24.01594691250893,1.0544961927604026,24.02,1.0541578626844805,3.105984829713103,0.5761163569050314,24.0,24.04,derivative_root,-7.717781969063253e-11,-41.1568107831123,True,145
shuffled_rates,1,101,min,min_22,24.445363299715996,-2.331959300374055,24.44,-2.326864182718904,4.656314432820196,0.3761658924421545,24.42,24.46,derivative_root,-3.5569006073821186e-11,355.86286313340315,True,146
shuffled_rates,1,101,peak,peak_23,25.210299868896378,2.850616783597126,25.22,2.8496861929769146,5.977709919104708,1.0537738947697062,25.2,25.240000000000002,derivative_root,1.0163536678930996e-11,-19.370449569710697,True,147
shuffled_rates,1,101,min,min_23,25.904816378847354,-4.361824819970642,25.900000000000002,-4.3583383182263535,8.037096796034955,0.7863043772273705,25.88,25.92,derivative_root,-1.2664591597655317e-12,292.3021622280383,True,148
shuffled_rates,1,101,peak,peak_24,26.846706135233788,1.4412991165397389,26.84,1.4406237730546687,5.032134819566567,0.8697032573522847,26.82,26.86,derivative_root,1.321770470852357e-11,-30.105614485346948,True,149
shuffled_rates,1,101,min,min_24,27.312826003995266,-1.6091301947776853,27.32,-1.6012476438259637,2.202687669641099,0.2319056486721047,27.3,27.34,derivative_root,-4.597219827040533e-10,302.661249370968,True,150
shuffled_rates,1,101,peak,peak_25,27.618668366394026,0.6014731189955806,27.62,0.6014400258151351,2.202687669641099,0.972188308338732,27.6,27.64,derivative_root,-6.389333506717776e-14,-37.45799454884784,True,151
shuffled_rates,1,101,min,min_25,27.879811951018635,0.22371417010628072,27.88,0.22371457542521714,0.32923880265837957,0.26182770000955313,27.86,27.900000000000002,derivative_root,1.1102230246251565e-15,22.92602040281941,True,152
shuffled_rates,1,101,peak,peak_26,28.143423297651722,0.5531222689546998,28.14,0.5529533780835967,0.32923880265837957,0.22784710722254659,28.12,28.16,derivative_root,-4.931611369274336e-11,-29.014720407702963,True,153
shuffled_rates,1,101,min,min_26,28.746399484525263,-3.5973901379428486,28.740000000000002,-3.591511046511898,5.032134819566567,0.4782821754267752,28.72,28.76,derivative_root,-2.6664781493934697e-12,295.52384430030315,True,154
shuffled_rates,1,101,peak,peak_27,29.205775549927935,0.4666342491916725,29.2,0.46617712523679866,1.1059751127443196,0.6904184050136609,29.18,29.22,derivative_root,-6.04341021670507e-11,-27.030919351099932,True,155
shuffled_rates,1,101,min,min_27,30.153590421950156,-0.6422370991673145,30.16,-0.639797987507521,1.1059751127443196,0.5004472844260954,30.14,30.18,derivative_root,-2.8593793999220907e-13,107.53784321618262,True,156
shuffled_rates,1,101,peak,peak_28,30.57630116170883,3.609344012472757,30.580000000000002,3.6090252292850624,7.305597658707779,0.872323975021377,30.560000000000002,30.6,derivative_root,-7.482417463400282e-13,-46.77522826544037,True,157
shuffled_rates,1,101,min,min_28,31.60097225248158,-3.4083213207812793,31.6,-3.4082441480193646,5.474288946776619,0.640324663782235,31.580000000000002,31.62,derivative_root,-2.913019825356855e-11,165.1073544447734,True,158
shuffled_rates,1,101,peak,peak_29,32.2032398703792,1.5693995720217369,32.2,1.569352162338773,1.8065121683344183,1.028922488401945,32.18,32.22,derivative_root,-6.308564781676296e-12,-8.960382936377524,True,159
shuffled_rates,1,101,min,min_29,32.68500618167064,0.8557538900452848,32.68,0.8562035327558888,0.1277581196711166,0.1290139675793307,32.660000000000004,32.7,derivative_root,-4.134265152444527e-11,35.566085486475956,True,160
shuffled_rates,1,101,peak,peak_30,32.823975457395235,0.9842567223670632,32.82,0.9839616524270054,0.1277581196711166,0.12252644338026585,32.8,32.84,derivative_root,1.0508260928077107e-13,-37.892807418668305,True,161
shuffled_rates,1,101,min,min_30,33.06571919871907,-0.241862546692856,33.06,-0.23716000599564532,1.8065121683344183,0.2220465006362656,33.04,33.08,derivative_root,-1.000694319075457e-12,292.6054378818137,True,162
shuffled_rates,1,101,peak,peak_31,33.37677402790533,2.0662960043201695,33.38,2.0660447987572548,5.474288946776619,1.98565114645417,33.36,33.4,derivative_root,-4.2349457274326596e-13,-48.42649453362155,True,163
shuffled_rates,1,101,min,min_31,34.04038606494126,-2.859811656366231,34.04,-2.859804104176725,4.1759116255950985,0.7785618254444444,34.02,34.06,derivative_root,2.545741395465484e-13,101.32988305253376,True,164
shuffled_rates,1,101,peak,peak_32,34.373614287960834,-1.0498260581252223,34.38,-1.0513899147884502,0.3178205063012234,0.13304265413834857,34.36,34.4,derivative_root,-2.0852763960022003e-13,-76.4812914943577,True,165
shuffled_rates,1,101,min,min_32,34.49171863284779,-1.3771202856870777,34.5,-1.3692104210896736,0.3178205063012234,0.08672335812369056,34.480000000000004,34.52,derivative_root,2.595701431573616e-12,218.18737993289957,True,166
shuffled_rates,1,101,peak,peak_33,34.84080694220963,1.096432308240062,34.84,1.096422561578882,2.4106599551429655,0.5474534458218614,34.82,34.86,derivative_root,-1.2168044349891716e-13,-29.911614987761936,True,167
shuffled_rates,1,101,min,min_33,35.39440050237533,-1.3154421700146635,35.4,-1.3142373935640834,2.4106599551429655,0.4681504439891387,35.38,35.42,derivative_root,1.9068896461860163e-10,76.81082472840542,True,168
shuffled_rates,1,101,peak,peak_34,35.76391808440838,0.35129084612664796,35.76,0.3508230007181605,0.7443000721419158,0.22668863676429282,35.74,35.78,derivative_root,1.460076504145036e-11,-61.295223537107795,True,169
shuffled_rates,1,101,min,min_34,35.93948189576277,-0.39351245319117734,35.94,-0.3934770714237553,0.7443000721419158,0.1247693698941339,35.92,35.96,derivative_root,-3.235189893757706e-13,263.1354349517797,True,170
shuffled_rates,1,101,peak,peak_35,36.17905295771549,1.316141145527124,36.18,1.316107521418374,4.1759116255950985,0.9164197687977776,36.160000000000004,36.2,derivative_root,9.103828801926284e-15,-75.03158178146496,True,171
shuffled_rates,1,101,min,min_35,36.7322110874516,-3.7000716747238274,36.74,-3.696572429422716,7.305597658707779,0.6915203904244436,36.72,36.76,derivative_root,9.123604649552419e-14,115.04168983397673,True,172
shuffled_rates,1,101,peak,peak_36,37.26840018998879,1.1499738112733342,37.26,1.147377002024128,0.15322930571551685,0.09577673665569819,37.24,37.28,derivative_root,-6.470379787515412e-13,-73.11997844817623,True,173
shuffled_rates,1,101,min,min_36,37.35783779219382,0.9937387837287538,37.36,0.9941476963086112,0.15322930571551685,0.06497613984964119,37.34,37.38,derivative_root,-6.9851902040340974e-12,170.80435456731297,True,174
shuffled_rates,1,101,peak,peak_37,37.676612937126656,3.9174163605052605,37.68,3.9170142667778984,7.68057350316626,0.9557499066207947,37.660000000000004,37.7,derivative_root,-1.555100492822703e-10,-70.20186475141465,True,175
shuffled_rates,1,101,min,min_37,38.316020951385354,-2.174630216787932,38.32,-2.174209038492741,5.002431681713273,0.946461314930757,38.300000000000004,38.34,derivative_root,2.330913240200516e-13,53.33730337435903,True,176
shuffled_rates,1,101,peak,peak_38,38.66135509188893,-0.9018574095690384,38.660000000000004,-0.9019166560037624,0.5056483361667452,0.18317608950301292,38.64,38.68,derivative_root,5.119682455756447e-11,-64.66063154155685,True,177
shuffled_rates,1,101,min,min_38,38.809736767205166,-1.4184614193581588,38.800000000000004,-1.4075649921705076,0.5056483361667452,0.10607107511686081,38.78,38.82,derivative_root,-4.1044445620030956e-11,244.81611340091507,True,178
shuffled_rates,1,101,peak,peak_39,39.10403919636218,0.8690556634470368,39.1,0.8685890331196209,1.9753070952433784,0.39772096557680925,39.08,39.12,derivative_root,-2.4327762027098743e-13,-56.94284394632647,True,179
shuffled_rates,1,101,min,min_39,39.83648242764444,-1.0147715605309,39.84,-1.0147223077162673,0.15599970411707464,0.48398428656500075,39.82,39.86,derivative_root,-1.2994605391725145e-12,7.928902483538759,True,180
shuffled_rates,1,101,peak,peak_40,40.08888791020292,-0.8577825458044357,40.08,-0.8587226035991926,0.15599970411707464,0.17842557168767145,40.06,40.1,derivative_root,1.3578027591165664e-13,-24.86876941528391,True,181
shuffled_rates,1,101,min,min_40,40.23114433937151,-1.1142366559351355,40.24,-1.1067180621237576,1.9753070952433784,0.9923630749797713,40.22,40.26,derivative_root,3.6538760905813206e-10,175.17216479087597,True,182
shuffled_rates,1,101,peak,peak_41,40.63988780616733,2.828222934328803,40.64,2.828222643220532,5.002431681713273,1.1294262883021111,40.62,40.660000000000004,derivative_root,-1.1412537581634297e-12,-46.259596966564494,True,183
shuffled_rates,1,101,min,min_41,41.72762542286692,-3.242320896962111,41.72,-3.2350300867856263,5.18054884649895,0.7780834070746733,41.7,41.74,derivative_root,-3.466088527304123e-12,237.57694739727637,True,184
shuffled_rates,1,101,peak,peak_42,42.91923893486394,1.9455357828714988,42.92,1.9455187597133234,5.18054884649895,1.8516516257601325,42.9,42.94,derivative_root,6.237008826071033e-11,-58.68877263457226,True,185
shuffled_rates,1,101,min,min_42,43.14461640813819,0.5722604257242934,43.14,0.5751274893993374,0.8714225537154354,0.13729219733550055,43.12,43.160000000000004,derivative_root,-4.993367941352744e-10,267.25687159947097,True,186
shuffled_rates,1,101,peak,peak_43,43.33136995090871,1.4486749795088745,43.34,1.4465500431147729,0.8714225537154354,0.27309066066325616,43.32,43.36,derivative_root,-1.3604040116632632e-10,-58.207263496098726,True,187
shuffled_rates,1,101,min,min_43,43.577626444388876,0.8537709222196531,43.58,0.8538871014532247,0.1651726174433522,0.13633392131437178,43.56,43.6,derivative_root,-2.9409807922320397e-13,41.487788221624776,True,188
shuffled_rates,1,101,peak,peak_44,43.73327477324306,1.0198038863719505,43.74,1.0190597188965769,0.1651726174433522,0.1504193058303372,43.72,43.76,derivative_root,5.354106047406049e-12,-32.613684321996395,True,189
shuffled_rates,1,101,min,min_44,44.57554057705277,-3.317618266410942,44.58,-3.314477869286693,7.224655266403639,1.3204308199755905,44.56,44.6,derivative_root,2.9976021664879227e-15,315.68218374369775,True,190
shuffled_rates,1,101,peak,peak_45,45.52651541117122,0.45938659017850886,45.52,0.45928756686309413,1.716865978887368,0.8738023595346295,45.5,45.54,derivative_root,-1.0336176359260207e-13,-4.6297671714657405,True,191
shuffled_rates,1,101,min,min_45,46.015956271703224,-1.2598919032666964,46.02,-1.257578412024274,1.716865978887368,0.2177173099279662,46.0,46.04,derivative_root,1.3634537943119085e-11,283.61893519020447,True,192
shuffled_rates,1,101,peak,peak_46,46.50451797641408,1.1856481167225026,46.5,1.185155139002507,4.487702738601355,0.8031541431475399,46.480000000000004,46.52,derivative_root,3.477773624638303e-14,-48.36006570817929,True,193
shuffled_rates,1,101,min,min_46,47.43250464850553,-3.3095118161382167,47.44,-3.302547599598848,4.487702738601355,0.7412137352136415,47.42,47.46,derivative_root,2.7211566333562587e-12,236.01197029072472,True,194
shuffled_rates,1,101,peak,peak_47,48.06969086895936,3.9125144435225727,48.06,3.9101773971169456,7.224655266403639,0.8828657325941185,48.04,48.08,derivative_root,-4.141131881851834e-14,-49.534467675411314,True,195
shuffled_rates,1,101,min,min_47,48.89790754537716,-3.7062614371210816,48.9,-3.705544739132458,6.421102680450378,0.5065579711553255,48.88,48.92,derivative_root,9.685169333195631e-12,328.5726747131855,True,196
shuffled_rates,1,101,peak,peak_48,49.541338773251546,2.715596742686937,49.54,2.7155579413179196,6.421102680450378,0.9700775699212955,49.52,49.56,derivative_root,-9.625633623500107e-14,-43.26770511299402,True,197
shuffled_rates,1,101,min,min_48,50.3409403556167,-3.7637140471027335,50.34,-3.763559236388361,7.68057350316626,0.5999244406929302,50.32,50.36,derivative_root,2.52284304558259e-12,349.29122985954547,True,198
shuffled_rates,1,101,peak,peak_49,51.12538639059189,2.4241195865559813,51.120000000000005,2.4238267210056565,5.927449960553512,0.9692876820907532,51.1,51.14,derivative_root,-7.411793401246314e-12,-20.109837465679547,True,199
shuffled_rates,1,101,min,min_49,51.77339881508177,-3.5111442474509387,51.78,-3.5036232395478546,5.927449960553512,0.8648080770084653,51.76,51.800000000000004,derivative_root,-1.354472090042691e-14,351.2165092950065,True,200
shuffled_rates,1,101,peak,peak_50,52.80653753348907,1.5314422041301676,52.800000000000004,1.5303139828834404,3.8835853167196484,0.620875141663928,52.78,52.82,derivative_root,2.9093394360302227e-13,-53.099663348660705,True,201
shuffled_rates,1,101,min,min_50,53.19385959024037,-1.3411277726071829,53.2,-1.3353909653272704,2.8076341091181813,0.278154924728251,53.18,53.22,derivative_root,5.190847751634919e-13,299.5599187966396,True,202
shuffled_rates,1,101,peak,peak_51,53.57100410501578,1.4735725734200538,53.58,1.4722431437909107,2.8076341091181813,0.6736861741423763,53.56,53.6,derivative_root,-2.5202062658991053e-14,-33.094041130333686,True,203
shuffled_rates,1,101,min,min_51,54.6283877818001,-2.014023494327057,54.620000000000005,-2.005471033337771,2.06830399811026,0.2910262157527177,54.6,54.64,derivative_root,-1.047573139345559e-11,254.61349559651262,True,204
shuffled_rates,1,101,peak,peak_52,54.91148375973253,0.06428489473692267,54.92,0.06283296477248893,2.06830399811026,0.6299206584295007,54.9,54.94,derivative_root,-5.6343818499726694e-15,-41.31945632307906,True,205
shuffled_rates,1,101,min,min_52,55.74901679902045,-2.3549374803446095,55.74,-2.353271333836208,3.8835853167196484,0.922656338064071,55.72,55.76,derivative_root,-6.391442930464564e-11,41.81429788155703,True,206
shuffled_rates,1,101,peak,peak_53,56.49056155948398,4.50123856219148,56.5,4.498640166269668,9.21188632165136,0.8821189554252579,56.480000000000004,56.52,derivative_root,-4.9182879990894435e-14,-58.66730154008021,True,207
shuffled_rates,1,101,min,min_53,57.504556445606674,-4.716445346486705,57.5,-4.713246155381691,8.67705720857461,0.7393924227286062,57.480000000000004,57.52,derivative_root,-5.380418333089665e-12,314.6398389298958,True,208
shuffled_rates,1,101,peak,peak_54,58.05140823529612,1.8675932807176885,58.06,1.86570407611449,3.0397278399916443,0.513373240382416,58.04,58.08,derivative_root,-6.905587213168474e-14,-51.47616895425318,True,209
shuffled_rates,1,101,min,min_54,58.56780659182844,-1.1097559703258437,58.56,-1.107764005190962,0.4259685457298882,0.17792757392106068,58.54,58.58,derivative_root,-1.198238175348365e-10,64.26484374009702,True,210
shuffled_rates,1,101,peak,peak_55,58.77462624456203,-0.6810711874173235,58.78,-0.6817954594610739,0.4259685457298882,0.19587611622933765,58.76,58.800000000000004,derivative_root,2.726861444979356e-11,-49.681830061664726,True,211
shuffled_rates,1,101,min,min_55,58.93416803798789,-1.178216428428145,58.94,-1.1740237638771545,3.0397278399916443,0.7193134074736645,58.92,58.96,derivative_root,1.8931467504756938e-11,236.40670019134285,True,212
shuffled_rates,1,101,peak,peak_56,59.42305932153318,3.9640921263165025,59.42,3.963811053192919,5.700980618860078,0.6604414770464154,59.4,59.44,derivative_root,-1.6142642778049776e-13,-60.06139138923566,True,213
raised_cosine,0,5,peak,peak_1,3.592816675292788,0.8933542564830013,3.6,0.8933442382655625,2.2097808884288934,6.632521889298472,3.58,3.62,derivative_root,1.3877787807814457e-16,-0.3882021141812371,True,1
raised_cosine,0,5,min,min_1,5.797184577327873,-0.012718620337213271,5.8,-0.012709447169650612,0.2419666429108107,0.7494203653845023,5.78,5.82,derivative_root,5.495603971894525e-15,2.3190907968725214,True,2
raised_cosine,0,5,peak,peak_2,6.834151583419055,0.22926859629631033,6.84,0.22925719574116007,0.2419666429108107,1.2142109939493424,6.82,6.86,derivative_root,1.6653345369377348e-16,-0.6667234081441683,True,3
raised_cosine,0,5,min,min_2,9.083996262190412,-1.3164762415538935,9.08,-1.3164366501633311,2.2097808884288934,3.599967172173249,9.06,9.1,derivative_root,-1.1112291642412231e-11,4.955074308178605,True,4
raised_cosine,0,5,peak,peak_3,13.98930915448446,0.9939481550549492,13.98,0.9939328510422611,2.7149649279347474,6.194644033504549,13.96,14.0,derivative_root,3.8163916471489756e-16,-0.3531458820585598,True,5
raised_cosine,0,5,min,min_3,18.020335550737816,-1.721032306211912,18.02,-1.7210320768924863,2.7149649279347474,2.59057432641599,18.0,18.04,derivative_root,-1.3100631690576847e-14,4.074687246285643,True,6
raised_cosine,0,5,peak,peak_4,21.167867873136792,0.7020103758174954,21.16,0.7019960987383888,2.2311033644307265,7.235028938772493,21.14,21.18,derivative_root,8.049116928532385e-16,-0.4614646934355082,True,7
raised_cosine,0,5,min,min_4,22.889745243490704,0.10123704190879346,22.88,0.10135759340450345,0.48305352176171445,1.1088416586481709,22.86,22.900000000000002,derivative_root,3.904168655033402e-13,2.5364497814633973,True,8
raised_cosine,0,5,peak,peak_5,24.403327682892005,0.5844139414466929,24.400000000000002,0.5844111151662179,0.48305352176171445,1.9167053650824482,24.38,24.42,derivative_root,1.7208456881689926e-15,-0.5103599568262362,True,9
raised_cosine,0,5,min,min_5,27.265148314245156,-1.5291676828985945,27.26,-1.529107265692338,2.2311033644307265,2.674991624091995,27.240000000000002,27.28,derivative_root,-2.9976021664879227e-15,4.544439981101779,True,10
raised_cosine,0,5,peak,peak_6,31.57503054141247,1.0118427558656806,31.580000000000002,1.011838469012204,3.068885232539367,5.517374189011598,31.560000000000002,31.6,derivative_root,-1.797173521111972e-15,-0.34716659067939437,True,11
raised_cosine,0,5,min,min_6,36.22026716526082,-1.380125434165718,36.22,-1.380125261061455,2.200762604349893,3.186515924100986,36.2,36.24,derivative_root,1.8263168755083825e-14,4.850836614584198,True,12
raised_cosine,0,5,peak,peak_7,38.73680701383866,0.40304809563183086,38.74,0.40304508832119973,0.34492804123661486,1.5245446870346906,38.72,38.76,derivative_root,1.1657341758564144e-15,-0.5898489682267448,True,13
raised_cosine,0,5,min,min_7,39.987375881443796,0.05805036304681843,39.980000000000004,0.05811704708458487,0.34492804123661486,0.8990340763144877,39.96,40.0,derivative_root,2.886579864025407e-15,2.459251377087224,True,14
raised_cosine,0,5,peak,peak_8,41.97512461667818,0.8206422749817505,41.980000000000004,0.8206373432884377,2.200762604349893,6.917361068430128,41.96,42.0,derivative_root,-1.0824674490095276e-15,-0.415051684547309,True,15
raised_cosine,0,5,min,min_8,45.44549644484043,-2.057124978863137,45.44,-2.0570467635271634,3.0169881467624555,2.178702158118167,45.42,45.46,derivative_root,-2.0317081350640365e-14,5.167387818839906,True,16
raised_cosine,0,5,peak,peak_9,49.15931981497413,0.9484107419938123,49.160000000000004,0.9484106566996382,2.24099000989741,6.2706623004180075,49.14,49.18,derivative_root,1.2490009027033011e-15,-0.3687121640371739,True,17
raised_cosine,0,5,min,min_9,51.58939246276169,-0.12017982261666255,51.58,-0.12008773490347185,0.14536386556089997,0.5981812717930824,51.56,51.6,derivative_root,2.7755575615628914e-16,2.0674329343153484,True,18
raised_cosine,0,5,peak,peak_10,52.40074169283811,0.02527633579452418,52.4,0.025276130657428106,0.14536386556089997,0.9006562722133731,52.38,52.42,derivative_root,-6.772360450213455e-15,-0.745836726478706,True,19
raised_cosine,0,5,min,min_10,54.390490310155315,-1.2928049036604572,54.4,-1.292579353197772,2.24099000989741,2.601711598133743,54.38,54.42,derivative_root,1.7055801215803967e-14,4.989995051746354,True,20
raised_cosine,0,5,peak,peak_11,56.31428865477331,-0.03318893598957229,56.32,-0.03320136939813949,0.121760612146828,0.8179686964528629,56.300000000000004,56.34,derivative_root,2.6867397195928788e-14,-0.7627520913614457,True,21
raised_cosine,0,5,min,min_11,57.06321795242871,-0.15497216235053912,57.06,-0.1549619815449675,0.121760612146828,0.5558878424817977,57.04,57.08,derivative_root,-1.5171197631502764e-13,1.9738419161665703,True,22
raised_cosine,0,29,peak,peak_1,1.6474950190124495,2.0215851774495275,1.6400000000000001,2.0213763577968975,3.1256320680973935,4.18322399978635,1.62,1.6600000000000001,derivative_root,-5.273559366969494e-16,-7.415268544231829,True,23
raised_cosine,0,29,min,min_1,2.582033063043538,0.9367275359302841,2.58,0.9367365202705855,0.2146399933561569,0.5047403183822633,2.56,2.6,derivative_root,3.7164715749327115e-14,4.3378483461422945,True,24
raised_cosine,0,29,peak,peak_2,3.4426236414504623,1.1513830613694178,3.44,1.1513765136267424,0.2146399933561569,0.8809463693848915,3.42,3.46,derivative_root,4.763286987063964e-12,-1.9116948795346276,True,1
raised_cosine,0,29,min,min_2,6.451565787669354,-0.06008182412803676,6.46,-0.05993700883939679,0.22015413723128185,0.5399874083072871,6.44,6.48,derivative_root,1.0269562977782698e-15,4.060453544945497,True,25
raised_cosine,0,29,peak,peak_3,6.949770702913926,0.160447784358333,6.94,0.16021712839188507,0.22015413723128185,0.4558834372353647,6.92,6.96,derivative_root,-6.626643678231403e-16,-4.85865817163535,True,3
raised_cosine,0,29,min,min_3,7.839404360661108,-0.7738302472756434,7.84,-0.7738289619950047,0.398840338391857,0.5197643449511736,7.82,7.86,derivative_root,8.021361352916756e-15,7.246384723444933,True,26
raised_cosine,0,29,peak,peak_4,8.414790398447389,-0.3749228822157271,8.42,-0.3749886236031477,0.398840338391857,0.6141044552952224,8.4,8.44,derivative_root,5.793310275947761e-12,-4.848858745940334,True,27
raised_cosine,0,29,min,min_4,9.637107725779625,-1.0939467934716482,9.64,-1.0939311026338585,0.5622110899230127,1.087140485586474,9.620000000000001,9.66,derivative_root,-5.079547893416247e-13,3.7350247284034817,True,28
raised_cosine,0,29,peak,peak_5,10.673951415770441,-0.5316917915273199,10.68,-0.5317200127108458,0.5622110899230127,1.1229023041009862,10.66,10.700000000000001,derivative_root,2.4291818556676503e-12,-1.5208824264817802,True,29
raised_cosine,0,29,min,min_5,11.517281855784733,-1.1042779748213543,11.52,-1.104255710300496,3.1256320680973935,7.72531684268099,11.5,11.540000000000001,derivative_root,-1.1546319456101628e-14,6.022308739913184,True,30
raised_cosine,0,29,peak,peak_6,14.090525184509302,3.4078183988253725,14.1,3.407521451142233,6.553039115387827,2.815991247884174,14.08,14.120000000000001,derivative_root,9.256484467812243e-15,-6.619046362441667,True,5
raised_cosine,0,29,min,min_6,15.934630261457915,-1.1681943298540074,15.94,-1.1681222486265412,0.289221235508216,0.4943254429460672,15.92,15.96,derivative_root,8.369693826892899e-14,5.031184864795489,True,31
raised_cosine,0,29,peak,peak_7,16.48373362236952,-0.8788607549614047,16.48,-0.8789010131183252,0.289221235508216,0.4811936006893916,16.46,16.5,derivative_root,1.2712053631958042e-14,-5.791935567509782,True,32
raised_cosine,0,29,min,min_7,18.054455420020027,-1.84707353589476,18.06,-1.8470073555117585,4.219187614828797,4.66656317853578,18.04,18.080000000000002,derivative_root,-2.852024172383949e-13,4.270072020893597,True,6
raised_cosine,0,29,peak,peak_8,18.7990633168428,-1.128642560402429,18.8,-1.128645541171219,0.5216656887242259,0.5967708987635229,18.78,18.82,derivative_root,-2.3675506000131463e-14,-6.794980938456158,True,33
raised_cosine,0,29,min,min_8,19.36794039181831,-1.6506528900321467,19.36,-1.650311229895445,0.5216656887242259,0.474206550253457,19.34,19.38,derivative_root,-6.272760089132134e-14,10.922405805942791,True,34
raised_cosine,0,29,peak,peak_9,20.977605675926714,2.3721830992954867,20.98,2.3721802593170382,4.219187614828797,2.1851568436408138,20.96,21.0,derivative_root,-4.0592529337857286e-16,-0.9927258703981783,True,7
raised_cosine,0,29,min,min_9,23.042140262521855,-1.2713666488657889,23.04,-1.27136091886083,3.5432286614682527,1.870145761063809,23.02,23.06,derivative_root,-3.6562549862728666e-15,2.494333578907591,True,8
raised_cosine,0,29,peak,peak_10,24.98864889606384,2.2721333774775907,24.98,2.271867742607423,3.5432286614682527,1.7951056730346817,24.96,25.0,derivative_root,-7.29379404096342e-12,-7.117472708849763,True,35
raised_cosine,0,29,min,min_10,27.21255034664471,-2.5935308334025637,27.22,-2.5932504737714903,5.128630250417952,3.5280533580603013,27.2,27.240000000000002,derivative_root,-3.0357660829594124e-14,10.102155183300106,True,10
raised_cosine,0,29,peak,peak_11,28.0384798234104,-1.4647532974917654,28.04,-1.4647611621672403,0.8057833150800886,0.7315506405823453,28.02,28.060000000000002,derivative_root,4.567700384594531e-14,-6.806194905715503,True,36
raised_cosine,0,29,min,min_11,28.737965730101752,-2.2705655065984143,28.740000000000002,-2.270544477247329,0.8057833150800886,0.6075072733804154,28.72,28.76,derivative_root,-3.552713678800501e-15,10.15382906149482,True,37
raised_cosine,0,29,peak,peak_12,30.399325093194317,2.5353814926498024,30.400000000000002,2.535379776646462,5.128630250417952,4.3577777372846915,30.38,30.42,derivative_root,4.807543252383084e-13,-7.534233236208501,True,38
raised_cosine,0,29,min,min_12,31.54950003883336,0.46470380698976427,31.54,0.46488758943131925,1.8807683017036667,1.3485389110931874,31.52,31.560000000000002,derivative_root,1.5765166949677223e-14,4.021071742916544,True,39
raised_cosine,0,29,peak,peak_13,32.91298986395387,2.345823908772913,32.92,2.345655891134986,1.8807683017036667,1.1418864689251904,32.9,32.94,derivative_root,1.0810588535470345e-12,-6.8439908455620975,True,40
raised_cosine,0,29,min,min_13,35.39321796958435,-2.2953977991056016,35.4,-2.2952910071570436,4.575348551443758,3.068749136412539,35.38,35.42,derivative_root,6.8593741797684515e-12,4.6371810996023575,True,41
raised_cosine,0,29,peak,peak_14,37.65352972514511,1.7284873373004976,37.660000000000004,1.7283840503551744,3.4543524138043,1.5922238424804527,37.64,37.68,derivative_root,1.1451922743432874e-11,-4.943868981375233,True,42
raised_cosine,0,29,min,min_14,39.133376662903615,-1.7262024896313206,39.14,-1.7259683634491254,3.4543524138043,1.5284458896915885,39.12,39.160000000000004,derivative_root,-1.4172753248775649e-11,10.687040397031092,True,43
raised_cosine,0,29,peak,peak_15,40.95067457832972,2.2803945715966436,40.96,2.280057544286715,4.575348551443758,4.0914545659036,40.94,40.980000000000004,derivative_root,5.890704590783002e-13,-7.7437966983274436,True,44
raised_cosine,0,29,min,min_15,42.01490120039103,0.03664815348528116,42.02,0.036786090558476904,1.5690940395945137,0.9972816156759291,42.0,42.04,derivative_root,5.80785419757035e-15,10.641019678193626,True,45
raised_cosine,0,29,peak,peak_16,43.38900733569139,1.6061519711822703,43.38,1.6058801301529906,1.5690940395945137,1.2482275983782711,43.36,43.4,derivative_root,2.0344836926255994e-14,-6.730338135207812,True,46
raised_cosine,0,29,min,min_16,45.37684705386798,-3.1455553682981554,45.38,-3.145517664245595,5.767811310892952,3.037387607475057,45.36,45.4,derivative_root,-2.0816681711721685e-16,7.6030862073551635,True,16
raised_cosine,0,29,peak,peak_17,48.047755474585365,2.0116956306369254,48.04,2.0115378576676948,0.2932141933687258,0.5104746916213572,48.02,48.06,derivative_root,6.484396353201305e-15,-5.208010535953831,True,47
raised_cosine,0,29,min,min_17,48.70565331370544,1.7182866487574,48.7,1.718323664298969,0.2932141933687258,0.6976960136508115,48.68,48.72,derivative_root,-3.747002708109903e-15,2.32123556012572,True,48
raised_cosine,0,29,peak,peak_18,49.50530451412187,2.19916196351884,49.5,2.199107300135065,5.175320114745092,3.5987351611836678,49.480000000000004,49.52,derivative_root,1.3697376566312869e-14,-3.8746728200079326,True,17
raised_cosine,0,29,min,min_18,51.445089228465385,-2.017944032797282,51.44,-2.017784172454491,3.2355665158117297,1.281899259702268,51.42,51.46,derivative_root,3.1502578323738817e-14,12.366718427866807,True,18
raised_cosine,0,29,peak,peak_19,52.912238434731606,1.2179625784226265,52.92,1.2177823433572388,3.2355665158117297,1.742061838474092,52.9,52.94,derivative_root,-1.19176127300058e-11,-5.996951447142849,True,49
raised_cosine,0,29,min,min_19,54.71208341256018,-2.9765476169409237,54.72,-2.976212814610027,5.175320114745092,1.7518677237234896,54.7,54.74,derivative_root,-4.9336229546170784e-12,10.671333836124798,True,20
raised_cosine,0,29,peak,peak_20,56.41041179483383,1.1307484647566268,56.42,1.1306060193681713,2.2045748148171684,1.4416813218822517,56.4,56.44,derivative_root,-9.242606680004428e-14,-3.071837386644714,True,21
raised_cosine,0,29,min,min_20,57.77971375904017,-1.0739689878313605,57.78,-1.073968795448997,2.2045748148171684,1.4629354053931547,57.76,57.800000000000004,derivative_root,-2.1399548799649892e-14,4.697318460107419,True,50
raised_cosine,0,29,peak,peak_21,59.61964126206999,2.6222938881220337,59.620000000000005,2.622293646647357,0.13445900470577365,0.4022026788029325,59.6,59.64,derivative_root,-2.5049406993105094e-13,-3.754737830875957,True,51
raised_cosine,0,101,peak,peak_1,1.1039713879116269,2.991161738851321,1.1,2.990919701434789,3.93832133887894,0.7915882397947303,1.08,1.12,derivative_root,-2.5266247427602195e-15,-30.631317738797367,True,52
raised_cosine,0,101,min,min_1,1.8671299529768723,0.12493657789443739,1.86,0.1253738702488955,1.7751893047600587,0.7073110219785681,1.84,1.8800000000000001,derivative_root,-4.3021142204224816e-16,17.119145160975044,True,53
raised_cosine,0,101,peak,peak_2,2.70507613586935,1.900708010780483,2.7,1.9005631750089542,1.7751893047600587,0.928919517000866,2.68,2.72,derivative_root,-6.455016642731293e-13,-11.245715989857397,True,54
raised_cosine,0,101,min,min_2,3.448947016330859,0.7629232985718588,3.44,0.7631720522568064,0.3626891628335627,0.5391436660004365,3.42,3.46,derivative_root,7.684117556659709e-14,6.137366936268797,True,55
raised_cosine,0,101,peak,peak_3,4.117922727252622,1.1258696550471419,4.12,1.125861215090369,0.3626891628335627,0.6988387281255274,4.1,4.14,derivative_root,4.978012631013523e-15,-3.9118742374286564,True,56
raised_cosine,0,101,min,min_3,6.517184406892635,-0.25208820350916195,6.5200000000000005,-0.25205802057727966,0.375650710821163,0.48601667807145305,6.5,6.54,derivative_root,2.1007371189818436e-13,7.616243036872466,True,25
raised_cosine,0,101,peak,peak_4,7.004510881929256,0.12367831887758017,7.0,0.12359269024388338,0.375650710821163,0.4599213387243174,6.98,7.0200000000000005,derivative_root,1.1115240672321391e-15,-8.429394860145683,True,3
raised_cosine,0,101,min,min_4,7.798828965954127,-0.6869974555801835,7.8,-0.6869938394931472,0.27205865839425647,0.49052525879428005,7.78,7.82,derivative_root,-9.17668718791731e-15,5.272822127616308,True,26
raised_cosine,0,101,peak,peak_5,8.29853806412303,-0.41492994026460334,8.3,-0.4149351810988907,0.27205865839425647,0.5196851359354173,8.28,8.32,derivative_root,-6.438859861956914e-15,-4.906892796526568,True,27
raised_cosine,0,101,min,min_5,9.079092244618174,-0.8866813424028319,9.08,-0.8866798056716502,0.1116681416770332,0.36982686233304324,9.06,9.1,derivative_root,-3.479855292809475e-15,3.7311808645546667,True,57
raised_cosine,0,101,peak,peak_6,9.466029807807486,-0.7749407218889348,9.46,-0.775011663994617,0.1116681416770332,0.3697992605876039,9.44,9.48,derivative_root,-5.63134608388971e-15,-3.9107502305677815,True,58
raised_cosine,0,101,min,min_6,9.94515236000189,-0.9474421800236875,9.94,-0.9474016374441512,3.93832133887894,8.92332052930289,9.92,9.96,derivative_root,1.0391860982839063e-14,3.0456634847080433,True,28
raised_cosine,0,101,peak,peak_7,12.470445565468395,0.14000638125398115,12.48,0.1396081160972256,0.33146859492263364,0.4236826140236735,12.46,12.5,derivative_root,4.473648014535758e-13,-8.723975664261914,True,59
raised_cosine,0,101,min,min_7,12.880357943859988,-0.19186127072785855,12.88,-0.19186047882540805,0.33146859492263364,0.34965314049371954,12.86,12.9,derivative_root,-3.587694377693573e-13,12.367029493516876,True,60
raised_cosine,0,101,peak,peak_8,14.113244225092132,4.208369464439052,14.120000000000001,4.208083897819847,6.930553011983328,1.7995628775737078,14.1,14.14,derivative_root,-2.4390212072233908e-15,-12.468312314557945,True,5
raised_cosine,0,101,min,min_8,15.814833688055352,-0.92725661282217,15.82,-0.9271888865965489,0.124337458732252,0.341270164120067,15.8,15.84,derivative_root,-3.3341385208274232e-15,5.133840944245705,True,31
raised_cosine,0,101,peak,peak_9,16.243093971085138,-0.8028338415473839,16.240000000000002,-0.8028514278642969,0.124337458732252,0.3890614383046955,16.22,16.26,derivative_root,1.6788671147738299e-12,-3.6919576314089104,True,32
raised_cosine,0,101,min,min_9,17.07431398333382,-1.8888262948775638,17.080000000000002,-1.8886669174315587,0.5330264662126505,0.5064564370613585,17.06,17.1,derivative_root,-1.9795580105674837e-14,9.871894635361484,True,61
raised_cosine,0,101,peak,peak_10,17.612554714613907,-1.355401532689997,17.62,-1.3556404512189082,0.5330264662126505,0.5416996220953888,17.6,17.64,derivative_root,2.5630539357557325e-14,-8.619802835821025,True,62
raised_cosine,0,101,min,min_10,18.23366299436146,-2.0569956604286492,18.240000000000002,-2.0567928236181316,5.353424317637657,5.1436778403871815,18.22,18.26,derivative_root,-1.1348127298971278e-14,10.077587981144287,True,6
raised_cosine,0,101,peak,peak_11,18.93428248397698,-0.9705118601252133,18.94,-0.9706666782375636,0.41405849673989803,0.45390731117954375,18.92,18.96,derivative_root,-3.957641506180387e-14,-9.513245934695865,True,33
raised_cosine,0,101,min,min_11,19.44966393178852,-1.3850733619165438,19.44,-1.3847251749774616,0.41405849673989803,0.5051634224138138,19.42,19.46,derivative_root,-3.822289706967297e-14,7.483636403127395,True,34
raised_cosine,0,101,peak,peak_12,21.058903438165228,3.253259275861965,21.06,3.2532543812985737,4.2694693469871625,1.4361295410577941,21.04,21.080000000000002,derivative_root,1.189259584907787e-11,-8.138553629759711,True,7
raised_cosine,0,101,min,min_12,22.32156967593391,-0.8187603441369882,22.32,-0.8187514973388973,0.4126964914213647,0.5323639704634934,22.3,22.34,derivative_root,4.768686747563811e-12,7.158064059899675,True,63
raised_cosine,0,101,peak,peak_13,22.98683763960054,-0.4059094229972959,22.98,-0.4060550059175326,0.4126964914213647,0.5755513895763079,22.96,23.0,derivative_root,1.7811923810895358e-13,-6.278171529710207,True,64
raised_cosine,0,101,min,min_13,23.549079660335273,-1.0166913830126627,23.54,-1.0162149656885886,4.2694693469871625,2.66335558789302,23.52,23.56,derivative_root,-2.764204663774361e-11,11.5816067308233,True,65
raised_cosine,0,101,peak,peak_14,25.0023528566505,3.296680423711541,25.0,3.296631494019526,5.353424317637657,1.3737258086224802,24.98,25.02,derivative_root,-1.7380649437043205e-11,-17.67099038926087,True,35
raised_cosine,0,101,min,min_14,27.592103154538204,-2.2511718512132433,27.6,-2.2510937132340096,5.626072207191184,4.061482533880699,27.580000000000002,27.62,derivative_root,-9.131584377541913e-14,2.469849931962339,True,10
raised_cosine,0,101,peak,peak_15,28.30850411013397,-1.6112809925360703,28.3,-1.6115552306157142,0.3254717667221294,0.4529635992770773,28.28,28.32,derivative_root,-1.379452108096757e-14,-7.55271502692561,True,36
raised_cosine,0,101,min,min_15,28.794500426357803,-1.9371351269914738,28.8,-1.9370269973378436,0.3254717667221294,0.45824578962623036,28.78,28.82,derivative_root,-3.914099946933369e-14,7.133530567781216,True,37
raised_cosine,0,101,peak,peak_16,30.505519214942122,3.3752404290274645,30.5,3.374978493957174,5.626072207191184,1.50473123287788,30.48,30.52,derivative_root,-5.224206484077953e-13,-17.203530399777442,True,38
raised_cosine,0,101,min,min_16,31.723072382139996,-0.320872679059713,31.720000000000002,-0.3208302641483339,3.4186343341716507,1.2434015960271974,31.7,31.740000000000002,derivative_root,2.1171432662558942e-14,9.005496435877784,True,39
raised_cosine,0,101,peak,peak_17,32.81144188264895,3.0982808906471404,32.82,3.097804070023317,3.4186343341716507,1.159610942674699,32.8,32.84,derivative_root,2.4714171681372576e-14,-13.085563134500516,True,40
raised_cosine,0,101,min,min_17,34.27933984585369,-1.9775983672158504,34.28,-1.9775955494103048,0.33414105638218783,0.3465944190798246,34.26,34.300000000000004,derivative_root,9.075062749885898e-13,12.943303640201464,True,66
raised_cosine,0,101,peak,peak_18,34.70625283423851,-1.6433196542177566,34.7,-1.643454493028117,0.33414105638218783,0.4674568585558791,34.68,34.72,derivative_root,-2.256658401811329e-14,-6.883363734066592,True,67
raised_cosine,0,101,min,min_18,35.40730853688339,-2.3387684070438834,35.4,-2.3385293661858713,5.4406538731967,3.315596290661679,35.38,35.42,derivative_root,4.212862697583475e-14,8.980351573459313,True,41
raised_cosine,0,101,peak,peak_19,35.95807628743332,-1.8033867342317271,35.96,-1.8033984458817518,0.16159925183898594,0.3402641966120336,35.94,35.980000000000004,derivative_root,-3.242965791738772e-13,-6.342527469626012,True,68
raised_cosine,0,101,min,min_19,36.329710789450395,-1.9653256225782592,36.32,-1.9649976977207377,0.16159925183898594,0.3204463523251343,36.300000000000004,36.34,derivative_root,-8.020033205255461e-13,7.069986472847944,True,69
raised_cosine,0,101,peak,peak_20,37.593509408672105,2.4181088028929802,37.6,2.4178520345116032,3.936776152617839,1.219298400515945,37.58,37.62,derivative_root,7.780737859564013e-12,-12.175839620693264,True,42
raised_cosine,0,101,min,min_20,39.08033877757064,-1.5189246545998525,39.08,-1.5189241181062356,3.936776152617839,2.078002795259122,39.06,39.1,derivative_root,1.5438930515976335e-14,9.350428823397989,True,43
raised_cosine,0,101,peak,peak_21,40.9916674674543,3.1025782544200795,41.0,3.1021245070108288,5.4406538731967,1.394088707803885,40.980000000000004,41.02,derivative_root,2.144161584394233e-14,-13.079533265870538,True,44
raised_cosine,0,101,min,min_21,42.04235682852071,-0.9698063555267525,42.04,-0.9697501557862634,3.5430182058156214,1.0459729842111665,42.02,42.06,derivative_root,2.943522162124346e-14,20.214292163206718,True,45
raised_cosine,0,101,peak,peak_22,43.318536384615584,2.573282699438565,43.32,2.573268050029358,3.5430182058156214,1.1791721988638255,43.300000000000004,43.34,derivative_root,3.311695221438343e-11,-13.67309073527231,True,46
raised_cosine,0,101,min,min_22,45.597109251553626,-2.7224873300193524,45.6,-2.722469114163481,5.8422893422317745,3.438076641137332,45.58,45.62,derivative_root,-6.075286541201708e-12,4.332418909328045,True,16
raised_cosine,0,101,peak,peak_23,46.25101972033251,-2.044139507092291,46.26,-2.0444773881801384,0.32225256958444337,0.4207418088997747,46.24,46.28,derivative_root,2.1251229942453875e-14,-8.402169424181364,True,70
raised_cosine,0,101,min,min_23,46.679296643271385,-2.3667325391981886,46.68,-2.3667299577645817,0.32225256958444337,0.3736531422833014,46.660000000000004,46.7,derivative_root,-9.927415877200585e-14,10.428199002096383,True,71
raised_cosine,0,101,peak,peak_24,47.99923766859443,3.0038696642676,48.0,3.0038647320706993,2.3151500663399216,0.8038654761887756,47.980000000000004,48.02,derivative_root,3.63955827281659e-14,-16.977226120102348,True,47
raised_cosine,0,101,min,min_24,48.87388812597246,0.6884130108947523,48.88,0.6887146657307776,2.3151500663399216,0.8451674830913181,48.86,48.9,derivative_root,-5.5109779587003693e-14,16.107966184159352,True,48
raised_cosine,0,101,peak,peak_25,49.70918488136362,3.1204564088747127,49.7,3.119820228068294,5.396603216213555,3.0570612152575722,49.68,49.72,derivative_root,-2.2047043878037353e-11,-15.053142324468311,True,17
raised_cosine,0,101,min,min_25,51.37687130765211,-1.7051354094930051,51.38,-1.7051069252891415,3.796073028773811,1.9171253964561674,51.36,51.4,derivative_root,1.5864263028242398e-14,5.820605980622112,True,18
raised_cosine,0,101,peak,peak_26,52.91159388387442,2.0915826195577623,52.92,2.0909661034846696,3.796073028773811,1.1104623192926193,52.9,52.94,derivative_root,1.3906193904733577e-14,-17.53078686445179,True,49
raised_cosine,0,101,min,min_26,54.19687178283558,-2.132071782168788,54.2,-2.132035018207088,0.10175160831016994,0.24931733207699835,54.18,54.22,derivative_root,5.162320224072481e-14,7.573520479969788,True,72
raised_cosine,0,101,peak,peak_27,54.507853565068444,-2.0301419383946535,54.5,-2.030283409896918,0.10175160831016994,0.31629015949852146,54.480000000000004,54.52,derivative_root,-3.2698670160424825e-14,-4.603069440378016,True,73
raised_cosine,0,101,min,min_27,54.99712367815523,-2.276805635116794,55.0,-2.2767829881452615,5.391895107999092,2.452581145231261,54.980000000000004,55.02,derivative_root,-2.503336080095231e-14,5.470935260756343,True,20
raised_cosine,0,101,peak,peak_28,56.472541759061244,1.9398837268020352,56.480000000000004,1.9395331322969154,3.569450718995679,1.2389157109527604,56.46,56.5,derivative_root,9.33227453647767e-13,-12.613182271080236,True,21
raised_cosine,0,101,min,min_28,57.726517217009466,-1.6301342785972386,57.72,-1.6299175866987632,3.569450718995679,1.512978394655911,57.7,57.74,derivative_root,1.2884929668360856e-13,10.122995236175244,True,50
raised_cosine,0,101,peak,peak_29,59.35318863200415,3.1154816767047353,59.36,3.115112119853831,1.521898186457628,0.6670229842689696,59.34,59.38,derivative_root,3.528474821351546e-12,-15.942579714836045,True,51
