dataset,replicate,prime_cutoff,kind,tau,phase_slope
real,0,5,stationary_phase,0.8619891542757702,0.0
real,0,5,stationary_phase,3.559546419509104,0.0
real,0,5,stationary_phase,4.288113708222461,0.0
real,0,5,stationary_phase,5.321561319155769,0.0
real,0,5,stationary_phase,6.105918654228839,0.0
real,0,5,stationary_phase,7.392183284870589,0.0
real,0,5,stationary_phase,9.484426432284874,0.0
real,0,5,stationary_phase,10.85959715664959,0.0
real,0,5,stationary_phase,12.254651170301605,0.0
real,0,5,stationary_phase,15.25559610544275,0.0
real,0,5,stationary_phase,16.09785989686563,0.0
real,0,5,stationary_phase,16.60913501597775,0.0
real,0,5,stationary_phase,19.897097394234198,0.0
real,0,5,stationary_phase,22.41300851171342,0.0
real,0,5,stationary_phase,23.888206607300997,0.0
real,0,5,stationary_phase,26.569016105889865,0.0
real,0,5,stationary_phase,29.01750899460429,0.0
real,0,5,stationary_phase,30.89129799291646,0.0
real,0,5,stationary_phase,31.56488195416441,0.0
real,0,5,stationary_phase,33.87976672869051,0.0
real,0,5,stationary_phase,36.67384774589863,0.0
real,0,5,stationary_phase,38.63204826484401,0.0
real,0,5,stationary_phase,40.43285838502386,0.0
real,0,5,stationary_phase,42.59749922205009,0.0
real,0,5,stationary_phase,43.31084629903415,0.0
real,0,5,stationary_phase,44.77338886659471,0.0
real,0,5,stationary_phase,47.26058527165026,0.0
real,0,5,stationary_phase,50.32482682991186,0.0
real,0,5,stationary_phase,51.92017174834258,0.0
real,0,5,stationary_phase,53.821994965835096,0.0
real,0,5,stationary_phase,55.230200501884966,0.0
real,0,5,stationary_phase,56.79676188750341,0.0
real,0,5,stationary_phase,57.72719587755969,0.0
real,0,5,stationary_phase,58.03478238766442,0.0
real,0,5,stationary_phase,58.91922927526924,0.0
real,0,5,rotation_max_grid,2.3000000000000003,-1.0978830870962797
real,0,5,rotation_max_grid,3.92,0.6709455929031399
real,0,5,rotation_max_grid,4.8,-0.5381238335078379
real,0,5,rotation_max_grid,5.72,0.7303708106966833
real,0,5,rotation_max_grid,6.74,-0.6656932900452379
real,0,5,rotation_max_grid,7.82,0.8772359334412292
real,0,5,rotation_max_grid,9.040000000000001,0.8839323953919924
real,0,5,rotation_max_grid,10.16,-0.6783773191465847
real,0,5,rotation_max_grid,11.58,2.277341993179247
real,0,5,rotation_max_grid,13.780000000000001,-1.1724232511095407
real,0,5,rotation_max_grid,15.64,0.7559102465217312
real,0,5,rotation_max_grid,16.36,-0.17831572484131092
real,0,5,rotation_max_grid,17.2,1.135919764935738
real,0,5,rotation_max_grid,18.1,1.1650494174706918
real,0,5,rotation_max_grid,19.5,0.8176378720444932
real,0,5,rotation_max_grid,21.14,-1.0814711440752423
real,0,5,rotation_max_grid,23.16,1.5974147357246937
real,0,5,rotation_max_grid,25.2,-1.0879087322312846
real,0,5,rotation_max_grid,27.28,2.6587709600787486
real,0,5,rotation_max_grid,28.560000000000002,1.0094362023539665
real,0,5,rotation_max_grid,29.98,-0.9202995010248887
real,0,5,rotation_max_grid,31.240000000000002,0.6158850898066708
real,0,5,rotation_max_grid,32.7,-1.0498682588618626
real,0,5,rotation_max_grid,34.4,1.1965458202459676
real,0,5,rotation_max_grid,35.1,1.359938525190154
real,0,5,rotation_max_grid,36.22,0.9742470618527856
real,0,5,rotation_max_grid,37.660000000000004,-0.9266427869041226
real,0,5,rotation_max_grid,39.08,0.9621388842068171
real,0,5,rotation_max_grid,40.0,0.9507533599097557
real,0,5,rotation_max_grid,41.52,-1.0168360196721997
real,0,5,rotation_max_grid,42.94,0.6606533391601944
real,0,5,rotation_max_grid,44.02,-0.7303161839566963
real,0,5,rotation_max_grid,45.58,2.1391679163833883
real,0,5,rotation_max_grid,46.800000000000004,1.040354737189841
real,0,5,rotation_max_grid,48.800000000000004,-1.1766877999083039
real,0,5,rotation_max_grid,50.86,1.2339206325153194
real,0,5,rotation_max_grid,51.38,1.2491936725039898
real,0,5,rotation_max_grid,52.86,-0.8882605604039298
real,0,5,rotation_max_grid,54.52,2.308556851189465
real,0,5,rotation_max_grid,56.02,-0.7717516011713667
real,0,5,rotation_max_grid,57.2,0.8094372892535541
real,0,5,rotation_max_grid,57.88,-0.07442630518266931
real,0,5,rotation_max_grid,58.54,0.7614522367072575
real,0,29,stationary_phase,0.572714446439085,0.0
real,0,29,stationary_phase,1.8501382802645157,0.0
real,0,29,stationary_phase,2.627851850207729,0.0
real,0,29,stationary_phase,3.7000235248930213,0.0
real,0,29,stationary_phase,4.468573203574132,0.0
real,0,29,stationary_phase,5.503242075686854,0.0
real,0,29,stationary_phase,6.647015682875668,0.0
real,0,29,stationary_phase,7.343685476336652,0.0
real,0,29,stationary_phase,8.165568102495468,0.0
real,0,29,stationary_phase,8.850037234796641,0.0
real,0,29,stationary_phase,10.108932972645194,0.0
real,0,29,stationary_phase,10.637636582319637,0.0
real,0,29,stationary_phase,12.018313402480327,0.0
real,0,29,stationary_phase,12.548951883470856,0.0
real,0,29,stationary_phase,13.342284138887512,0.0
real,0,29,stationary_phase,14.900202413784166,0.0
real,0,29,stationary_phase,16.227448999879034,0.0
real,0,29,stationary_phase,16.733312567266726,0.0
real,0,29,stationary_phase,18.55740728316241,0.0
real,0,29,stationary_phase,19.029913411345056,0.0
real,0,29,stationary_phase,20.100522695651694,0.0
real,0,29,stationary_phase,21.87683836424739,0.0
real,0,29,stationary_phase,24.466374336161675,0.0
real,0,29,stationary_phase,25.699855041136683,0.0
real,0,29,stationary_phase,29.493001595663568,0.0
real,0,29,stationary_phase,29.63026797644897,0.0
real,0,29,stationary_phase,29.904200172910066,0.0
real,0,29,stationary_phase,31.171842065040682,0.0
real,0,29,stationary_phase,32.29155551881795,0.0
real,0,29,stationary_phase,33.66862562039292,0.0
real,0,29,stationary_phase,34.597832302063495,0.0
real,0,29,stationary_phase,35.08862152059525,0.0
real,0,29,stationary_phase,36.76951486706749,0.0
real,0,29,stationary_phase,38.554217693603846,0.0
real,0,29,stationary_phase,40.21243540718549,0.0
real,0,29,stationary_phase,41.61998723652647,0.0
real,0,29,stationary_phase,42.785075438651035,0.0
real,0,29,stationary_phase,44.0304979690641,0.0
real,0,29,stationary_phase,45.57337985580166,0.0
real,0,29,stationary_phase,45.9228978024109,0.0
real,0,29,stationary_phase,47.18891696277558,0.0
real,0,29,stationary_phase,48.37423711334806,0.0
real,0,29,stationary_phase,49.0645992492372,0.0
real,0,29,stationary_phase,50.66332108602864,0.0
real,0,29,stationary_phase,52.31429070217177,0.0
real,0,29,stationary_phase,53.759512603824724,0.0
real,0,29,stationary_phase,55.739464641003316,0.0
real,0,29,stationary_phase,57.275029212843464,0.0
real,0,29,stationary_phase,58.5050995026208,0.0
real,0,29,stationary_phase,59.66217033886363,0.0
real,0,29,rotation_max_grid,1.18,-4.1434307803434
real,0,29,rotation_max_grid,2.2,1.8012266686575553
real,0,29,rotation_max_grid,3.1,-1.8106159766047674
real,0,29,rotation_max_grid,4.04,1.0706015599350014
real,0,29,rotation_max_grid,4.88,-0.9019894481541073
real,0,29,rotation_max_grid,5.8,0.376519105650282
real,0,29,rotation_max_grid,6.4,0.6157502826403879
real,0,29,rotation_max_grid,7.0,-1.1602655506706487
real,0,29,rotation_max_grid,7.8,1.2055039593944308
real,0,29,rotation_max_grid,8.44,-0.6057801293405198
real,0,29,rotation_max_grid,9.74,0.721093469750188
real,0,29,rotation_max_grid,10.3,-0.268877733376334
real,0,29,rotation_max_grid,11.26,0.8159633333877085
real,0,29,rotation_max_grid,12.38,-0.29898872716586045
real,0,29,rotation_max_grid,13.0,1.9189287052604072
real,0,29,rotation_max_grid,14.1,-2.9101630151910127
real,0,29,rotation_max_grid,15.02,0.10501242079686135
real,0,29,rotation_max_grid,15.700000000000001,1.556109018470248
real,0,29,rotation_max_grid,16.48,-0.7179198600103633
real,0,29,rotation_max_grid,17.1,1.4225916002195187
real,0,29,rotation_max_grid,18.12,1.0582246160789235
real,0,29,rotation_max_grid,18.82,-0.4524096516495911
real,0,29,rotation_max_grid,19.52,1.9348747681826821
real,0,29,rotation_max_grid,21.14,-2.0732425410383035
real,0,29,rotation_max_grid,22.26,1.8052448037160171
real,0,29,rotation_max_grid,23.52,1.1034357456044335
real,0,29,rotation_max_grid,24.2,0.8266328197109434
real,0,29,rotation_max_grid,25.080000000000002,-3.4605532555213276
real,0,29,rotation_max_grid,26.1,1.904346889647786
real,0,29,rotation_max_grid,27.2,0.7963494325350822
real,0,29,rotation_max_grid,27.94,0.8459959994312684
real,0,29,rotation_max_grid,28.84,1.6658463705096613
real,0,29,rotation_max_grid,29.560000000000002,-0.025914806063812523
real,0,29,rotation_max_grid,29.8,0.11822522932609592
real,0,29,rotation_max_grid,30.560000000000002,-3.0878086450640327
real,0,29,rotation_max_grid,31.86,2.394662619086896
real,0,29,rotation_max_grid,32.86,-3.334606476702189
real,0,29,rotation_max_grid,34.160000000000004,2.987036331219501
real,0,29,rotation_max_grid,34.82,-0.8405244128303249
real,0,29,rotation_max_grid,35.5,1.744560210567816
real,0,29,rotation_max_grid,36.22,1.5752425615857824
real,0,29,rotation_max_grid,37.42,-1.7274214196089348
real,0,29,rotation_max_grid,39.160000000000004,2.5613932906833057
real,0,29,rotation_max_grid,39.94,0.8093148514517107
real,0,29,rotation_max_grid,40.94,-2.2524967177157116
real,0,29,rotation_max_grid,42.02,2.283485800837877
real,0,29,rotation_max_grid,43.480000000000004,-3.0881256428702613
real,0,29,rotation_max_grid,44.660000000000004,2.1779634128448997
real,0,29,rotation_max_grid,45.74,-0.135009389909574
real,0,29,rotation_max_grid,46.68,3.1173528786181084
real,0,29,rotation_max_grid,47.7,-2.90065225124463
real,0,29,rotation_max_grid,48.74,0.7821102692875507
real,0,29,rotation_max_grid,49.56,-2.0494881518743506
real,0,29,rotation_max_grid,51.4,2.3578702706175934
real,0,29,rotation_max_grid,52.86,-2.3721636197611886
real,0,29,rotation_max_grid,54.24,1.8164647347055156
real,0,29,rotation_max_grid,56.76,-2.683717376007302
real,0,29,rotation_max_grid,57.78,3.3461079722816294
real,0,29,rotation_max_grid,59.160000000000004,-2.568508982697762
real,0,29,rotation_max_grid,59.9,0.8260200721231246
real,0,101,stationary_phase,0.4348895685409211,0.0
real,0,101,stationary_phase,1.304988906817248,0.0
real,0,101,stationary_phase,1.938026914912634,0.0
real,0,101,stationary_phase,2.7091610570747524,0.0
real,0,101,stationary_phase,3.343109974898513,0.0
real,0,101,stationary_phase,4.069228652788197,0.0
real,0,101,stationary_phase,4.6833267175270406,0.0
real,0,101,stationary_phase,5.423547886821212,0.0
real,0,101,stationary_phase,6.05782246596582,0.0
real,0,101,stationary_phase,6.764923760064155,0.0
real,0,101,stationary_phase,7.584474154946732,0.0
real,0,101,stationary_phase,8.213886342298125,0.0
real,0,101,stationary_phase,9.011635872232146,0.0
real,0,101,stationary_phase,9.580549386469158,0.0
real,0,101,stationary_phase,10.354995683361274,0.0
real,0,101,stationary_phase,10.833267506034492,0.0
real,0,101,stationary_phase,12.26509160619672,0.0
real,0,101,stationary_phase,12.62396135166821,0.0
real,0,101,stationary_phase,13.391069497267228,0.0
real,0,101,stationary_phase,14.758637304325731,0.0
real,0,101,stationary_phase,15.893491433913447,0.0
real,0,101,stationary_phase,16.171699674731226,0.0
real,0,101,stationary_phase,17.31847716381777,0.0
real,0,101,stationary_phase,17.714054894838743,0.0
real,0,101,stationary_phase,18.643372204352406,0.0
real,0,101,stationary_phase,19.00539309742713,0.0
real,0,101,stationary_phase,20.329123588601174,0.0
real,0,101,stationary_phase,21.727387416728977,0.0
real,0,101,stationary_phase,22.543031565794447,0.0
real,0,101,stationary_phase,23.053976578254126,0.0
real,0,101,stationary_phase,23.99387383308805,0.0
real,0,101,stationary_phase,24.143597971877846,0.0
real,0,101,stationary_phase,24.535432848855283,0.0
real,0,101,stationary_phase,25.691929897732688,0.0
real,0,101,stationary_phase,26.484564445695327,0.0
real,0,101,stationary_phase,26.86382216651802,0.0
real,0,101,stationary_phase,28.094647074175985,0.0
real,0,101,stationary_phase,28.37820680735339,0.0
real,0,101,stationary_phase,29.943719046035735,0.0
real,0,101,stationary_phase,31.038289878222574,0.0
real,0,101,stationary_phase,32.267680250308224,0.0
real,0,101,stationary_phase,33.6711072975137,0.0
real,0,101,stationary_phase,34.50498289117397,0.0
real,0,101,stationary_phase,34.97276237498792,0.0
real,0,101,stationary_phase,35.81794431599967,0.0
real,0,101,stationary_phase,36.25658180721296,0.0
real,0,101,stationary_phase,37.02699104943602,0.0
real,0,101,stationary_phase,38.083015443311325,0.0
real,0,101,stationary_phase,40.28505900575406,0.0
real,0,101,stationary_phase,41.618076897249914,0.0
real,0,101,stationary_phase,42.75742788845707,0.0
real,0,101,stationary_phase,43.890258997927155,0.0
real,0,101,stationary_phase,47.52399472840051,0.0
real,0,101,stationary_phase,48.55825891237561,0.0
real,0,101,stationary_phase,49.27657265605594,0.0
real,0,101,stationary_phase,50.25619645157652,0.0
real,0,101,stationary_phase,52.442511002787256,0.0
real,0,101,stationary_phase,53.605041090530364,0.0
real,0,101,stationary_phase,55.924620613080634,0.0
real,0,101,stationary_phase,56.9580114593409,0.0
real,0,101,stationary_phase,57.882443969059516,0.0
real,0,101,stationary_phase,58.093664048522214,0.0
real,0,101,stationary_phase,58.88127932774779,0.0
real,0,101,stationary_phase,59.77968493759981,0.0
real,0,101,rotation_max_grid,0.84,-9.99290133046737
real,0,101,rotation_max_grid,1.58,5.091412919652012
real,0,101,rotation_max_grid,2.32,-4.174070318083289
real,0,101,rotation_max_grid,3.0,2.596312115480359
real,0,101,rotation_max_grid,3.7,-2.7117092266085887
real,0,101,rotation_max_grid,4.36,1.9653136744096147
real,0,101,rotation_max_grid,5.0600000000000005,-1.6032936367744717
real,0,101,rotation_max_grid,5.72,1.3536929361757286
real,0,101,rotation_max_grid,6.34,-0.9317045323089719
real,0,101,rotation_max_grid,7.3,0.8282350145040229
real,0,101,rotation_max_grid,7.9,-0.6882702614353392
real,0,101,rotation_max_grid,8.58,0.926392883735009
real,0,101,rotation_max_grid,9.32,-0.6191170636344573
real,0,101,rotation_max_grid,9.94,1.0522413372515156
real,0,101,rotation_max_grid,10.6,-0.39339551154927005
real,0,101,rotation_max_grid,11.16,0.6291986364189074
real,0,101,rotation_max_grid,12.48,-0.33462744267148
real,0,101,rotation_max_grid,13.02,1.6030408811508443
real,0,101,rotation_max_grid,14.24,-3.89313317952921
real,0,101,rotation_max_grid,15.040000000000001,1.1853286242175498
real,0,101,rotation_max_grid,15.46,0.8754575366928271
real,0,101,rotation_max_grid,16.02,-0.1634010169093653
real,0,101,rotation_max_grid,16.94,1.3310356253487146
real,0,101,rotation_max_grid,17.5,-0.41915942447536214
real,0,101,rotation_max_grid,18.28,1.4999059501819187
real,0,101,rotation_max_grid,18.82,-0.5966812335457679
real,0,101,rotation_max_grid,19.34,1.010067834070033
real,0,101,rotation_max_grid,20.0,1.1734253574736775
real,0,101,rotation_max_grid,21.12,-3.479087233369773
real,0,101,rotation_max_grid,22.06,2.6558375158327054
real,0,101,rotation_max_grid,22.76,-0.3777149181316872
real,0,101,rotation_max_grid,23.54,1.9113329930191605
real,0,101,rotation_max_grid,24.060000000000002,-0.0951190033064046
real,0,101,rotation_max_grid,24.38,0.6359765184993754
real,0,101,rotation_max_grid,25.04,-3.7773004835432857
real,0,101,rotation_max_grid,26.060000000000002,2.7630383741862916
real,0,101,rotation_max_grid,26.66,-0.41603611181804906
real,0,101,rotation_max_grid,27.7,1.3688467651693197
real,0,101,rotation_max_grid,28.240000000000002,-0.3717338266282085
real,0,101,rotation_max_grid,28.78,1.3924702086920868
real,0,101,rotation_max_grid,29.26,1.168026085969974
real,0,101,rotation_max_grid,29.84,0.14047834296162287
real,0,101,rotation_max_grid,30.5,-4.075519435966317
real,0,101,rotation_max_grid,31.46,1.9633581603369394
real,0,101,rotation_max_grid,33.18,-2.5737319530188834
real,0,101,rotation_max_grid,34.12,3.0688090961074006
real,0,101,rotation_max_grid,34.72,-1.113210668591844
real,0,101,rotation_max_grid,35.42,2.748026309486381
real,0,101,rotation_max_grid,36.04,-0.8691447005123694
real,0,101,rotation_max_grid,36.68,2.9480729308945173
real,0,101,rotation_max_grid,37.62,-4.321927419904248
real,0,101,rotation_max_grid,38.38,2.458548605841333
real,0,101,rotation_max_grid,39.18,0.44192980523012293
real,0,101,rotation_max_grid,39.94,2.481148825477211
real,0,101,rotation_max_grid,40.78,-3.0523312421665456
real,0,101,rotation_max_grid,42.0,2.4664007736117095
real,0,101,rotation_max_grid,43.4,-3.280523661762852
real,0,101,rotation_max_grid,44.18,2.1805669228791458
real,0,101,rotation_max_grid,45.74,1.7515774577987635
real,0,101,rotation_max_grid,46.88,1.8360939719093596
real,0,101,rotation_max_grid,48.04,-4.093605292584807
real,0,101,rotation_max_grid,48.96,3.3323009227514717
real,0,101,rotation_max_grid,49.74,-4.408408046098706
real,0,101,rotation_max_grid,50.620000000000005,2.32015295177023
real,0,101,rotation_max_grid,52.14,2.3297689790943594
real,0,101,rotation_max_grid,52.84,-3.9365482218412957
real,0,101,rotation_max_grid,54.0,2.495182438110208
real,0,101,rotation_max_grid,55.480000000000004,2.242530799097019
real,0,101,rotation_max_grid,56.46,-3.937807791716313
real,0,101,rotation_max_grid,57.46,2.390481277124044
real,0,101,rotation_max_grid,57.980000000000004,-0.24683900759759098
real,0,101,rotation_max_grid,58.56,2.7859976794063273
real,0,101,rotation_max_grid,59.36,-4.79164768109268
phase_scrambled,0,5,stationary_phase,1.6880954898705647,0.0
phase_scrambled,0,5,stationary_phase,4.273680766111019,0.0
phase_scrambled,0,5,stationary_phase,5.611780251203202,0.0
phase_scrambled,0,5,stationary_phase,6.333012557266366,0.0
phase_scrambled,0,5,stationary_phase,8.68312113225584,0.0
phase_scrambled,0,5,stationary_phase,10.323787228917439,0.0
phase_scrambled,0,5,stationary_phase,12.326119471369129,0.0
phase_scrambled,0,5,stationary_phase,15.235778949433037,0.0
phase_scrambled,0,5,stationary_phase,17.36423967324636,0.0
phase_scrambled,0,5,stationary_phase,18.03546820201275,0.0
phase_scrambled,0,5,stationary_phase,20.103190518219805,0.0
phase_scrambled,0,5,stationary_phase,22.411522142853222,0.0
phase_scrambled,0,5,stationary_phase,25.081796934012903,0.0
phase_scrambled,0,5,stationary_phase,26.689366521236888,0.0
phase_scrambled,0,5,stationary_phase,29.03764552398376,0.0
phase_scrambled,0,5,stationary_phase,29.93798330442187,0.0
phase_scrambled,0,5,stationary_phase,30.296385185738234,0.0
phase_scrambled,0,5,stationary_phase,33.686532117456316,0.0
phase_scrambled,0,5,stationary_phase,36.73814573388538,0.0
phase_scrambled,0,5,stationary_phase,38.225200660908506,0.0
phase_scrambled,0,5,stationary_phase,39.508026980984454,0.0
phase_scrambled,0,5,stationary_phase,41.531969195174334,0.0
phase_scrambled,0,5,stationary_phase,43.04013371309639,0.0
phase_scrambled,0,5,stationary_phase,43.84860386420164,0.0
phase_scrambled,0,5,stationary_phase,44.60813267618447,0.0
phase_scrambled,0,5,stationary_phase,45.37740620862848,0.0
phase_scrambled,0,5,stationary_phase,48.154584160542626,0.0
phase_scrambled,0,5,stationary_phase,49.89626585474078,0.0
phase_scrambled,0,5,stationary_phase,52.494241390674915,0.0
phase_scrambled,0,5,stationary_phase,53.1989896911501,0.0
phase_scrambled,0,5,stationary_phase,54.47582922612704,0.0
phase_scrambled,0,5,stationary_phase,55.26079585930543,0.0
phase_scrambled,0,5,stationary_phase,56.30893361582169,0.0
phase_scrambled,0,5,stationary_phase,58.4793969737878,0.0
phase_scrambled,0,5,stationary_phase,59.91928379468008,0.0
phase_scrambled,0,5,rotation_max_grid,0.18,-1.1730569710575467
phase_scrambled,0,5,rotation_max_grid,2.12,0.9279087129821344
phase_scrambled,0,5,rotation_max_grid,3.52,2.408484495514552
phase_scrambled,0,5,rotation_max_grid,4.96,-0.66800248326183
phase_scrambled,0,5,rotation_max_grid,5.98,0.6689081373075254
phase_scrambled,0,5,rotation_max_grid,7.5,-1.0595878170623785
phase_scrambled,0,5,rotation_max_grid,9.18,1.148176091142376
phase_scrambled,0,5,rotation_max_grid,9.8,1.1574579564673748
phase_scrambled,0,5,rotation_max_grid,11.32,-0.9359399907391783
phase_scrambled,0,5,rotation_max_grid,12.780000000000001,0.9998149416191418
phase_scrambled,0,5,rotation_max_grid,13.8,1.2306967483708748
phase_scrambled,0,5,rotation_max_grid,14.780000000000001,1.0001529658193566
phase_scrambled,0,5,rotation_max_grid,16.32,-1.0058187412140618
phase_scrambled,0,5,rotation_max_grid,17.7,0.6140928103121912
phase_scrambled,0,5,rotation_max_grid,19.04,-0.9770085959026213
phase_scrambled,0,5,rotation_max_grid,20.62,1.1575999634428389
phase_scrambled,0,5,rotation_max_grid,21.68,2.633990318475183
phase_scrambled,0,5,rotation_max_grid,23.78,-1.0884028101672443
phase_scrambled,0,5,rotation_max_grid,25.6,1.1788867249136445
phase_scrambled,0,5,rotation_max_grid,26.18,1.1794455817849316
phase_scrambled,0,5,rotation_max_grid,27.88,-1.048395809939441
phase_scrambled,0,5,rotation_max_grid,29.42,0.7890508828602535
phase_scrambled,0,5,rotation_max_grid,30.12,-0.09437503887436272
phase_scrambled,0,5,rotation_max_grid,30.900000000000002,1.0657982997819748
phase_scrambled,0,5,rotation_max_grid,31.96,1.0915632055865703
phase_scrambled,0,5,rotation_max_grid,33.28,0.816412317494909
phase_scrambled,0,5,rotation_max_grid,35.18,-1.1801281102417083
phase_scrambled,0,5,rotation_max_grid,37.480000000000004,1.8027467789694631
phase_scrambled,0,5,rotation_max_grid,38.86,-0.6334100370007723
phase_scrambled,0,5,rotation_max_grid,39.96,0.9182171686738265
phase_scrambled,0,5,rotation_max_grid,41.1,0.895079816347034
phase_scrambled,0,5,rotation_max_grid,42.28,-0.772311523026636
phase_scrambled,0,5,rotation_max_grid,43.42,0.7457395213181719
phase_scrambled,0,5,rotation_max_grid,44.22,-0.35502245211018824
phase_scrambled,0,5,rotation_max_grid,45.02,0.7041415390296701
phase_scrambled,0,5,rotation_max_grid,46.68,-1.1122391250379797
phase_scrambled,0,5,rotation_max_grid,49.02,4.30324596214477
phase_scrambled,0,5,rotation_max_grid,51.28,-1.0795017456717988
phase_scrambled,0,5,rotation_max_grid,52.84,0.6493019542869203
phase_scrambled,0,5,rotation_max_grid,53.84,-0.681030928566182
phase_scrambled,0,5,rotation_max_grid,54.86,0.7311943108011874
phase_scrambled,0,5,rotation_max_grid,55.78,-0.5306797914680825
phase_scrambled,0,5,rotation_max_grid,56.76,0.8707047905778327
phase_scrambled,0,5,rotation_max_grid,58.06,0.8560061754251592
phase_scrambled,0,5,rotation_max_grid,59.2,-0.7092440262568245
phase_scrambled,0,29,stationary_phase,0.5781228673660526,0.0
phase_scrambled,0,29,stationary_phase,1.1972614830177677,0.0
phase_scrambled,0,29,stationary_phase,2.167618101031712,0.0
phase_scrambled,0,29,stationary_phase,3.777771223331742,0.0
phase_scrambled,0,29,stationary_phase,4.845699865775019,0.0
phase_scrambled,0,29,stationary_phase,6.127374320608223,0.0
phase_scrambled,0,29,stationary_phase,8.258475545794658,0.0
phase_scrambled,0,29,stationary_phase,9.2884897058905,0.0
phase_scrambled,0,29,stationary_phase,9.962405013180323,0.0
phase_scrambled,0,29,stationary_phase,10.569031237738852,0.0
phase_scrambled,0,29,stationary_phase,10.85020525995575,0.0
phase_scrambled,0,29,stationary_phase,11.097315196660263,0.0
phase_scrambled,0,29,stationary_phase,12.110850732222293,0.0
phase_scrambled,0,29,stationary_phase,13.325556284137253,0.0
phase_scrambled,0,29,stationary_phase,13.71436937743599,0.0
phase_scrambled,0,29,stationary_phase,13.992603127644148,0.0
phase_scrambled,0,29,stationary_phase,14.398611676995122,0.0
phase_scrambled,0,29,stationary_phase,15.485122228496499,0.0
phase_scrambled,0,29,stationary_phase,17.149894114503777,0.0
phase_scrambled,0,29,stationary_phase,17.88320156215639,0.0
phase_scrambled,0,29,stationary_phase,18.831861906869214,0.0
phase_scrambled,0,29,stationary_phase,19.52259511876874,0.0
phase_scrambled,0,29,stationary_phase,20.899815174662955,0.0
phase_scrambled,0,29,stationary_phase,22.17517587173418,0.0
phase_scrambled,0,29,stationary_phase,24.751654660689013,0.0
phase_scrambled,0,29,stationary_phase,25.99757118488421,0.0
phase_scrambled,0,29,stationary_phase,26.929579237518393,0.0
phase_scrambled,0,29,stationary_phase,27.479028818502396,0.0
phase_scrambled,0,29,stationary_phase,29.051292840427287,0.0
phase_scrambled,0,29,stationary_phase,30.27197969331302,0.0
phase_scrambled,0,29,stationary_phase,30.72015801640556,0.0
phase_scrambled,0,29,stationary_phase,31.437377489276713,0.0
phase_scrambled,0,29,stationary_phase,31.661856132322068,0.0
phase_scrambled,0,29,stationary_phase,32.915041267853866,0.0
phase_scrambled,0,29,stationary_phase,34.23679017876132,0.0
phase_scrambled,0,29,stationary_phase,35.09942947877373,0.0
phase_scrambled,0,29,stationary_phase,36.49688627839728,0.0
phase_scrambled,0,29,stationary_phase,37.92395405226036,0.0
phase_scrambled,0,29,stationary_phase,39.67907721589715,0.0
phase_scrambled,0,29,stationary_phase,40.29408017964905,0.0
phase_scrambled,0,29,stationary_phase,40.569845214624614,0.0
phase_scrambled,0,29,stationary_phase,41.451390205683424,0.0
phase_scrambled,0,29,stationary_phase,42.901327681374205,0.0
phase_scrambled,0,29,stationary_phase,43.55318485922128,0.0
phase_scrambled,0,29,stationary_phase,44.4175747565179,0.0
phase_scrambled,0,29,stationary_phase,45.573006765948534,0.0
phase_scrambled,0,29,stationary_phase,47.01311568028135,0.0
phase_scrambled,0,29,stationary_phase,48.04658507884781,0.0
phase_scrambled,0,29,stationary_phase,48.68354587019101,0.0
phase_scrambled,0,29,stationary_phase,49.92238802238207,0.0
phase_scrambled,0,29,stationary_phase,52.84940249680119,0.0
phase_scrambled,0,29,stationary_phase,53.66720621049595,0.0
phase_scrambled,0,29,stationary_phase,54.351278146229305,0.0
phase_scrambled,0,29,stationary_phase,55.311009899857815,0.0
phase_scrambled,0,29,stationary_phase,56.49648897543966,0.0
phase_scrambled,0,29,stationary_phase,57.46794810621229,0.0
phase_scrambled,0,29,stationary_phase,58.75104983769131,0.0
phase_scrambled,0,29,stationary_phase,59.286213155167935,0.0
phase_scrambled,0,29,rotation_max_grid,1.0,0.40878197734854305
phase_scrambled,0,29,rotation_max_grid,1.7,-2.0368687616208954
phase_scrambled,0,29,rotation_max_grid,3.14,3.7222266374799733
phase_scrambled,0,29,rotation_max_grid,4.2,-2.3374610236888524
phase_scrambled,0,29,rotation_max_grid,5.68,1.7547747288492404
phase_scrambled,0,29,rotation_max_grid,6.42,-0.9698140950094782
phase_scrambled,0,29,rotation_max_grid,7.4,-2.6202519352914226
phase_scrambled,0,29,rotation_max_grid,8.8,2.76356689567157
phase_scrambled,0,29,rotation_max_grid,9.58,-1.2668681423982073
phase_scrambled,0,29,rotation_max_grid,10.24,0.7711042837076465
phase_scrambled,0,29,rotation_max_grid,10.700000000000001,-0.1671041277191777
phase_scrambled,0,29,rotation_max_grid,10.98,0.1632529005652048
phase_scrambled,0,29,rotation_max_grid,11.620000000000001,-2.2173020951748454
phase_scrambled,0,29,rotation_max_grid,12.700000000000001,1.868081373556558
phase_scrambled,0,29,rotation_max_grid,13.5,-0.3026087847268394
phase_scrambled,0,29,rotation_max_grid,13.84,0.10701300445409023
phase_scrambled,0,29,rotation_max_grid,14.24,-0.19829661273586918
phase_scrambled,0,29,rotation_max_grid,15.08,2.8049978663147894
phase_scrambled,0,29,rotation_max_grid,15.96,-1.9440992567640967
phase_scrambled,0,29,rotation_max_grid,17.580000000000002,0.9494186172458815
phase_scrambled,0,29,rotation_max_grid,18.32,-1.5166497968692287
phase_scrambled,0,29,rotation_max_grid,19.080000000000002,0.8619638883742746
phase_scrambled,0,29,rotation_max_grid,20.34,-1.6569433095668709
phase_scrambled,0,29,rotation_max_grid,21.62,5.969835973793202
phase_scrambled,0,29,rotation_max_grid,22.76,-2.158893960287266
phase_scrambled,0,29,rotation_max_grid,24.26,-1.7725712989943212
phase_scrambled,0,29,rotation_max_grid,25.26,2.0700496946065456
phase_scrambled,0,29,rotation_max_grid,26.5,-1.4577297672887992
phase_scrambled,0,29,rotation_max_grid,27.18,0.6483884422029941
phase_scrambled,0,29,rotation_max_grid,27.68,-0.3234708498240327
phase_scrambled,0,29,rotation_max_grid,28.580000000000002,-2.208319313550153
phase_scrambled,0,29,rotation_max_grid,29.44,1.0778564023419328
phase_scrambled,0,29,rotation_max_grid,30.5,-0.5279854056420723
phase_scrambled,0,29,rotation_max_grid,31.02,0.9183397695514699
phase_scrambled,0,29,rotation_max_grid,31.560000000000002,-0.1368143984369452
phase_scrambled,0,29,rotation_max_grid,32.24,3.1175672008406083
phase_scrambled,0,29,rotation_max_grid,33.76,-3.14034988513798
phase_scrambled,0,29,rotation_max_grid,34.660000000000004,4.1666260504969
phase_scrambled,0,29,rotation_max_grid,35.78,-4.456599086666863
phase_scrambled,0,29,rotation_max_grid,37.18,3.5487182298799658
phase_scrambled,0,29,rotation_max_grid,38.26,-0.998668934719396
phase_scrambled,0,29,rotation_max_grid,39.38,-0.5888384876943671
phase_scrambled,0,29,rotation_max_grid,39.96,0.5916998580710024
phase_scrambled,0,29,rotation_max_grid,40.44,-0.19299741741423826
phase_scrambled,0,29,rotation_max_grid,41.08,2.6739741347661026
phase_scrambled,0,29,rotation_max_grid,41.78,-1.4674309389435922
phase_scrambled,0,29,rotation_max_grid,42.42,-0.9201109528225622
phase_scrambled,0,29,rotation_max_grid,43.24,0.7249388297644359
phase_scrambled,0,29,rotation_max_grid,43.86,-0.7467011961683752
phase_scrambled,0,29,rotation_max_grid,45.12,2.3105604707167204
phase_scrambled,0,29,rotation_max_grid,46.38,-3.7726518447896744
phase_scrambled,0,29,rotation_max_grid,47.64,2.11021344397235
phase_scrambled,0,29,rotation_max_grid,48.38,-1.5468785001346024
phase_scrambled,0,29,rotation_max_grid,49.22,4.229448548406156
phase_scrambled,0,29,rotation_max_grid,50.800000000000004,-0.9299870676096071
phase_scrambled,0,29,rotation_max_grid,52.32,-1.6696322076562644
phase_scrambled,0,29,rotation_max_grid,53.18,1.0721163297529643
phase_scrambled,0,29,rotation_max_grid,54.0,-0.28056748180926067
phase_scrambled,0,29,rotation_max_grid,55.06,0.4164965589655292
phase_scrambled,0,29,rotation_max_grid,56.14,-1.8330922933992215
phase_scrambled,0,29,rotation_max_grid,56.96,2.922252910686459
phase_scrambled,0,29,rotation_max_grid,57.7,-0.6772658639877568
phase_scrambled,0,29,rotation_max_grid,58.5,-0.6534262108097257
phase_scrambled,0,29,rotation_max_grid,59.04,0.9631706602905368
phase_scrambled,0,29,rotation_max_grid,59.7,-1.95556233044006
phase_scrambled,0,101,stationary_phase,1.0163038974929839,0.0
phase_scrambled,0,101,stationary_phase,1.4937665560999178,0.0
phase_scrambled,0,101,stationary_phase,2.448102804659134,0.0
phase_scrambled,0,101,stationary_phase,3.7263651729118896,0.0
phase_scrambled,0,101,stationary_phase,4.901333578505943,0.0
phase_scrambled,0,101,stationary_phase,6.063333565716801,0.0
phase_scrambled,0,101,stationary_phase,6.885400924639579,0.0
phase_scrambled,0,101,stationary_phase,7.27215534717895,0.0
phase_scrambled,0,101,stationary_phase,8.296841348762989,0.0
phase_scrambled,0,101,stationary_phase,9.176254213234804,0.0
phase_scrambled,0,101,stationary_phase,9.880255048820429,0.0
phase_scrambled,0,101,stationary_phase,10.596168687462576,0.0
phase_scrambled,0,101,stationary_phase,11.550874175105855,0.0
phase_scrambled,0,101,stationary_phase,11.986721047470482,0.0
phase_scrambled,0,101,stationary_phase,12.519734145478067,0.0
phase_scrambled,0,101,stationary_phase,13.44765446337088,0.0
phase_scrambled,0,101,stationary_phase,14.146296114330582,0.0
phase_scrambled,0,101,stationary_phase,15.543669358678676,0.0
phase_scrambled,0,101,stationary_phase,16.91854689264475,0.0
phase_scrambled,0,101,stationary_phase,17.665965146385744,0.0
phase_scrambled,0,101,stationary_phase,18.472435383454613,0.0
phase_scrambled,0,101,stationary_phase,19.17158844696667,0.0
phase_scrambled,0,101,stationary_phase,19.947168659262854,0.0
phase_scrambled,0,101,stationary_phase,20.503332775883408,0.0
phase_scrambled,0,101,stationary_phase,21.09131055712312,0.0
phase_scrambled,0,101,stationary_phase,22.30286661209318,0.0
phase_scrambled,0,101,stationary_phase,23.392745165442335,0.0
phase_scrambled,0,101,stationary_phase,24.023613439276236,0.0
phase_scrambled,0,101,stationary_phase,24.868618196753363,0.0
phase_scrambled,0,101,stationary_phase,25.832288605457283,0.0
phase_scrambled,0,101,stationary_phase,26.62506388788233,0.0
phase_scrambled,0,101,stationary_phase,27.363722390676585,0.0
phase_scrambled,0,101,stationary_phase,27.880288950333348,0.0
phase_scrambled,0,101,stationary_phase,28.237042927765913,0.0
phase_scrambled,0,101,stationary_phase,29.08120226603288,0.0
phase_scrambled,0,101,stationary_phase,29.92663049890938,0.0
phase_scrambled,0,101,stationary_phase,30.640930362019617,0.0
phase_scrambled,0,101,stationary_phase,31.414720434731965,0.0
phase_scrambled,0,101,stationary_phase,31.994564792565708,0.0
phase_scrambled,0,101,stationary_phase,33.00052390140193,0.0
phase_scrambled,0,101,stationary_phase,34.144013786489495,0.0
phase_scrambled,0,101,stationary_phase,34.995301141063564,0.0
phase_scrambled,0,101,stationary_phase,36.44045321884412,0.0
phase_scrambled,0,101,stationary_phase,38.123909266213715,0.0
phase_scrambled,0,101,stationary_phase,39.276026554209494,0.0
phase_scrambled,0,101,stationary_phase,40.02678948993595,0.0
phase_scrambled,0,101,stationary_phase,40.657178276578975,0.0
phase_scrambled,0,101,stationary_phase,41.45592094382825,0.0
phase_scrambled,0,101,stationary_phase,42.31291882786184,0.0
phase_scrambled,0,101,stationary_phase,43.02805801742434,0.0
phase_scrambled,0,101,stationary_phase,43.78058149615273,0.0
phase_scrambled,0,101,stationary_phase,44.5006916842322,0.0
phase_scrambled,0,101,stationary_phase,45.12867870863807,0.0
phase_scrambled,0,101,stationary_phase,45.913859174719406,0.0
phase_scrambled,0,101,stationary_phase,46.868833417805575,0.0
phase_scrambled,0,101,stationary_phase,47.6859899253729,0.0
phase_scrambled,0,101,stationary_phase,48.398061721029464,0.0
phase_scrambled,0,101,stationary_phase,50.198903737539204,0.0
phase_scrambled,0,101,stationary_phase,51.02146051746214,0.0
phase_scrambled,0,101,stationary_phase,51.594073186734406,0.0
phase_scrambled,0,101,stationary_phase,52.51829898755969,0.0
phase_scrambled,0,101,stationary_phase,53.21860660702052,0.0
phase_scrambled,0,101,stationary_phase,53.90370642088109,0.0
phase_scrambled,0,101,stationary_phase,54.62506703332335,0.0
phase_scrambled,0,101,stationary_phase,55.60628705549101,0.0
phase_scrambled,0,101,stationary_phase,55.885004419515084,0.0
phase_scrambled,0,101,stationary_phase,56.52932233646426,0.0
phase_scrambled,0,101,stationary_phase,57.67712479787147,0.0
phase_scrambled,0,101,stationary_phase,58.77633420631262,0.0
phase_scrambled,0,101,stationary_phase,59.44325613592433,0.0
phase_scrambled,0,101,rotation_max_grid,0.24,-2.2474732403924382
phase_scrambled,0,101,rotation_max_grid,1.26,1.2522201758385942
phase_scrambled,0,101,rotation_max_grid,1.82,-1.65624742838604
phase_scrambled,0,101,rotation_max_grid,3.24,4.318062615273967
phase_scrambled,0,101,rotation_max_grid,4.0600000000000005,-2.3158497153995516
phase_scrambled,0,101,rotation_max_grid,5.68,2.829407953137754
phase_scrambled,0,101,rotation_max_grid,6.42,-2.9972136374595952
phase_scrambled,0,101,rotation_max_grid,7.08,0.49021817788311167
phase_scrambled,0,101,rotation_max_grid,7.92,-4.609640922234946
phase_scrambled,0,101,rotation_max_grid,8.76,6.108364645163329
phase_scrambled,0,101,rotation_max_grid,9.52,-5.189321210853523
phase_scrambled,0,101,rotation_max_grid,10.22,4.467885638686199
phase_scrambled,0,101,rotation_max_grid,11.02,-2.893529800299672
phase_scrambled,0,101,rotation_max_grid,11.78,1.1698386558455087
phase_scrambled,0,101,rotation_max_grid,12.24,-1.241273927725266
phase_scrambled,0,101,rotation_max_grid,13.02,2.831186040204223
phase_scrambled,0,101,rotation_max_grid,13.780000000000001,-1.7740622319483774
phase_scrambled,0,101,rotation_max_grid,14.56,2.1377172486750604
phase_scrambled,0,101,rotation_max_grid,16.5,-3.6136275284934776
phase_scrambled,0,101,rotation_max_grid,17.28,2.3717534923655497
phase_scrambled,0,101,rotation_max_grid,18.04,-2.9291194231056648
phase_scrambled,0,101,rotation_max_grid,18.88,2.097329567396631
phase_scrambled,0,101,rotation_max_grid,19.48,-2.5473891702515035
phase_scrambled,0,101,rotation_max_grid,20.06,0.1037611514703059
phase_scrambled,0,101,rotation_max_grid,20.38,0.14029934225435425
phase_scrambled,0,101,rotation_max_grid,20.86,-1.5593146310340749
phase_scrambled,0,101,rotation_max_grid,21.7,6.131738397302994
phase_scrambled,0,101,rotation_max_grid,22.92,-4.09918687224144
phase_scrambled,0,101,rotation_max_grid,23.66,1.81302944658686
phase_scrambled,0,101,rotation_max_grid,24.52,-4.4236136093042155
phase_scrambled,0,101,rotation_max_grid,25.34,4.672132483575256
phase_scrambled,0,101,rotation_max_grid,26.16,-3.4569961455882043
phase_scrambled,0,101,rotation_max_grid,27.1,1.4327398376951472
phase_scrambled,0,101,rotation_max_grid,27.62,-1.7725858465813842
phase_scrambled,0,101,rotation_max_grid,28.060000000000002,1.084008957437038
phase_scrambled,0,101,rotation_max_grid,28.66,-3.1806966379949015
phase_scrambled,0,101,rotation_max_grid,29.46,3.0062895485215098
phase_scrambled,0,101,rotation_max_grid,30.34,-2.75334628576348
phase_scrambled,0,101,rotation_max_grid,30.98,3.833917810365177
phase_scrambled,0,101,rotation_max_grid,31.720000000000002,-2.663719092533184
phase_scrambled,0,101,rotation_max_grid,32.4,4.507159914823627
phase_scrambled,0,101,rotation_max_grid,33.5,-4.4497832018082155
phase_scrambled,0,101,rotation_max_grid,34.58,5.046572532040797
phase_scrambled,0,101,rotation_max_grid,35.7,-4.408616748635557
phase_scrambled,0,101,rotation_max_grid,37.34,2.7095908922008416
phase_scrambled,0,101,rotation_max_grid,38.62,-1.9911833365851166
phase_scrambled,0,101,rotation_max_grid,39.24,-0.013807959179620619
phase_scrambled,0,101,rotation_max_grid,39.7,1.3192672341446565
phase_scrambled,0,101,rotation_max_grid,40.38,-1.550325826771322
phase_scrambled,0,101,rotation_max_grid,41.08,4.436028992160155
phase_scrambled,0,101,rotation_max_grid,41.86,-3.3352110655839837
phase_scrambled,0,101,rotation_max_grid,42.6,1.814157487090005
phase_scrambled,0,101,rotation_max_grid,43.46,-2.766274539401929
phase_scrambled,0,101,rotation_max_grid,44.1,3.258390081102942
phase_scrambled,0,101,rotation_max_grid,44.800000000000004,-2.7405772126141144
phase_scrambled,0,101,rotation_max_grid,45.58,4.316129399265042
phase_scrambled,0,101,rotation_max_grid,46.38,-8.037342654695259
phase_scrambled,0,101,rotation_max_grid,47.26,5.022797013446116
phase_scrambled,0,101,rotation_max_grid,48.02,-2.761297455055818
phase_scrambled,0,101,rotation_max_grid,49.06,3.5246333655746835
phase_scrambled,0,101,rotation_max_grid,49.9,1.3990024571676247
phase_scrambled,0,101,rotation_max_grid,50.58,-2.393084556826941
phase_scrambled,0,101,rotation_max_grid,51.34,1.052815362653222
phase_scrambled,0,101,rotation_max_grid,52.1,-3.49685932085248
phase_scrambled,0,101,rotation_max_grid,52.88,1.817874893808084
phase_scrambled,0,101,rotation_max_grid,53.56,-1.5139140337403088
phase_scrambled,0,101,rotation_max_grid,54.26,1.6839651749809788
phase_scrambled,0,101,rotation_max_grid,54.9,-1.0307922052814744
phase_scrambled,0,101,rotation_max_grid,55.42,-0.3064747498597652
phase_scrambled,0,101,rotation_max_grid,55.76,0.35471485372631095
phase_scrambled,0,101,rotation_max_grid,56.24,-2.2230091569510346
phase_scrambled,0,101,rotation_max_grid,56.88,2.2272380587417686
phase_scrambled,0,101,rotation_max_grid,57.84,-0.3121669817979053
phase_scrambled,0,101,rotation_max_grid,58.5,-2.1313431896794897
phase_scrambled,0,101,rotation_max_grid,59.120000000000005,2.8702045703959977
phase_scrambled,0,101,rotation_max_grid,59.84,-4.214160196854426
phase_scrambled,1,5,stationary_phase,1.2438143499192547,0.0
phase_scrambled,1,5,stationary_phase,4.301765813376768,0.0
phase_scrambled,1,5,stationary_phase,6.679670870691277,0.0
phase_scrambled,1,5,stationary_phase,8.26787476197161,0.0
phase_scrambled,1,5,stationary_phase,8.972142282328178,0.0
phase_scrambled,1,5,stationary_phase,11.12236984110622,0.0
phase_scrambled,1,5,stationary_phase,12.942626354382305,0.0
phase_scrambled,1,5,stationary_phase,14.747200039805907,0.0
phase_scrambled,1,5,stationary_phase,17.673278890681036,0.0
phase_scrambled,1,5,stationary_phase,20.00689305448484,0.0
phase_scrambled,1,5,stationary_phase,20.681969172476716,0.0
phase_scrambled,1,5,stationary_phase,22.528255191883275,0.0
phase_scrambled,1,5,stationary_phase,24.91908176678069,0.0
phase_scrambled,1,5,stationary_phase,27.680753912325006,0.0
phase_scrambled,1,5,stationary_phase,29.145174006674726,0.0
phase_scrambled,1,5,stationary_phase,31.664063525119346,0.0
phase_scrambled,1,5,stationary_phase,34.91758847003581,0.0
phase_scrambled,1,5,stationary_phase,35.49073671044532,0.0
phase_scrambled,1,5,stationary_phase,36.31358447542688,0.0
phase_scrambled,1,5,stationary_phase,39.30946038068072,0.0
phase_scrambled,1,5,stationary_phase,40.71115110575026,0.0
phase_scrambled,1,5,stationary_phase,41.92392749782734,0.0
phase_scrambled,1,5,stationary_phase,42.88411951903654,0.0
phase_scrambled,1,5,stationary_phase,43.23050391266614,0.0
phase_scrambled,1,5,stationary_phase,44.17004727499311,0.0
phase_scrambled,1,5,stationary_phase,45.449213492213325,0.0
phase_scrambled,1,5,stationary_phase,46.229953253067826,0.0
phase_scrambled,1,5,stationary_phase,47.28559096349301,0.0
phase_scrambled,1,5,stationary_phase,48.01300090367779,0.0
phase_scrambled,1,5,stationary_phase,50.64325192995559,0.0
phase_scrambled,1,5,stationary_phase,52.37940589369978,0.0
phase_scrambled,1,5,stationary_phase,55.13186345913318,0.0
phase_scrambled,1,5,stationary_phase,55.862089436982245,0.0
phase_scrambled,1,5,stationary_phase,56.872787536998615,0.0
phase_scrambled,1,5,stationary_phase,57.66144556548291,0.0
phase_scrambled,1,5,stationary_phase,58.9513992533288,0.0
phase_scrambled,1,5,rotation_max_grid,0.18,1.2188637575367973
phase_scrambled,1,5,rotation_max_grid,0.72,1.2043714762241606
phase_scrambled,1,5,rotation_max_grid,2.7600000000000002,-1.17389341440651
phase_scrambled,1,5,rotation_max_grid,4.78,1.0983749411825852
phase_scrambled,1,5,rotation_max_grid,5.92,2.4864040333998325
phase_scrambled,1,5,rotation_max_grid,7.5,-0.783520449572791
phase_scrambled,1,5,rotation_max_grid,8.620000000000001,0.651346762333309
phase_scrambled,1,5,rotation_max_grid,10.040000000000001,-1.01422619756186
phase_scrambled,1,5,rotation_max_grid,11.56,0.9413504900577303
phase_scrambled,1,5,rotation_max_grid,12.5,0.9561897141312596
phase_scrambled,1,5,rotation_max_grid,13.84,-0.8773451215220687
phase_scrambled,1,5,rotation_max_grid,15.18,0.8949949546491105
phase_scrambled,1,5,rotation_max_grid,16.48,1.3174786470056459
phase_scrambled,1,5,rotation_max_grid,17.16,1.2001107040369365
phase_scrambled,1,5,rotation_max_grid,18.88,-1.0553632297142779
phase_scrambled,1,5,rotation_max_grid,20.34,0.6183443229888962
phase_scrambled,1,5,rotation_max_grid,21.580000000000002,-0.908042140443327
phase_scrambled,1,5,rotation_max_grid,23.0,1.0540408012796838
phase_scrambled,1,5,rotation_max_grid,24.22,2.7478831268554167
phase_scrambled,1,5,rotation_max_grid,26.34,-1.1032724637751814
phase_scrambled,1,5,rotation_max_grid,28.42,1.6428835211868131
phase_scrambled,1,5,rotation_max_grid,30.42,-1.0787975826581182
phase_scrambled,1,5,rotation_max_grid,32.08,0.8759737391413511
phase_scrambled,1,5,rotation_max_grid,33.3,1.1224706648902156
phase_scrambled,1,5,rotation_max_grid,34.38,1.0436359140878326
phase_scrambled,1,5,rotation_max_grid,35.2,-0.21803176741051106
phase_scrambled,1,5,rotation_max_grid,35.94,0.7441764646295683
phase_scrambled,1,5,rotation_max_grid,37.78,-1.1718625728608436
phase_scrambled,1,5,rotation_max_grid,40.0,2.3195402831429677
phase_scrambled,1,5,rotation_max_grid,41.32,-0.5955894457711451
phase_scrambled,1,5,rotation_max_grid,42.36,0.8457607548954339
phase_scrambled,1,5,rotation_max_grid,43.06,-0.09040027371575204
phase_scrambled,1,5,rotation_max_grid,43.76,0.8249949663438306
phase_scrambled,1,5,rotation_max_grid,44.82,-0.665288229120865
phase_scrambled,1,5,rotation_max_grid,45.84,0.7268266860577122
phase_scrambled,1,5,rotation_max_grid,46.76,-0.5522460187306681
phase_scrambled,1,5,rotation_max_grid,47.660000000000004,0.6708652496305403
phase_scrambled,1,5,rotation_max_grid,49.24,-1.084103004382123
phase_scrambled,1,5,rotation_max_grid,51.52,4.354710222959142
phase_scrambled,1,5,rotation_max_grid,53.84,-1.109635089333865
phase_scrambled,1,5,rotation_max_grid,55.480000000000004,0.6725051032489662
phase_scrambled,1,5,rotation_max_grid,56.36,-0.5233500143171261
phase_scrambled,1,5,rotation_max_grid,57.28,0.7339498914100546
phase_scrambled,1,5,rotation_max_grid,58.300000000000004,-0.6638613153546509
phase_scrambled,1,5,rotation_max_grid,59.42,0.9506206136057348
phase_scrambled,1,29,stationary_phase,0.6128402174107956,0.0
phase_scrambled,1,29,stationary_phase,1.9550337608704587,0.0
phase_scrambled,1,29,stationary_phase,3.9734874525895365,0.0
phase_scrambled,1,29,stationary_phase,5.022862466163287,0.0
phase_scrambled,1,29,stationary_phase,5.47380847331294,0.0
phase_scrambled,1,29,stationary_phase,6.997257160987688,0.0
phase_scrambled,1,29,stationary_phase,7.64232455109088,0.0
phase_scrambled,1,29,stationary_phase,7.986277298790502,0.0
phase_scrambled,1,29,stationary_phase,11.265415435671754,0.0
phase_scrambled,1,29,stationary_phase,12.493446952802556,0.0
phase_scrambled,1,29,stationary_phase,13.786423108313066,0.0
phase_scrambled,1,29,stationary_phase,14.903200824722935,0.0
phase_scrambled,1,29,stationary_phase,16.252797672395445,0.0
phase_scrambled,1,29,stationary_phase,17.873161475027146,0.0
phase_scrambled,1,29,stationary_phase,19.34183417006565,0.0
phase_scrambled,1,29,stationary_phase,20.043077855520014,0.0
phase_scrambled,1,29,stationary_phase,21.104976504344386,0.0
phase_scrambled,1,29,stationary_phase,21.78421204925824,0.0
phase_scrambled,1,29,stationary_phase,22.943677330233765,0.0
phase_scrambled,1,29,stationary_phase,24.477492681170904,0.0
phase_scrambled,1,29,stationary_phase,25.190310033301706,0.0
phase_scrambled,1,29,stationary_phase,25.619122870263173,0.0
phase_scrambled,1,29,stationary_phase,27.32745619905561,0.0
phase_scrambled,1,29,stationary_phase,28.874768868793677,0.0
phase_scrambled,1,29,stationary_phase,29.816569080578827,0.0
phase_scrambled,1,29,stationary_phase,30.614215464911112,0.0
phase_scrambled,1,29,stationary_phase,31.801477220365364,0.0
phase_scrambled,1,29,stationary_phase,32.59762244911075,0.0
phase_scrambled,1,29,stationary_phase,33.02041860807681,0.0
phase_scrambled,1,29,stationary_phase,34.660237755636466,0.0
phase_scrambled,1,29,stationary_phase,35.662119277171065,0.0
phase_scrambled,1,29,stationary_phase,36.79147776709413,0.0
phase_scrambled,1,29,stationary_phase,38.15378716291627,0.0
phase_scrambled,1,29,stationary_phase,38.840104693988515,0.0
phase_scrambled,1,29,stationary_phase,39.64489021920636,0.0
phase_scrambled,1,29,stationary_phase,41.23591344740166,0.0
phase_scrambled,1,29,stationary_phase,42.87744083145586,0.0
phase_scrambled,1,29,stationary_phase,44.058303490104876,0.0
phase_scrambled,1,29,stationary_phase,45.34815267665816,0.0
phase_scrambled,1,29,stationary_phase,46.38924543315018,0.0
phase_scrambled,1,29,stationary_phase,47.304007251114726,0.0
phase_scrambled,1,29,stationary_phase,47.949534700484286,0.0
phase_scrambled,1,29,stationary_phase,49.33370334085166,0.0
phase_scrambled,1,29,stationary_phase,49.96487333109106,0.0
phase_scrambled,1,29,stationary_phase,50.86465896245518,0.0
phase_scrambled,1,29,stationary_phase,52.1477181403193,0.0
phase_scrambled,1,29,stationary_phase,53.101086067673705,0.0
phase_scrambled,1,29,stationary_phase,54.00762938475836,0.0
phase_scrambled,1,29,stationary_phase,55.444464811485396,0.0
phase_scrambled,1,29,stationary_phase,56.86245150315751,0.0
phase_scrambled,1,29,stationary_phase,58.63239654700349,0.0
phase_scrambled,1,29,rotation_max_grid,0.42,-0.35804934404953803
phase_scrambled,1,29,rotation_max_grid,1.08,1.4235829855254423
phase_scrambled,1,29,rotation_max_grid,3.06,-2.7197727219672543
phase_scrambled,1,29,rotation_max_grid,4.5200000000000005,3.693946572139798
phase_scrambled,1,29,rotation_max_grid,5.22,-0.6677277138620729
phase_scrambled,1,29,rotation_max_grid,5.88,1.2085347583927455
phase_scrambled,1,29,rotation_max_grid,6.640000000000001,1.6325383520907533
phase_scrambled,1,29,rotation_max_grid,7.3,-1.2475345863614136
phase_scrambled,1,29,rotation_max_grid,7.8,0.3873183491831691
phase_scrambled,1,29,rotation_max_grid,8.24,-0.4477964434410783
phase_scrambled,1,29,rotation_max_grid,9.040000000000001,-0.6616848843285597
phase_scrambled,1,29,rotation_max_grid,10.540000000000001,-1.9943266634082326
phase_scrambled,1,29,rotation_max_grid,11.96,3.0916090816858897
phase_scrambled,1,29,rotation_max_grid,13.26,-2.5799525744641714
phase_scrambled,1,29,rotation_max_grid,14.22,2.0518169264246215
phase_scrambled,1,29,rotation_max_grid,15.5,-0.694695509170822
phase_scrambled,1,29,rotation_max_grid,16.04,-0.41474297686541756
phase_scrambled,1,29,rotation_max_grid,16.64,1.2362369487209577
phase_scrambled,1,29,rotation_max_grid,17.38,3.266393161691296
phase_scrambled,1,29,rotation_max_grid,18.400000000000002,-3.1897217507802127
phase_scrambled,1,29,rotation_max_grid,19.68,0.7684929888158222
phase_scrambled,1,29,rotation_max_grid,20.52,-0.8400351519290169
phase_scrambled,1,29,rotation_max_grid,21.5,1.1415349418151217
phase_scrambled,1,29,rotation_max_grid,22.28,-2.2908533465616245
phase_scrambled,1,29,rotation_max_grid,23.900000000000002,4.058476859981272
phase_scrambled,1,29,rotation_max_grid,24.78,-1.2970137077144641
phase_scrambled,1,29,rotation_max_grid,25.36,0.17309332250619697
phase_scrambled,1,29,rotation_max_grid,26.580000000000002,-2.2895650488525
phase_scrambled,1,29,rotation_max_grid,27.88,2.694461196154571
phase_scrambled,1,29,rotation_max_grid,28.68,0.34822226432326014
phase_scrambled,1,29,rotation_max_grid,29.36,-2.1579675256965225
phase_scrambled,1,29,rotation_max_grid,30.22,1.14064020419993
phase_scrambled,1,29,rotation_max_grid,31.16,-1.9547849543894438
phase_scrambled,1,29,rotation_max_grid,32.14,1.3364617421249612
phase_scrambled,1,29,rotation_max_grid,32.8,-0.2661535333019016
phase_scrambled,1,29,rotation_max_grid,33.84,2.1448514689760647
phase_scrambled,1,29,rotation_max_grid,34.300000000000004,2.5007430491406275
phase_scrambled,1,29,rotation_max_grid,35.14,-2.925793443429635
phase_scrambled,1,29,rotation_max_grid,36.300000000000004,2.6353918099359435
phase_scrambled,1,29,rotation_max_grid,37.4,-3.5235769079751145
phase_scrambled,1,29,rotation_max_grid,38.56,1.095632456547259
phase_scrambled,1,29,rotation_max_grid,39.26,-2.1341857497399985
phase_scrambled,1,29,rotation_max_grid,40.04,2.9261146682297285
phase_scrambled,1,29,rotation_max_grid,40.88,1.7410333886296327
phase_scrambled,1,29,rotation_max_grid,41.58,-1.4148810592775074
phase_scrambled,1,29,rotation_max_grid,42.46,-1.468332634217808
phase_scrambled,1,29,rotation_max_grid,43.56,4.025382918779434
phase_scrambled,1,29,rotation_max_grid,44.6,-3.5391742609623997
phase_scrambled,1,29,rotation_max_grid,45.88,2.9857713737095213
phase_scrambled,1,29,rotation_max_grid,46.86,-1.7403111681489476
phase_scrambled,1,29,rotation_max_grid,47.64,1.395983610054869
phase_scrambled,1,29,rotation_max_grid,48.44,-1.5417938948915522
phase_scrambled,1,29,rotation_max_grid,48.800000000000004,-1.5576515036677514
phase_scrambled,1,29,rotation_max_grid,49.72,0.9097628895583881
phase_scrambled,1,29,rotation_max_grid,50.42,-2.383708183512359
phase_scrambled,1,29,rotation_max_grid,51.480000000000004,5.84494483371163
phase_scrambled,1,29,rotation_max_grid,52.58,-2.2687605433034848
phase_scrambled,1,29,rotation_max_grid,53.46,0.6046077405117497
phase_scrambled,1,29,rotation_max_grid,54.7,-2.778067928827148
phase_scrambled,1,29,rotation_max_grid,55.86,1.8776940038438878
phase_scrambled,1,29,rotation_max_grid,57.44,-1.4762369829290156
phase_scrambled,1,29,rotation_max_grid,58.28,-0.506781938214479
phase_scrambled,1,29,rotation_max_grid,59.4,1.3276776872148344
phase_scrambled,1,101,stationary_phase,0.01931474379733902,0.0
phase_scrambled,1,101,stationary_phase,0.8758627997782696,0.0
phase_scrambled,1,101,stationary_phase,1.4943698644430323,0.0
phase_scrambled,1,101,stationary_phase,2.230890462181863,0.0
phase_scrambled,1,101,stationary_phase,3.449657783220474,0.0
phase_scrambled,1,101,stationary_phase,3.775934374903228,0.0
phase_scrambled,1,101,stationary_phase,4.141111883773056,0.0
phase_scrambled,1,101,stationary_phase,5.259722927940158,0.0
phase_scrambled,1,101,stationary_phase,5.633809050897793,0.0
phase_scrambled,1,101,stationary_phase,6.895549906471234,0.0
phase_scrambled,1,101,stationary_phase,7.54891505721478,0.0
phase_scrambled,1,101,stationary_phase,8.218643084013143,0.0
phase_scrambled,1,101,stationary_phase,9.106316154372134,0.0
phase_scrambled,1,101,stationary_phase,9.846863177492041,0.0
phase_scrambled,1,101,stationary_phase,10.777022022271902,0.0
phase_scrambled,1,101,stationary_phase,11.670351807065432,0.0
phase_scrambled,1,101,stationary_phase,11.91722504886625,0.0
phase_scrambled,1,101,stationary_phase,12.903911844905341,0.0
phase_scrambled,1,101,stationary_phase,13.839820238383862,0.0
phase_scrambled,1,101,stationary_phase,14.847029214284811,0.0
phase_scrambled,1,101,stationary_phase,16.091353504608207,0.0
phase_scrambled,1,101,stationary_phase,18.06813861773734,0.0
phase_scrambled,1,101,stationary_phase,19.31449174352858,0.0
phase_scrambled,1,101,stationary_phase,20.077390904286993,0.0
phase_scrambled,1,101,stationary_phase,20.958927312312817,0.0
phase_scrambled,1,101,stationary_phase,21.76887689522899,0.0
phase_scrambled,1,101,stationary_phase,22.762434009507064,0.0
phase_scrambled,1,101,stationary_phase,24.660054618556867,0.0
phase_scrambled,1,101,stationary_phase,25.57092920621562,0.0
phase_scrambled,1,101,stationary_phase,26.16595596575004,0.0
phase_scrambled,1,101,stationary_phase,27.191905124869027,0.0
phase_scrambled,1,101,stationary_phase,28.104378988806936,0.0
phase_scrambled,1,101,stationary_phase,28.625067499960547,0.0
phase_scrambled,1,101,stationary_phase,29.134731471456778,0.0
phase_scrambled,1,101,stationary_phase,29.933899061026946,0.0
phase_scrambled,1,101,stationary_phase,30.543863563613627,0.0
phase_scrambled,1,101,stationary_phase,32.48197930195275,0.0
phase_scrambled,1,101,stationary_phase,33.21104389634278,0.0
phase_scrambled,1,101,stationary_phase,33.74424502469042,0.0
phase_scrambled,1,101,stationary_phase,34.672717924600285,0.0
phase_scrambled,1,101,stationary_phase,35.53779630003932,0.0
phase_scrambled,1,101,stationary_phase,36.36082220159235,0.0
phase_scrambled,1,101,stationary_phase,38.23602081450106,0.0
phase_scrambled,1,101,stationary_phase,38.89916156418005,0.0
phase_scrambled,1,101,stationary_phase,39.662171913902206,0.0
phase_scrambled,1,101,stationary_phase,40.44165196503503,0.0
phase_scrambled,1,101,stationary_phase,40.83236902332364,0.0
phase_scrambled,1,101,stationary_phase,41.56793770727236,0.0
phase_scrambled,1,101,stationary_phase,42.52115924256544,0.0
phase_scrambled,1,101,stationary_phase,44.4414715973633,0.0
phase_scrambled,1,101,stationary_phase,45.42475412047744,0.0
phase_scrambled,1,101,stationary_phase,46.29969895185041,0.0
phase_scrambled,1,101,stationary_phase,47.19898277557092,0.0
phase_scrambled,1,101,stationary_phase,47.99615826094232,0.0
phase_scrambled,1,101,stationary_phase,49.1920013891425,0.0
phase_scrambled,1,101,stationary_phase,49.92744164482237,0.0
phase_scrambled,1,101,stationary_phase,50.8290523808145,0.0
phase_scrambled,1,101,stationary_phase,51.89802791724786,0.0
phase_scrambled,1,101,stationary_phase,52.697151373018514,0.0
phase_scrambled,1,101,stationary_phase,53.28772283974656,0.0
phase_scrambled,1,101,stationary_phase,54.31042180585449,0.0
phase_scrambled,1,101,stationary_phase,54.531606263001606,0.0
phase_scrambled,1,101,stationary_phase,55.62324924776665,0.0
phase_scrambled,1,101,stationary_phase,56.672925559776274,0.0
phase_scrambled,1,101,stationary_phase,57.70904517808183,0.0
phase_scrambled,1,101,stationary_phase,57.98210420843121,0.0
phase_scrambled,1,101,stationary_phase,58.66391600620094,0.0
phase_scrambled,1,101,rotation_max_grid,0.42,2.746866828210132
phase_scrambled,1,101,rotation_max_grid,1.22,-1.5819249314287722
phase_scrambled,1,101,rotation_max_grid,1.8800000000000001,3.4598409557030165
phase_scrambled,1,101,rotation_max_grid,2.82,-4.981343578819665
phase_scrambled,1,101,rotation_max_grid,3.6,0.3482614510476434
phase_scrambled,1,101,rotation_max_grid,3.98,-0.4078332284419384
phase_scrambled,1,101,rotation_max_grid,4.66,2.9714761619890524
phase_scrambled,1,101,rotation_max_grid,5.38,-0.1587536292485252
phase_scrambled,1,101,rotation_max_grid,6.54,2.351066964643373
phase_scrambled,1,101,rotation_max_grid,7.2,-2.196396466845539
phase_scrambled,1,101,rotation_max_grid,7.82,1.8615076620951534
phase_scrambled,1,101,rotation_max_grid,8.700000000000001,-2.489254914762654
phase_scrambled,1,101,rotation_max_grid,9.44,2.3377026404173513
phase_scrambled,1,101,rotation_max_grid,10.34,-4.639960446713511
phase_scrambled,1,101,rotation_max_grid,11.1,2.742885018904889
phase_scrambled,1,101,rotation_max_grid,11.8,-0.27508557114903304
phase_scrambled,1,101,rotation_max_grid,12.34,1.8350190866521592
phase_scrambled,1,101,rotation_max_grid,13.38,-4.747987099025167
phase_scrambled,1,101,rotation_max_grid,14.26,3.260411197732771
phase_scrambled,1,101,rotation_max_grid,15.36,-1.37304897707856
phase_scrambled,1,101,rotation_max_grid,16.48,2.2840361870947072
phase_scrambled,1,101,rotation_max_grid,17.400000000000002,2.0845696338532305
phase_scrambled,1,101,rotation_max_grid,18.66,-3.759898803834369
phase_scrambled,1,101,rotation_max_grid,19.66,2.3335562188063457
phase_scrambled,1,101,rotation_max_grid,20.54,-2.187429032622459
phase_scrambled,1,101,rotation_max_grid,21.44,1.9254376237578286
phase_scrambled,1,101,rotation_max_grid,22.22,-3.397134174699363
phase_scrambled,1,101,rotation_max_grid,23.2,1.8128290181811442
phase_scrambled,1,101,rotation_max_grid,24.080000000000002,3.769127375438422
phase_scrambled,1,101,rotation_max_grid,25.080000000000002,-2.11312265170827
phase_scrambled,1,101,rotation_max_grid,25.88,1.742085751860752
phase_scrambled,1,101,rotation_max_grid,26.66,-4.482063341327301
phase_scrambled,1,101,rotation_max_grid,27.64,4.1934763508503625
phase_scrambled,1,101,rotation_max_grid,28.34,-1.1179019964185293
phase_scrambled,1,101,rotation_max_grid,28.88,0.9333169444699839
phase_scrambled,1,101,rotation_max_grid,29.54,-2.057386694796366
phase_scrambled,1,101,rotation_max_grid,30.240000000000002,1.1711460252534742
phase_scrambled,1,101,rotation_max_grid,30.88,-1.5369042154456152
phase_scrambled,1,101,rotation_max_grid,31.68,-0.9631052436344507
phase_scrambled,1,101,rotation_max_grid,32.32,-0.6941406020758127
phase_scrambled,1,101,rotation_max_grid,32.86,3.0474865710725934
phase_scrambled,1,101,rotation_max_grid,33.44,-1.3287216221436906
phase_scrambled,1,101,rotation_max_grid,34.34,6.141580056341395
phase_scrambled,1,101,rotation_max_grid,35.06,-5.719533324054996
phase_scrambled,1,101,rotation_max_grid,35.88,4.592180509006792
phase_scrambled,1,101,rotation_max_grid,36.68,-0.7129596293202028
phase_scrambled,1,101,rotation_max_grid,37.800000000000004,-4.434921335269083
phase_scrambled,1,101,rotation_max_grid,38.58,3.9473288495764205
phase_scrambled,1,101,rotation_max_grid,39.28,-4.348140705618903
phase_scrambled,1,101,rotation_max_grid,40.02,5.4373755055487685
phase_scrambled,1,101,rotation_max_grid,40.62,-1.089874758886305
phase_scrambled,1,101,rotation_max_grid,41.22,2.234853133206294
phase_scrambled,1,101,rotation_max_grid,42.08,-3.8751153966064
phase_scrambled,1,101,rotation_max_grid,42.88,3.500968402939347
phase_scrambled,1,101,rotation_max_grid,44.1,2.670443870180817
phase_scrambled,1,101,rotation_max_grid,44.96,-5.973191718339456
phase_scrambled,1,101,rotation_max_grid,45.84,6.5569129937011565
phase_scrambled,1,101,rotation_max_grid,46.72,-3.8928816146154697
phase_scrambled,1,101,rotation_max_grid,47.62,3.0672791344212778
phase_scrambled,1,101,rotation_max_grid,48.480000000000004,-2.809511048597003
phase_scrambled,1,101,rotation_max_grid,48.72,-2.832757174453792
phase_scrambled,1,101,rotation_max_grid,49.54,3.1673628250202244
phase_scrambled,1,101,rotation_max_grid,50.38,-4.797208296049872
phase_scrambled,1,101,rotation_max_grid,51.34,7.94409816579659
phase_scrambled,1,101,rotation_max_grid,52.38,-2.667384064909737
phase_scrambled,1,101,rotation_max_grid,52.96,2.216551032356984
phase_scrambled,1,101,rotation_max_grid,53.84,-1.6821724714496398
phase_scrambled,1,101,rotation_max_grid,54.42,0.19754864187390714
phase_scrambled,1,101,rotation_max_grid,55.24,-3.236722473501497
phase_scrambled,1,101,rotation_max_grid,56.160000000000004,3.286276308822295
phase_scrambled,1,101,rotation_max_grid,57.02,-2.2045312689477816
phase_scrambled,1,101,rotation_max_grid,57.86,0.20927673956285925
phase_scrambled,1,101,rotation_max_grid,58.36,-1.5958088056726998
phase_scrambled,1,101,rotation_max_grid,58.980000000000004,1.6413533029794234
shuffled_rates,0,5,stationary_phase,0.7672038679555012,0.0
shuffled_rates,0,5,stationary_phase,3.540059816915626,0.0
shuffled_rates,0,5,stationary_phase,4.283302307578665,0.0
shuffled_rates,0,5,stationary_phase,5.333907137538743,0.0
shuffled_rates,0,5,stationary_phase,6.104277321105543,0.0
shuffled_rates,0,5,stationary_phase,7.383516998415937,0.0
shuffled_rates,0,5,stationary_phase,8.33546795386745,0.0
shuffled_rates,0,5,stationary_phase,10.91396632822415,0.0
shuffled_rates,0,5,stationary_phase,12.199079109988558,0.0
shuffled_rates,0,5,stationary_phase,15.240527722317504,0.0
shuffled_rates,0,5,stationary_phase,16.058198864253935,0.0
shuffled_rates,0,5,stationary_phase,16.66522333746344,0.0
shuffled_rates,0,5,stationary_phase,17.8126708977462,0.0
shuffled_rates,0,5,stationary_phase,19.00772633649641,0.0
shuffled_rates,0,5,stationary_phase,19.921870053481943,0.0
shuffled_rates,0,5,stationary_phase,22.45303512184034,0.0
shuffled_rates,0,5,stationary_phase,23.851980982872423,0.0
shuffled_rates,0,5,stationary_phase,26.72436260143838,0.0
shuffled_rates,0,5,stationary_phase,29.015503798341847,0.0
shuffled_rates,0,5,stationary_phase,30.86970659406669,0.0
shuffled_rates,0,5,stationary_phase,31.58880523200597,0.0
shuffled_rates,0,5,stationary_phase,33.89750679895147,0.0
shuffled_rates,0,5,stationary_phase,35.76310975413266,0.0
shuffled_rates,0,5,stationary_phase,38.635005732460804,0.0
shuffled_rates,0,5,stationary_phase,40.420131829765445,0.0
shuffled_rates,0,5,stationary_phase,42.57267440461496,0.0
shuffled_rates,0,5,stationary_phase,43.33758676652638,0.0
shuffled_rates,0,5,stationary_phase,45.08387980522353,0.0
shuffled_rates,0,5,stationary_phase,47.26344278646246,0.0
shuffled_rates,0,5,stationary_phase,50.34869240442412,0.0
shuffled_rates,0,5,stationary_phase,51.89526595011214,0.0
shuffled_rates,0,5,stationary_phase,54.040756020669264,0.0
shuffled_rates,0,5,stationary_phase,55.17950598585293,0.0
shuffled_rates,0,5,stationary_phase,56.79663773615849,0.0
shuffled_rates,0,5,stationary_phase,57.63076263537563,0.0
shuffled_rates,0,5,stationary_phase,58.12788537313734,0.0
shuffled_rates,0,5,stationary_phase,58.927665139765345,0.0
shuffled_rates,0,5,rotation_max_grid,2.4,-1.1403658204989842
shuffled_rates,0,5,rotation_max_grid,3.9,1.5718267484934876
shuffled_rates,0,5,rotation_max_grid,4.82,-0.7474470096431223
shuffled_rates,0,5,rotation_max_grid,5.72,1.8723510764241857
shuffled_rates,0,5,rotation_max_grid,6.72,-0.8100888674715185
shuffled_rates,0,5,rotation_max_grid,7.82,1.8594698580941713
shuffled_rates,0,5,rotation_max_grid,10.16,-0.7428921313724118
shuffled_rates,0,5,rotation_max_grid,11.540000000000001,3.8224646964583777
shuffled_rates,0,5,rotation_max_grid,13.780000000000001,-1.2483319008680278
shuffled_rates,0,5,rotation_max_grid,15.620000000000001,1.6723308667907835
shuffled_rates,0,5,rotation_max_grid,16.36,-0.3421827505760506
shuffled_rates,0,5,rotation_max_grid,17.16,2.293940827254472
shuffled_rates,0,5,rotation_max_grid,18.580000000000002,-0.29756073221873647
shuffled_rates,0,5,rotation_max_grid,19.52,1.8059642697381146
shuffled_rates,0,5,rotation_max_grid,21.22,-1.1633459080090074
shuffled_rates,0,5,rotation_max_grid,22.92,2.5734328243227074
shuffled_rates,0,5,rotation_max_grid,23.36,2.322520961220236
shuffled_rates,0,5,rotation_max_grid,25.060000000000002,-1.1155318947885693
shuffled_rates,0,5,rotation_max_grid,27.32,2.4161044918791914
shuffled_rates,0,5,rotation_max_grid,28.580000000000002,2.1893154842007245
shuffled_rates,0,5,rotation_max_grid,29.98,-1.0320936295459566
shuffled_rates,0,5,rotation_max_grid,31.240000000000002,1.532105067224696
shuffled_rates,0,5,rotation_max_grid,32.68,-1.151944038040019
shuffled_rates,0,5,rotation_max_grid,34.34,2.297449990411638
shuffled_rates,0,5,rotation_max_grid,35.12,2.237968411001563
shuffled_rates,0,5,rotation_max_grid,37.74,-0.9395615295721715
shuffled_rates,0,5,rotation_max_grid,39.04,1.8094428346999178
shuffled_rates,0,5,rotation_max_grid,40.02,2.035072428435738
shuffled_rates,0,5,rotation_max_grid,41.5,-1.1318711377359891
shuffled_rates,0,5,rotation_max_grid,42.94,1.6144821037126422
shuffled_rates,0,5,rotation_max_grid,44.02,-0.7787209059588239
shuffled_rates,0,5,rotation_max_grid,45.76,2.649065826122802
shuffled_rates,0,5,rotation_max_grid,46.84,1.948601234415457
shuffled_rates,0,5,rotation_max_grid,48.86,-1.2418265625056464
shuffled_rates,0,5,rotation_max_grid,50.78,2.003971476213701
shuffled_rates,0,5,rotation_max_grid,51.46,2.2995663945142906
shuffled_rates,0,5,rotation_max_grid,52.76,-0.9306396838881036
shuffled_rates,0,5,rotation_max_grid,54.64,2.2622958544498766
shuffled_rates,0,5,rotation_max_grid,56.08,-0.849447816632945
shuffled_rates,0,5,rotation_max_grid,57.2,1.9481867703652147
shuffled_rates,0,5,rotation_max_grid,57.88,-0.3009969696413398
shuffled_rates,0,5,rotation_max_grid,58.56,1.6324236947044821
shuffled_rates,0,29,stationary_phase,0.42144705741760186,0.0
shuffled_rates,0,29,stationary_phase,1.7202779958693768,0.0
shuffled_rates,0,29,stationary_phase,2.5619878233279536,0.0
shuffled_rates,0,29,stationary_phase,3.591190932304205,0.0
shuffled_rates,0,29,stationary_phase,4.2859230102514,0.0
shuffled_rates,0,29,stationary_phase,5.445192263396351,0.0
shuffled_rates,0,29,stationary_phase,5.759826209352535,0.0
shuffled_rates,0,29,stationary_phase,5.861349089270469,0.0
shuffled_rates,0,29,stationary_phase,6.189223019869065,0.0
shuffled_rates,0,29,stationary_phase,7.303891259282352,0.0
shuffled_rates,0,29,stationary_phase,8.204257587802545,0.0
shuffled_rates,0,29,stationary_phase,9.203297214076256,0.0
shuffled_rates,0,29,stationary_phase,9.470915795877977,0.0
shuffled_rates,0,29,stationary_phase,9.848316271836103,0.0
shuffled_rates,0,29,stationary_phase,10.229075238625828,0.0
shuffled_rates,0,29,stationary_phase,10.458730522276952,0.0
shuffled_rates,0,29,stationary_phase,10.572554187616815,0.0
shuffled_rates,0,29,stationary_phase,11.030346049577158,0.0
shuffled_rates,0,29,stationary_phase,11.337493814809012,0.0
shuffled_rates,0,29,stationary_phase,11.883906155432516,0.0
shuffled_rates,0,29,stationary_phase,12.179782233838791,0.0
shuffled_rates,0,29,stationary_phase,12.736520697120033,0.0
shuffled_rates,0,29,stationary_phase,13.287905585560608,0.0
shuffled_rates,0,29,stationary_phase,14.011503638590444,0.0
shuffled_rates,0,29,stationary_phase,14.042354737361896,0.0
shuffled_rates,0,29,stationary_phase,14.763308570895745,0.0
shuffled_rates,0,29,stationary_phase,15.12520561712545,0.0
shuffled_rates,0,29,stationary_phase,15.542393811794781,0.0
shuffled_rates,0,29,stationary_phase,16.19517332569859,0.0
shuffled_rates,0,29,stationary_phase,16.652067511422395,0.0
shuffled_rates,0,29,stationary_phase,16.991712458848987,0.0
shuffled_rates,0,29,stationary_phase,17.900804947305375,0.0
shuffled_rates,0,29,stationary_phase,18.246689719538093,0.0
shuffled_rates,0,29,stationary_phase,18.47157560377527,0.0
shuffled_rates,0,29,stationary_phase,18.80768346568637,0.0
shuffled_rates,0,29,stationary_phase,19.777417492189308,0.0
shuffled_rates,0,29,stationary_phase,20.18659703643705,0.0
shuffled_rates,0,29,stationary_phase,20.393559169170317,0.0
shuffled_rates,0,29,stationary_phase,20.6458707815761,0.0
shuffled_rates,0,29,stationary_phase,21.87925527792348,0.0
shuffled_rates,0,29,stationary_phase,22.55319259298074,0.0
shuffled_rates,0,29,stationary_phase,23.390656511149576,0.0
shuffled_rates,0,29,stationary_phase,24.427472460675258,0.0
shuffled_rates,0,29,stationary_phase,25.79028398315866,0.0
shuffled_rates,0,29,stationary_phase,26.417214114675772,0.0
shuffled_rates,0,29,stationary_phase,27.74683265281696,0.0
shuffled_rates,0,29,stationary_phase,28.242167826198312,0.0
shuffled_rates,0,29,stationary_phase,29.661184098814466,0.0
shuffled_rates,0,29,stationary_phase,30.177959417061572,0.0
shuffled_rates,0,29,stationary_phase,31.34462964526363,0.0
shuffled_rates,0,29,stationary_phase,32.254447760203746,0.0
shuffled_rates,0,29,stationary_phase,33.46271560825064,0.0
shuffled_rates,0,29,stationary_phase,34.38206115458762,0.0
shuffled_rates,0,29,stationary_phase,35.27424079491889,0.0
shuffled_rates,0,29,stationary_phase,35.64966026803789,0.0
shuffled_rates,0,29,stationary_phase,35.883501976753074,0.0
shuffled_rates,0,29,stationary_phase,36.32933821760991,0.0
shuffled_rates,0,29,stationary_phase,37.20478880958738,0.0
shuffled_rates,0,29,stationary_phase,37.42901799471951,0.0
shuffled_rates,0,29,stationary_phase,37.96632154996247,0.0
shuffled_rates,0,29,stationary_phase,38.23074304944622,0.0
shuffled_rates,0,29,stationary_phase,38.90237384386365,0.0
shuffled_rates,0,29,stationary_phase,39.487811175197976,0.0
shuffled_rates,0,29,stationary_phase,39.939633306265605,0.0
shuffled_rates,0,29,stationary_phase,40.19941169856553,0.0
shuffled_rates,0,29,stationary_phase,40.945689182785934,0.0
shuffled_rates,0,29,stationary_phase,41.1570827008914,0.0
shuffled_rates,0,29,stationary_phase,41.741471305417875,0.0
shuffled_rates,0,29,stationary_phase,42.3459876224517,0.0
shuffled_rates,0,29,stationary_phase,42.717563648309586,0.0
shuffled_rates,0,29,stationary_phase,43.04660878834881,0.0
shuffled_rates,0,29,stationary_phase,43.948705090209714,0.0
shuffled_rates,0,29,stationary_phase,44.99094955780638,0.0
shuffled_rates,0,29,stationary_phase,45.9825528410096,0.0
shuffled_rates,0,29,stationary_phase,47.18909841203627,0.0
shuffled_rates,0,29,stationary_phase,48.02031065306891,0.0
shuffled_rates,0,29,stationary_phase,48.220616884964286,0.0
shuffled_rates,0,29,stationary_phase,48.33615857673486,0.0
shuffled_rates,0,29,stationary_phase,48.70149958674161,0.0
shuffled_rates,0,29,stationary_phase,49.947349685833,0.0
shuffled_rates,0,29,stationary_phase,50.52822957038215,0.0
shuffled_rates,0,29,stationary_phase,51.91152664046759,0.0
shuffled_rates,0,29,stationary_phase,52.454615478244875,0.0
shuffled_rates,0,29,stationary_phase,53.87703895557764,0.0
shuffled_rates,0,29,stationary_phase,54.34089616664243,0.0
shuffled_rates,0,29,stationary_phase,54.95821973018172,0.0
shuffled_rates,0,29,stationary_phase,55.17261692023007,0.0
shuffled_rates,0,29,stationary_phase,55.78305787508535,0.0
shuffled_rates,0,29,stationary_phase,56.25278032175093,0.0
shuffled_rates,0,29,stationary_phase,57.450045611507655,0.0
shuffled_rates,0,29,stationary_phase,58.32178129785498,0.0
shuffled_rates,0,29,stationary_phase,59.55861758970342,0.0
shuffled_rates,0,29,rotation_max_grid,1.18,-5.336975416717136
shuffled_rates,0,29,rotation_max_grid,1.8800000000000001,9.629600356370892
shuffled_rates,0,29,rotation_max_grid,3.2,-3.5155505163969534
shuffled_rates,0,29,rotation_max_grid,3.74,7.44615194992729
shuffled_rates,0,29,rotation_max_grid,4.0,4.013171925425845
shuffled_rates,0,29,rotation_max_grid,4.82,-2.3002216177789725
shuffled_rates,0,29,rotation_max_grid,5.6000000000000005,6.226999566920961
shuffled_rates,0,29,rotation_max_grid,5.8,-0.3262829567177552
shuffled_rates,0,29,rotation_max_grid,6.0200000000000005,2.1734027593721503
shuffled_rates,0,29,rotation_max_grid,6.98,-2.6446409225519325
shuffled_rates,0,29,rotation_max_grid,7.46,7.380759066619152
shuffled_rates,0,29,rotation_max_grid,8.0,4.0449041569836774
shuffled_rates,0,29,rotation_max_grid,8.94,-2.8338236678224993
shuffled_rates,0,29,rotation_max_grid,9.34,5.877888625539884
shuffled_rates,0,29,rotation_max_grid,9.620000000000001,-1.5772173405212002
shuffled_rates,0,29,rotation_max_grid,10.02,2.7364465916619483
shuffled_rates,0,29,rotation_max_grid,10.32,-0.28771844804007185
shuffled_rates,0,29,rotation_max_grid,10.52,0.058382697690215896
shuffled_rates,0,29,rotation_max_grid,10.88,-1.0672183101961665
shuffled_rates,0,29,rotation_max_grid,11.200000000000001,6.51301509143785
shuffled_rates,0,29,rotation_max_grid,11.58,-2.4157087444739243
shuffled_rates,0,29,rotation_max_grid,12.02,2.296019374276807
shuffled_rates,0,29,rotation_max_grid,12.42,-1.6242748275796526
shuffled_rates,0,29,rotation_max_grid,13.06,9.616614963670797
shuffled_rates,0,29,rotation_max_grid,13.68,-3.5833273864258133
shuffled_rates,0,29,rotation_max_grid,14.38,-3.6694005598545143
shuffled_rates,0,29,rotation_max_grid,14.92,7.4730514623294395
shuffled_rates,0,29,rotation_max_grid,15.3,-1.065703229314127
shuffled_rates,0,29,rotation_max_grid,16.02,3.501587625571896
shuffled_rates,0,29,rotation_max_grid,16.44,-2.3099161985738936
shuffled_rates,0,29,rotation_max_grid,16.8,6.74349633958635
shuffled_rates,0,29,rotation_max_grid,17.56,-2.5316838132067647
shuffled_rates,0,29,rotation_max_grid,18.04,2.346783356190545
shuffled_rates,0,29,rotation_max_grid,18.38,-0.42453718309812183
shuffled_rates,0,29,rotation_max_grid,18.66,6.529357678055824
shuffled_rates,0,29,rotation_max_grid,18.96,-1.4542519351906562
shuffled_rates,0,29,rotation_max_grid,19.64,-0.22231903536593095
shuffled_rates,0,29,rotation_max_grid,20.02,2.7165613726341475
shuffled_rates,0,29,rotation_max_grid,20.3,-1.1354749734895062
shuffled_rates,0,29,rotation_max_grid,20.52,5.516239756199905
shuffled_rates,0,29,rotation_max_grid,20.82,-2.2119194257975447
shuffled_rates,0,29,rotation_max_grid,21.54,-2.7100315263299404
shuffled_rates,0,29,rotation_max_grid,22.06,3.446226564198453
shuffled_rates,0,29,rotation_max_grid,22.38,7.65591863217102
shuffled_rates,0,29,rotation_max_grid,22.900000000000002,-2.8086701201326143
shuffled_rates,0,29,rotation_max_grid,23.580000000000002,0.8989857444301779
shuffled_rates,0,29,rotation_max_grid,24.240000000000002,8.477844317242074
shuffled_rates,0,29,rotation_max_grid,25.060000000000002,-4.537248218798533
shuffled_rates,0,29,rotation_max_grid,26.12,12.945754130002474
shuffled_rates,0,29,rotation_max_grid,27.22,-2.3975791029258
shuffled_rates,0,29,rotation_max_grid,28.0,11.06047134247557
shuffled_rates,0,29,rotation_max_grid,28.46,-1.907550502656771
shuffled_rates,0,29,rotation_max_grid,29.400000000000002,-1.7042548659978907
shuffled_rates,0,29,rotation_max_grid,29.86,8.832721746285712
shuffled_rates,0,29,rotation_max_grid,30.580000000000002,-4.335300396536964
shuffled_rates,0,29,rotation_max_grid,31.720000000000002,9.719371735310023
shuffled_rates,0,29,rotation_max_grid,32.04,4.864656869385125
shuffled_rates,0,29,rotation_max_grid,32.88,-4.6272391471921726
shuffled_rates,0,29,rotation_max_grid,33.6,6.3072666024373225
shuffled_rates,0,29,rotation_max_grid,34.08,6.0504838505029905
shuffled_rates,0,29,rotation_max_grid,34.82,-2.7608478990935486
shuffled_rates,0,29,rotation_max_grid,35.46,7.450123943452983
shuffled_rates,0,29,rotation_max_grid,35.76,-0.758534778381216
shuffled_rates,0,29,rotation_max_grid,36.08,3.1266857296559953
shuffled_rates,0,29,rotation_max_grid,36.52,-0.5205399495399785
shuffled_rates,0,29,rotation_max_grid,37.02,-2.4537851331657032
shuffled_rates,0,29,rotation_max_grid,37.32,5.162208833439522
shuffled_rates,0,29,rotation_max_grid,37.660000000000004,-3.113586930918172
shuffled_rates,0,29,rotation_max_grid,38.08,1.8474579246517306
shuffled_rates,0,29,rotation_max_grid,38.58,-1.2521850630261784
shuffled_rates,0,29,rotation_max_grid,39.18,9.725608372652012
shuffled_rates,0,29,rotation_max_grid,39.74,-1.5800870318851714
shuffled_rates,0,29,rotation_max_grid,40.08,1.9227139886676132
shuffled_rates,0,29,rotation_max_grid,40.72,-3.1010940690119493
shuffled_rates,0,29,rotation_max_grid,41.06,4.80909600968316
shuffled_rates,0,29,rotation_max_grid,41.36,-2.905269259358777
shuffled_rates,0,29,rotation_max_grid,42.06,5.078831555781129
shuffled_rates,0,29,rotation_max_grid,42.52,-0.8480588835680091
shuffled_rates,0,29,rotation_max_grid,42.92,6.626916051425343
shuffled_rates,0,29,rotation_max_grid,43.46,-4.355640956451297
shuffled_rates,0,29,rotation_max_grid,44.1,3.041195728426686
shuffled_rates,0,29,rotation_max_grid,44.78,9.283678637154164
shuffled_rates,0,29,rotation_max_grid,45.56,-3.7956781525409533
shuffled_rates,0,29,rotation_max_grid,46.1,2.0394363194685403
shuffled_rates,0,29,rotation_max_grid,46.660000000000004,9.402063432009404
shuffled_rates,0,29,rotation_max_grid,47.68,-3.9014222441635877
shuffled_rates,0,29,rotation_max_grid,48.1,1.1376527834443986
shuffled_rates,0,29,rotation_max_grid,48.28,-0.35143397534656406
shuffled_rates,0,29,rotation_max_grid,48.52,6.929741948989115
shuffled_rates,0,29,rotation_max_grid,49.480000000000004,-2.7914980225797614
shuffled_rates,0,29,rotation_max_grid,50.120000000000005,2.355971373543669
shuffled_rates,0,29,rotation_max_grid,50.38,6.772840337583116
shuffled_rates,0,29,rotation_max_grid,50.72,-1.7240328780586183
shuffled_rates,0,29,rotation_max_grid,51.7,-1.3316930073881965
shuffled_rates,0,29,rotation_max_grid,52.24,9.89722391634115
shuffled_rates,0,29,rotation_max_grid,52.86,-3.554007123329129
shuffled_rates,0,29,rotation_max_grid,53.58,-2.1478671726206087
shuffled_rates,0,29,rotation_max_grid,54.120000000000005,11.438536686049583
shuffled_rates,0,29,rotation_max_grid,54.56,-1.6306375505901756
shuffled_rates,0,29,rotation_max_grid,55.06,0.19862064914244987
shuffled_rates,0,29,rotation_max_grid,55.64,-0.8940551585922345
shuffled_rates,0,29,rotation_max_grid,55.980000000000004,9.1657033106773
shuffled_rates,0,29,rotation_max_grid,56.82,-4.537830931256002
shuffled_rates,0,29,rotation_max_grid,57.84,10.9296799275512
shuffled_rates,0,29,rotation_max_grid,59.160000000000004,-3.8474430059346383
shuffled_rates,0,29,rotation_max_grid,59.72,7.696868650237734
shuffled_rates,0,101,stationary_phase,0.337564765299136,0.0
shuffled_rates,0,101,stationary_phase,1.2670731705749554,0.0
shuffled_rates,0,101,stationary_phase,1.9404007281138074,0.0
shuffled_rates,0,101,stationary_phase,2.7009505008930885,0.0
shuffled_rates,0,101,stationary_phase,3.3425372287152064,0.0
shuffled_rates,0,101,stationary_phase,4.083235421062094,0.0
shuffled_rates,0,101,stationary_phase,4.4776067195939575,0.0
shuffled_rates,0,101,stationary_phase,5.438771753952596,0.0
shuffled_rates,0,101,stationary_phase,5.832915239565217,0.0
shuffled_rates,0,101,stationary_phase,6.362283243072423,0.0
shuffled_rates,0,101,stationary_phase,6.589954176365109,0.0
shuffled_rates,0,101,stationary_phase,6.865521527367157,0.0
shuffled_rates,0,101,stationary_phase,7.263818796339213,0.0
shuffled_rates,0,101,stationary_phase,8.11597356136843,0.0
shuffled_rates,0,101,stationary_phase,8.723179410100649,0.0
shuffled_rates,0,101,stationary_phase,9.693153194436418,0.0
shuffled_rates,0,101,stationary_phase,10.09510854574526,0.0
shuffled_rates,0,101,stationary_phase,10.567072138428683,0.0
shuffled_rates,0,101,stationary_phase,10.789763158085215,0.0
shuffled_rates,0,101,stationary_phase,11.097634797005039,0.0
shuffled_rates,0,101,stationary_phase,11.521720128461645,0.0
shuffled_rates,0,101,stationary_phase,12.607693263855237,0.0
shuffled_rates,0,101,stationary_phase,13.192003529164438,0.0
shuffled_rates,0,101,stationary_phase,14.137361878743969,0.0
shuffled_rates,0,101,stationary_phase,14.292932669461027,0.0
shuffled_rates,0,101,stationary_phase,14.67980203763689,0.0
shuffled_rates,0,101,stationary_phase,15.187723376842778,0.0
shuffled_rates,0,101,stationary_phase,15.512704096252083,0.0
shuffled_rates,0,101,stationary_phase,15.757249795751324,0.0
shuffled_rates,0,101,stationary_phase,16.318208926337736,0.0
shuffled_rates,0,101,stationary_phase,16.395193877257725,0.0
shuffled_rates,0,101,stationary_phase,16.742820467183687,0.0
shuffled_rates,0,101,stationary_phase,17.231278685170818,0.0
shuffled_rates,0,101,stationary_phase,18.35448706822293,0.0
shuffled_rates,0,101,stationary_phase,18.663622329258832,0.0
shuffled_rates,0,101,stationary_phase,19.022288639553647,0.0
shuffled_rates,0,101,stationary_phase,19.32842488460455,0.0
shuffled_rates,0,101,stationary_phase,19.808532329574337,0.0
shuffled_rates,0,101,stationary_phase,20.012152431887344,0.0
shuffled_rates,0,101,stationary_phase,20.46290826991852,0.0
shuffled_rates,0,101,stationary_phase,20.553855022474405,0.0
shuffled_rates,0,101,stationary_phase,21.155072776998804,0.0
shuffled_rates,0,101,stationary_phase,21.469639226839657,0.0
shuffled_rates,0,101,stationary_phase,22.624173176800834,0.0
shuffled_rates,0,101,stationary_phase,22.90093352389452,0.0
shuffled_rates,0,101,stationary_phase,23.35329025366662,0.0
shuffled_rates,0,101,stationary_phase,23.673299507658193,0.0
shuffled_rates,0,101,stationary_phase,24.045230960198907,0.0
shuffled_rates,0,101,stationary_phase,24.579802646513983,0.0
shuffled_rates,0,101,stationary_phase,25.462297409496998,0.0
shuffled_rates,0,101,stationary_phase,26.31665687352502,0.0
shuffled_rates,0,101,stationary_phase,26.929269103485865,0.0
shuffled_rates,0,101,stationary_phase,27.111328801849837,0.0
shuffled_rates,0,101,stationary_phase,27.548150524171138,0.0
shuffled_rates,0,101,stationary_phase,28.02786897566416,0.0
shuffled_rates,0,101,stationary_phase,28.336020407860094,0.0
shuffled_rates,0,101,stationary_phase,28.564485957326408,0.0
shuffled_rates,0,101,stationary_phase,29.310702351354806,0.0
shuffled_rates,0,101,stationary_phase,30.086189477620906,0.0
shuffled_rates,0,101,stationary_phase,31.104846557583386,0.0
shuffled_rates,0,101,stationary_phase,32.10514760831876,0.0
shuffled_rates,0,101,stationary_phase,32.570679657385746,0.0
shuffled_rates,0,101,stationary_phase,32.823756018372976,0.0
shuffled_rates,0,101,stationary_phase,33.847983274354775,0.0
shuffled_rates,0,101,stationary_phase,34.40481914650762,0.0
shuffled_rates,0,101,stationary_phase,35.35748398036804,0.0
shuffled_rates,0,101,stationary_phase,35.71373716458706,0.0
shuffled_rates,0,101,stationary_phase,36.24924670412876,0.0
shuffled_rates,0,101,stationary_phase,36.57686735998183,0.0
shuffled_rates,0,101,stationary_phase,36.7790360087485,0.0
shuffled_rates,0,101,stationary_phase,37.10593439712714,0.0
shuffled_rates,0,101,stationary_phase,38.15453050605157,0.0
shuffled_rates,0,101,stationary_phase,38.59392444343124,0.0
shuffled_rates,0,101,stationary_phase,39.084795458821525,0.0
shuffled_rates,0,101,stationary_phase,39.2822336644729,0.0
shuffled_rates,0,101,stationary_phase,39.66707500823246,0.0
shuffled_rates,0,101,stationary_phase,39.97504165097519,0.0
shuffled_rates,0,101,stationary_phase,40.50607392723879,0.0
shuffled_rates,0,101,stationary_phase,40.78413090356929,0.0
shuffled_rates,0,101,stationary_phase,41.07857325543776,0.0
shuffled_rates,0,101,stationary_phase,41.33746390123878,0.0
shuffled_rates,0,101,stationary_phase,42.285310182604036,0.0
shuffled_rates,0,101,stationary_phase,42.84731813218021,0.0
shuffled_rates,0,101,stationary_phase,43.89727266580549,0.0
shuffled_rates,0,101,stationary_phase,44.275719596416685,0.0
shuffled_rates,0,101,stationary_phase,44.60489373668559,0.0
shuffled_rates,0,101,stationary_phase,44.949297009661365,0.0
shuffled_rates,0,101,stationary_phase,45.39157254807748,0.0
shuffled_rates,0,101,stationary_phase,45.77945212764345,0.0
shuffled_rates,0,101,stationary_phase,46.72181896806143,0.0
shuffled_rates,0,101,stationary_phase,47.547853688515296,0.0
shuffled_rates,0,101,stationary_phase,48.27880250969699,0.0
shuffled_rates,0,101,stationary_phase,48.43650904837572,0.0
shuffled_rates,0,101,stationary_phase,48.69184575558239,0.0
shuffled_rates,0,101,stationary_phase,49.269332276983825,0.0
shuffled_rates,0,101,stationary_phase,49.711743101641595,0.0
shuffled_rates,0,101,stationary_phase,49.82065054955742,0.0
shuffled_rates,0,101,stationary_phase,50.26548045383898,0.0
shuffled_rates,0,101,stationary_phase,50.81166114386393,0.0
shuffled_rates,0,101,stationary_phase,51.06875657325928,0.0
shuffled_rates,0,101,stationary_phase,51.299455176823066,0.0
shuffled_rates,0,101,stationary_phase,51.93719847315014,0.0
shuffled_rates,0,101,stationary_phase,52.68549622642581,0.0
shuffled_rates,0,101,stationary_phase,53.69878801454085,0.0
shuffled_rates,0,101,stationary_phase,54.21141626910459,0.0
shuffled_rates,0,101,stationary_phase,55.258958470023586,0.0
shuffled_rates,0,101,stationary_phase,55.976806393497725,0.0
shuffled_rates,0,101,stationary_phase,56.792697244090135,0.0
shuffled_rates,0,101,stationary_phase,57.78924497233203,0.0
shuffled_rates,0,101,stationary_phase,58.20957934730503,0.0
shuffled_rates,0,101,stationary_phase,58.450587480431274,0.0
shuffled_rates,0,101,stationary_phase,58.53959299717142,0.0
shuffled_rates,0,101,stationary_phase,58.86068929338027,0.0
shuffled_rates,0,101,stationary_phase,59.598809736767194,0.0
shuffled_rates,0,101,rotation_max_grid,0.8,-13.407122719838016
shuffled_rates,0,101,rotation_max_grid,1.44,16.201959527203954
shuffled_rates,0,101,rotation_max_grid,2.38,-7.476669477617689
shuffled_rates,0,101,rotation_max_grid,2.84,11.901097811864707
shuffled_rates,0,101,rotation_max_grid,3.2,1.5362118551117796
shuffled_rates,0,101,rotation_max_grid,3.7800000000000002,-4.996162883095984
shuffled_rates,0,101,rotation_max_grid,4.26,14.40222169014712
shuffled_rates,0,101,rotation_max_grid,4.68,-2.386235812377144
shuffled_rates,0,101,rotation_max_grid,5.12,-2.6758695562788426
shuffled_rates,0,101,rotation_max_grid,5.68,11.581256619168911
shuffled_rates,0,101,rotation_max_grid,6.1000000000000005,-3.9065265821855006
shuffled_rates,0,101,rotation_max_grid,6.46,1.140741624780291
shuffled_rates,0,101,rotation_max_grid,6.72,-0.9264352866351374
shuffled_rates,0,101,rotation_max_grid,7.1000000000000005,10.56536092681255
shuffled_rates,0,101,rotation_max_grid,7.78,-4.406570059772148
shuffled_rates,0,101,rotation_max_grid,8.540000000000001,14.382057033949254
shuffled_rates,0,101,rotation_max_grid,9.06,-4.968205259110869
shuffled_rates,0,101,rotation_max_grid,9.96,10.353764367799021
shuffled_rates,0,101,rotation_max_grid,10.28,-2.007320949910996
shuffled_rates,0,101,rotation_max_grid,10.68,1.0745881994682982
shuffled_rates,0,101,rotation_max_grid,10.92,-0.725397461819388
shuffled_rates,0,101,rotation_max_grid,11.38,11.523453066230898
shuffled_rates,0,101,rotation_max_grid,11.8,-4.207539256938513
shuffled_rates,0,101,rotation_max_grid,12.4,-2.0246374566147742
shuffled_rates,0,101,rotation_max_grid,12.8,14.26139816428025
shuffled_rates,0,101,rotation_max_grid,13.48,-2.941526055060221
shuffled_rates,0,101,rotation_max_grid,14.0,-3.274750716312407
shuffled_rates,0,101,rotation_max_grid,14.22,6.12749447348259
shuffled_rates,0,101,rotation_max_grid,14.44,-4.492464502899488
shuffled_rates,0,101,rotation_max_grid,14.94,4.401833253486588
shuffled_rates,0,101,rotation_max_grid,15.38,-1.6435807590040317
shuffled_rates,0,101,rotation_max_grid,15.64,9.029185726304298
shuffled_rates,0,101,rotation_max_grid,16.0,-3.956763912641711
shuffled_rates,0,101,rotation_max_grid,16.36,0.1279901882326123
shuffled_rates,0,101,rotation_max_grid,16.580000000000002,-0.9631341775002484
shuffled_rates,0,101,rotation_max_grid,17.06,13.130216026776644
shuffled_rates,0,101,rotation_max_grid,17.580000000000002,-3.3028304746423705
shuffled_rates,0,101,rotation_max_grid,18.2,-2.2154777250342987
shuffled_rates,0,101,rotation_max_grid,18.48,9.804038336420595
shuffled_rates,0,101,rotation_max_grid,18.84,-1.5793514411560992
shuffled_rates,0,101,rotation_max_grid,19.18,2.364295483535191
shuffled_rates,0,101,rotation_max_grid,19.46,-1.5116997673218262
shuffled_rates,0,101,rotation_max_grid,19.7,-2.1317577202558073
shuffled_rates,0,101,rotation_max_grid,19.900000000000002,7.536537092807059
shuffled_rates,0,101,rotation_max_grid,20.14,-2.1319040573621444
shuffled_rates,0,101,rotation_max_grid,20.5,0.10370752339594297
shuffled_rates,0,101,rotation_max_grid,20.96,-3.050949447107438
shuffled_rates,0,101,rotation_max_grid,21.32,11.913742471067291
shuffled_rates,0,101,rotation_max_grid,21.64,-2.854324746976269
shuffled_rates,0,101,rotation_max_grid,22.52,-1.5317087975423342
shuffled_rates,0,101,rotation_max_grid,22.76,9.482767911487587
shuffled_rates,0,101,rotation_max_grid,23.1,-2.8483420079335176
shuffled_rates,0,101,rotation_max_grid,23.48,2.0384001783989727
shuffled_rates,0,101,rotation_max_grid,23.92,-1.9271305594800883
shuffled_rates,0,101,rotation_max_grid,24.18,10.390958871455359
shuffled_rates,0,101,rotation_max_grid,25.0,-6.175900807442891
shuffled_rates,0,101,rotation_max_grid,25.6,11.624273781477402
shuffled_rates,0,101,rotation_max_grid,26.1,5.477030744830442
shuffled_rates,0,101,rotation_max_grid,26.7,-4.877062118521046
shuffled_rates,0,101,rotation_max_grid,27.02,7.230212402385981
shuffled_rates,0,101,rotation_max_grid,27.28,-3.160612514577395
shuffled_rates,0,101,rotation_max_grid,27.76,6.034391363650999
shuffled_rates,0,101,rotation_max_grid,28.22,-2.682123347500583
shuffled_rates,0,101,rotation_max_grid,28.44,8.361546852449953
shuffled_rates,0,101,rotation_max_grid,29.04,-3.1819586336545047
shuffled_rates,0,101,rotation_max_grid,29.400000000000002,0.811043655846911
shuffled_rates,0,101,rotation_max_grid,29.86,15.129672476096358
shuffled_rates,0,101,rotation_max_grid,30.560000000000002,-6.100854019084741
shuffled_rates,0,101,rotation_max_grid,31.28,10.804102144451713
shuffled_rates,0,101,rotation_max_grid,31.62,0.8284718945925842
shuffled_rates,0,101,rotation_max_grid,32.0,1.3291919488487427
shuffled_rates,0,101,rotation_max_grid,32.38,-3.437405163233102
shuffled_rates,0,101,rotation_max_grid,32.7,9.68837755471164
shuffled_rates,0,101,rotation_max_grid,33.3,-4.1564741651998665
shuffled_rates,0,101,rotation_max_grid,34.12,16.005328753746245
shuffled_rates,0,101,rotation_max_grid,34.68,-3.6724467013262108
shuffled_rates,0,101,rotation_max_grid,34.96,-3.3078280783003553
shuffled_rates,0,101,rotation_max_grid,35.54,10.998065266276809
shuffled_rates,0,101,rotation_max_grid,36.08,-2.5701549674525572
shuffled_rates,0,101,rotation_max_grid,36.32,0.6479948806818603
shuffled_rates,0,101,rotation_max_grid,36.7,-0.2363344018972382
shuffled_rates,0,101,rotation_max_grid,36.96,9.563484959125837
shuffled_rates,0,101,rotation_max_grid,37.76,-5.354335357361906
shuffled_rates,0,101,rotation_max_grid,38.4,15.03214848296392
shuffled_rates,0,101,rotation_max_grid,38.82,-3.164359283327216
shuffled_rates,0,101,rotation_max_grid,39.18,1.0349309269799605
shuffled_rates,0,101,rotation_max_grid,39.5,-1.85357297867716
shuffled_rates,0,101,rotation_max_grid,39.82,10.05231781845461
shuffled_rates,0,101,rotation_max_grid,40.26,-2.740221001293069
shuffled_rates,0,101,rotation_max_grid,40.58,0.49104980564109574
shuffled_rates,0,101,rotation_max_grid,40.76,0.022124900939571646
shuffled_rates,0,101,rotation_max_grid,40.96,-0.8933659151657491
shuffled_rates,0,101,rotation_max_grid,41.24,8.77097868251945
shuffled_rates,0,101,rotation_max_grid,41.5,-3.7473368044647013
shuffled_rates,0,101,rotation_max_grid,42.0,-1.5238169486436106
shuffled_rates,0,101,rotation_max_grid,42.660000000000004,14.336211746509798
shuffled_rates,0,101,rotation_max_grid,43.22,-5.122813581530796
shuffled_rates,0,101,rotation_max_grid,44.08,13.154086532150398
shuffled_rates,0,101,rotation_max_grid,44.44,-1.5417942343244486
shuffled_rates,0,101,rotation_max_grid,44.800000000000004,3.300878841039107
shuffled_rates,0,101,rotation_max_grid,45.18,-3.29050683603755
shuffled_rates,0,101,rotation_max_grid,45.5,9.116411107601694
shuffled_rates,0,101,rotation_max_grid,46.4,-3.347589126962782
shuffled_rates,0,101,rotation_max_grid,46.92,13.86946755515066
shuffled_rates,0,101,rotation_max_grid,47.34,2.580407749867149
shuffled_rates,0,101,rotation_max_grid,48.04,-6.700120977363423
shuffled_rates,0,101,rotation_max_grid,48.34,5.85614100961383
shuffled_rates,0,101,rotation_max_grid,48.54,-1.7907277238265702
shuffled_rates,0,101,rotation_max_grid,49.02,7.956131290074367
shuffled_rates,0,101,rotation_max_grid,49.56,-5.446217415662098
shuffled_rates,0,101,rotation_max_grid,49.76,3.9606100389435324
shuffled_rates,0,101,rotation_max_grid,49.980000000000004,-5.848688379871688
shuffled_rates,0,101,rotation_max_grid,50.54,5.159854178165015
shuffled_rates,0,101,rotation_max_grid,50.96,-1.9571261270972715
shuffled_rates,0,101,rotation_max_grid,51.18,9.452585126489366
shuffled_rates,0,101,rotation_max_grid,51.5,-4.99763302788077
shuffled_rates,0,101,rotation_max_grid,52.22,6.373815914773821
shuffled_rates,0,101,rotation_max_grid,52.6,7.359264250730135
shuffled_rates,0,101,rotation_max_grid,52.88,-6.337170421244316
shuffled_rates,0,101,rotation_max_grid,53.56,-1.5836010892396153
shuffled_rates,0,101,rotation_max_grid,54.02,13.302627405664532
shuffled_rates,0,101,rotation_max_grid,54.78,-4.8576214589607964
shuffled_rates,0,101,rotation_max_grid,55.46,17.616051430606745
shuffled_rates,0,101,rotation_max_grid,56.5,-7.261049975924563
shuffled_rates,0,101,rotation_max_grid,56.88,8.283537059202542
shuffled_rates,0,101,rotation_max_grid,57.14,2.1233853724297895
shuffled_rates,0,101,rotation_max_grid,57.58,4.42988135079065
shuffled_rates,0,101,rotation_max_grid,58.06,-4.2080798653795926
shuffled_rates,0,101,rotation_max_grid,58.300000000000004,7.917639794078872
shuffled_rates,0,101,rotation_max_grid,58.5,-0.1924181521970506
shuffled_rates,0,101,rotation_max_grid,58.72,1.5958012387935825
shuffled_rates,0,101,rotation_max_grid,59.38,-6.255362564823695
shuffled_rates,0,101,rotation_max_grid,59.72,12.792045356601399
shuffled_rates,1,5,stationary_phase,0.8081106899632453,0.0
shuffled_rates,1,5,stationary_phase,3.5607266067454586,0.0
shuffled_rates,1,5,stationary_phase,4.2688265860948995,0.0
shuffled_rates,1,5,stationary_phase,7.417092211762277,0.0
shuffled_rates,1,5,stationary_phase,8.296141922963146,0.0
shuffled_rates,1,5,stationary_phase,8.953825121411505,0.0
shuffled_rates,1,5,stationary_phase,9.097169997638321,0.0
shuffled_rates,1,5,stationary_phase,10.98361440594178,0.0
shuffled_rates,1,5,stationary_phase,12.186563120741633,0.0
shuffled_rates,1,5,stationary_phase,15.262342008368526,0.0
shuffled_rates,1,5,stationary_phase,16.03366881791059,0.0
shuffled_rates,1,5,stationary_phase,16.766699092146936,0.0
shuffled_rates,1,5,stationary_phase,18.512635280865055,0.0
shuffled_rates,1,5,stationary_phase,19.054182097375257,0.0
shuffled_rates,1,5,stationary_phase,19.885606423504225,0.0
shuffled_rates,1,5,stationary_phase,22.595458542345106,0.0
shuffled_rates,1,5,stationary_phase,23.843111203110947,0.0
shuffled_rates,1,5,stationary_phase,26.681701487717703,0.0
shuffled_rates,1,5,stationary_phase,28.861480010368147,0.0
shuffled_rates,1,5,stationary_phase,30.89090881541512,0.0
shuffled_rates,1,5,stationary_phase,31.568079549824663,0.0
shuffled_rates,1,5,stationary_phase,34.05744427965402,0.0
shuffled_rates,1,5,stationary_phase,36.38522895509474,0.0
shuffled_rates,1,5,stationary_phase,38.6555096473142,0.0
shuffled_rates,1,5,stationary_phase,40.177608716332664,0.0
shuffled_rates,1,5,stationary_phase,42.59869253326676,0.0
shuffled_rates,1,5,stationary_phase,43.302054582684754,0.0
shuffled_rates,1,5,stationary_phase,44.840184594845,0.0
shuffled_rates,1,5,stationary_phase,47.23787803966937,0.0
shuffled_rates,1,5,stationary_phase,50.35746560337936,0.0
shuffled_rates,1,5,stationary_phase,51.72692101372556,0.0
shuffled_rates,1,5,stationary_phase,53.96928006367719,0.0
shuffled_rates,1,5,stationary_phase,55.158028292871954,0.0
shuffled_rates,1,5,stationary_phase,57.07296145821891,0.0
shuffled_rates,1,5,stationary_phase,57.349756422669664,0.0
shuffled_rates,1,5,stationary_phase,58.13924922181119,0.0
shuffled_rates,1,5,stationary_phase,58.911626063149924,0.0
shuffled_rates,1,5,rotation_max_grid,2.5,-1.1638780064143837
shuffled_rates,1,5,rotation_max_grid,3.9,3.3649108100785465
shuffled_rates,1,5,rotation_max_grid,4.74,-0.7005386645719177
shuffled_rates,1,5,rotation_max_grid,6.82,-0.7643070470295433
shuffled_rates,1,5,rotation_max_grid,7.8,3.6179044374450404
shuffled_rates,1,5,rotation_max_grid,8.52,-0.16315134447586865
shuffled_rates,1,5,rotation_max_grid,9.02,0.008242721331872871
shuffled_rates,1,5,rotation_max_grid,10.200000000000001,-0.6646379504926647
shuffled_rates,1,5,rotation_max_grid,11.700000000000001,4.401638072155497
shuffled_rates,1,5,rotation_max_grid,13.88,-1.2451710213269767
shuffled_rates,1,5,rotation_max_grid,15.620000000000001,3.4757840364621746
shuffled_rates,1,5,rotation_max_grid,16.32,-0.3491213402148618
shuffled_rates,1,5,rotation_max_grid,17.32,0.46682764407472976
shuffled_rates,1,5,rotation_max_grid,18.84,-0.1922943024407344
shuffled_rates,1,5,rotation_max_grid,19.52,3.555785000131139
shuffled_rates,1,5,rotation_max_grid,21.02,-1.1421921133947492
shuffled_rates,1,5,rotation_max_grid,23.42,4.042263174517998
shuffled_rates,1,5,rotation_max_grid,25.1,-1.1293515472951026
shuffled_rates,1,5,rotation_max_grid,27.32,4.664745710701492
shuffled_rates,1,5,rotation_max_grid,28.46,0.2974567146075754
shuffled_rates,1,5,rotation_max_grid,30.14,-1.0128672636868075
shuffled_rates,1,5,rotation_max_grid,31.240000000000002,3.290464317018913
shuffled_rates,1,5,rotation_max_grid,32.5,-1.1329922643064982
shuffled_rates,1,5,rotation_max_grid,35.14,4.11966376987255
shuffled_rates,1,5,rotation_max_grid,36.1,0.10250351081197545
shuffled_rates,1,5,rotation_max_grid,37.800000000000004,-0.977741378528868
shuffled_rates,1,5,rotation_max_grid,39.04,3.680122490830909
shuffled_rates,1,5,rotation_max_grid,39.92,0.11976576657361504
shuffled_rates,1,5,rotation_max_grid,41.7,-1.0986810193458065
shuffled_rates,1,5,rotation_max_grid,42.94,3.3601775593632066
shuffled_rates,1,5,rotation_max_grid,43.88,-0.8184123183876983
shuffled_rates,1,5,rotation_max_grid,45.6,1.0284529160935785
shuffled_rates,1,5,rotation_max_grid,46.84,3.792825354112981
shuffled_rates,1,5,rotation_max_grid,48.82,-1.2454667109487236
shuffled_rates,1,5,rotation_max_grid,50.76,3.860559873922313
shuffled_rates,1,5,rotation_max_grid,52.88,-0.8803596738244313
shuffled_rates,1,5,rotation_max_grid,54.660000000000004,4.364096738819926
shuffled_rates,1,5,rotation_max_grid,55.96,-0.7932188846330424
shuffled_rates,1,5,rotation_max_grid,57.2,0.042198708286960596
shuffled_rates,1,5,rotation_max_grid,57.86,-0.323397694377313
shuffled_rates,1,5,rotation_max_grid,58.56,3.4695529880711886
shuffled_rates,1,29,stationary_phase,0.4708828083856682,0.0
shuffled_rates,1,29,stationary_phase,1.7329602356427936,0.0
shuffled_rates,1,29,stationary_phase,2.5370070707443984,0.0
shuffled_rates,1,29,stationary_phase,3.54460584351536,0.0
shuffled_rates,1,29,stationary_phase,4.325378305791738,0.0
shuffled_rates,1,29,stationary_phase,5.511061924950894,0.0
shuffled_rates,1,29,stationary_phase,5.719048629933848,0.0
shuffled_rates,1,29,stationary_phase,6.214795949411497,0.0
shuffled_rates,1,29,stationary_phase,6.680873923990465,0.0
shuffled_rates,1,29,stationary_phase,7.227514733631972,0.0
shuffled_rates,1,29,stationary_phase,8.058291553205837,0.0
shuffled_rates,1,29,stationary_phase,9.192987977444517,0.0
shuffled_rates,1,29,stationary_phase,10.041427677012383,0.0
shuffled_rates,1,29,stationary_phase,10.966466893328333,0.0
shuffled_rates,1,29,stationary_phase,11.417193172834843,0.0
shuffled_rates,1,29,stationary_phase,11.507171456561705,0.0
shuffled_rates,1,29,stationary_phase,11.944725076817381,0.0
shuffled_rates,1,29,stationary_phase,12.628658666244961,0.0
shuffled_rates,1,29,stationary_phase,13.325077675731707,0.0
shuffled_rates,1,29,stationary_phase,14.703898982514652,0.0
shuffled_rates,1,29,stationary_phase,15.180412144507768,0.0
shuffled_rates,1,29,stationary_phase,15.302001282234206,0.0
shuffled_rates,1,29,stationary_phase,16.293282809510504,0.0
shuffled_rates,1,29,stationary_phase,16.643701296447112,0.0
shuffled_rates,1,29,stationary_phase,17.196057576191077,0.0
shuffled_rates,1,29,stationary_phase,18.554553216358492,0.0
shuffled_rates,1,29,stationary_phase,18.775771835002548,0.0
shuffled_rates,1,29,stationary_phase,19.100141458484952,0.0
shuffled_rates,1,29,stationary_phase,20.045349483901806,0.0
shuffled_rates,1,29,stationary_phase,20.474689949165597,0.0
shuffled_rates,1,29,stationary_phase,20.526235913702813,0.0
shuffled_rates,1,29,stationary_phase,21.875402032402583,0.0
shuffled_rates,1,29,stationary_phase,22.741775788001238,0.0
shuffled_rates,1,29,stationary_phase,23.26288959704245,0.0
shuffled_rates,1,29,stationary_phase,23.67111741677952,0.0
shuffled_rates,1,29,stationary_phase,23.92584075614411,0.0
shuffled_rates,1,29,stationary_phase,24.560139294921925,0.0
shuffled_rates,1,29,stationary_phase,25.665317968988195,0.0
shuffled_rates,1,29,stationary_phase,26.45914193772473,0.0
shuffled_rates,1,29,stationary_phase,27.11309928378834,0.0
shuffled_rates,1,29,stationary_phase,27.514289764821083,0.0
shuffled_rates,1,29,stationary_phase,27.735220460627435,0.0
shuffled_rates,1,29,stationary_phase,28.20074790218074,0.0
shuffled_rates,1,29,stationary_phase,28.789701443914772,0.0
shuffled_rates,1,29,stationary_phase,30.039477390277717,0.0
shuffled_rates,1,29,stationary_phase,31.069549863621994,0.0
shuffled_rates,1,29,stationary_phase,32.377162700156525,0.0
shuffled_rates,1,29,stationary_phase,33.460635532711244,0.0
shuffled_rates,1,29,stationary_phase,34.40037171944905,0.0
shuffled_rates,1,29,stationary_phase,34.97623919307821,0.0
shuffled_rates,1,29,stationary_phase,35.86593147763375,0.0
shuffled_rates,1,29,stationary_phase,37.27164004151883,0.0
shuffled_rates,1,29,stationary_phase,37.3752461221429,0.0
shuffled_rates,1,29,stationary_phase,38.554724182766655,0.0
shuffled_rates,1,29,stationary_phase,39.50892351536406,0.0
shuffled_rates,1,29,stationary_phase,41.621347839548804,0.0
shuffled_rates,1,29,stationary_phase,42.38053935778232,0.0
shuffled_rates,1,29,stationary_phase,42.62790700489043,0.0
shuffled_rates,1,29,stationary_phase,43.116516706076574,0.0
shuffled_rates,1,29,stationary_phase,44.013662745916534,0.0
shuffled_rates,1,29,stationary_phase,45.25113115684415,0.0
shuffled_rates,1,29,stationary_phase,46.22188843803138,0.0
shuffled_rates,1,29,stationary_phase,47.109526164572074,0.0
shuffled_rates,1,29,stationary_phase,48.22783839806085,0.0
shuffled_rates,1,29,stationary_phase,49.06010385309378,0.0
shuffled_rates,1,29,stationary_phase,50.24452985314163,0.0
shuffled_rates,1,29,stationary_phase,52.3810061765443,0.0
shuffled_rates,1,29,stationary_phase,53.782509444529836,0.0
shuffled_rates,1,29,stationary_phase,55.14408167750287,0.0
shuffled_rates,1,29,stationary_phase,55.7147961678244,0.0
shuffled_rates,1,29,stationary_phase,56.25027327738399,0.0
shuffled_rates,1,29,stationary_phase,57.480400343719914,0.0
shuffled_rates,1,29,stationary_phase,58.74720326650077,0.0
shuffled_rates,1,29,stationary_phase,59.56142449893932,0.0
shuffled_rates,1,29,rotation_max_grid,1.1400000000000001,-4.793318823148552
shuffled_rates,1,29,rotation_max_grid,1.94,2.5557337585822157
shuffled_rates,1,29,rotation_max_grid,2.9,-2.244466444712222
shuffled_rates,1,29,rotation_max_grid,3.38,-0.9208342622969757
shuffled_rates,1,29,rotation_max_grid,3.86,4.469462011255345
shuffled_rates,1,29,rotation_max_grid,5.2,-1.9427328239287638
shuffled_rates,1,29,rotation_max_grid,5.6000000000000005,0.5622124300564342
shuffled_rates,1,29,rotation_max_grid,5.94,-0.9396739251310912
shuffled_rates,1,29,rotation_max_grid,6.46,1.5449780372663287
shuffled_rates,1,29,rotation_max_grid,6.98,-1.5984745596178498
shuffled_rates,1,29,rotation_max_grid,7.5,2.9176432841667297
shuffled_rates,1,29,rotation_max_grid,7.78,3.241646439078285
shuffled_rates,1,29,rotation_max_grid,8.52,-1.912097435430374
shuffled_rates,1,29,rotation_max_grid,9.4,1.5867534223503852
shuffled_rates,1,29,rotation_max_grid,9.700000000000001,2.336852143970411
shuffled_rates,1,29,rotation_max_grid,10.46,-1.5671268657243778
shuffled_rates,1,29,rotation_max_grid,11.18,1.740771458144226
shuffled_rates,1,29,rotation_max_grid,11.46,-0.10017993819831217
shuffled_rates,1,29,rotation_max_grid,11.72,1.6860106677936766
shuffled_rates,1,29,rotation_max_grid,12.46,-0.6639298195756587
shuffled_rates,1,29,rotation_max_grid,13.02,4.363538976051215
shuffled_rates,1,29,rotation_max_grid,13.9,-3.3779619112965142
shuffled_rates,1,29,rotation_max_grid,14.120000000000001,-3.3732123771480897
shuffled_rates,1,29,rotation_max_grid,14.92,1.9845029010082482
shuffled_rates,1,29,rotation_max_grid,15.24,-0.1302084483563862
shuffled_rates,1,29,rotation_max_grid,15.620000000000001,3.290362139188896
shuffled_rates,1,29,rotation_max_grid,16.080000000000002,1.3796821463112825
shuffled_rates,1,29,rotation_max_grid,16.48,-1.0098326646850162
shuffled_rates,1,29,rotation_max_grid,16.82,1.5564549542064805
shuffled_rates,1,29,rotation_max_grid,17.56,-1.2532574231569216
shuffled_rates,1,29,rotation_max_grid,18.26,-1.515752990805197
shuffled_rates,1,29,rotation_max_grid,18.66,0.6238497892548092
shuffled_rates,1,29,rotation_max_grid,18.94,-0.823383868140476
shuffled_rates,1,29,rotation_max_grid,19.5,5.915876986599954
shuffled_rates,1,29,rotation_max_grid,20.26,-0.8187165345923955
shuffled_rates,1,29,rotation_max_grid,20.5,0.038720019129616035
shuffled_rates,1,29,rotation_max_grid,21.04,-3.295441434759603
shuffled_rates,1,29,rotation_max_grid,22.38,4.040247349581631
shuffled_rates,1,29,rotation_max_grid,23.0,-1.933725042233799
shuffled_rates,1,29,rotation_max_grid,23.44,2.0671897231153458
shuffled_rates,1,29,rotation_max_grid,23.8,-0.3820297477856516
shuffled_rates,1,29,rotation_max_grid,24.26,3.18217727570822
shuffled_rates,1,29,rotation_max_grid,25.1,-4.059441164718115
shuffled_rates,1,29,rotation_max_grid,26.080000000000002,3.6686228824553258
shuffled_rates,1,29,rotation_max_grid,26.72,-0.5097446781210938
shuffled_rates,1,29,rotation_max_grid,27.32,1.6280968395187183
shuffled_rates,1,29,rotation_max_grid,27.62,-0.4083464208999141
shuffled_rates,1,29,rotation_max_grid,27.98,2.101167677535712
shuffled_rates,1,29,rotation_max_grid,28.46,-1.4188395572261672
shuffled_rates,1,29,rotation_max_grid,29.060000000000002,1.6828323842127266
shuffled_rates,1,29,rotation_max_grid,29.84,1.9562856545612337
shuffled_rates,1,29,rotation_max_grid,30.560000000000002,-3.790809422746056
shuffled_rates,1,29,rotation_max_grid,31.26,2.247973034129343
shuffled_rates,1,29,rotation_max_grid,31.76,4.1526220001510055
shuffled_rates,1,29,rotation_max_grid,32.86,-3.904142031812758
shuffled_rates,1,29,rotation_max_grid,33.62,1.247543137324901
shuffled_rates,1,29,rotation_max_grid,34.160000000000004,1.1244056894728853
shuffled_rates,1,29,rotation_max_grid,34.74,-1.9313380224394385
shuffled_rates,1,29,rotation_max_grid,35.46,5.358062388166916
shuffled_rates,1,29,rotation_max_grid,36.46,-1.0139524232131283
shuffled_rates,1,29,rotation_max_grid,37.0,-1.6109701065176276
shuffled_rates,1,29,rotation_max_grid,37.32,0.16001884943026326
shuffled_rates,1,29,rotation_max_grid,37.84,-1.8135727745632735
shuffled_rates,1,29,rotation_max_grid,39.1,6.703217934677227
shuffled_rates,1,29,rotation_max_grid,39.74,-0.9816303627627034
shuffled_rates,1,29,rotation_max_grid,40.64,-2.695496394110529
shuffled_rates,1,29,rotation_max_grid,41.34,-1.7584221923161172
shuffled_rates,1,29,rotation_max_grid,42.0,3.100632498395382
shuffled_rates,1,29,rotation_max_grid,42.52,-0.40977251710683354
shuffled_rates,1,29,rotation_max_grid,42.92,4.104042914757794
shuffled_rates,1,29,rotation_max_grid,43.5,-3.7582516538937525
shuffled_rates,1,29,rotation_max_grid,44.32,1.1922095765608756
shuffled_rates,1,29,rotation_max_grid,44.78,2.9673599742859054
shuffled_rates,1,29,rotation_max_grid,45.68,-2.8955265038553826
shuffled_rates,1,29,rotation_max_grid,46.72,6.7552035661100645
shuffled_rates,1,29,rotation_max_grid,47.660000000000004,-3.7343184125695177
shuffled_rates,1,29,rotation_max_grid,48.5,4.038179477388166
shuffled_rates,1,29,rotation_max_grid,49.620000000000005,-3.187615600365212
shuffled_rates,1,29,rotation_max_grid,50.42,1.3125366714416933
shuffled_rates,1,29,rotation_max_grid,50.76,2.5724240096011335
shuffled_rates,1,29,rotation_max_grid,51.6,2.05403184400352
shuffled_rates,1,29,rotation_max_grid,52.22,1.6185993609673166
shuffled_rates,1,29,rotation_max_grid,52.800000000000004,-3.0599792253535054
shuffled_rates,1,29,rotation_max_grid,54.1,2.8307783875482984
shuffled_rates,1,29,rotation_max_grid,54.7,3.0680456175541524
shuffled_rates,1,29,rotation_max_grid,55.300000000000004,-0.2965890224244303
shuffled_rates,1,29,rotation_max_grid,55.56,-0.27718717162968903
shuffled_rates,1,29,rotation_max_grid,55.980000000000004,2.065917963007358
shuffled_rates,1,29,rotation_max_grid,56.88,-3.869586656573345
shuffled_rates,1,29,rotation_max_grid,57.88,4.903596467984005
shuffled_rates,1,29,rotation_max_grid,58.54,2.3849086821469854
shuffled_rates,1,29,rotation_max_grid,59.18,-3.211753611559789
shuffled_rates,1,29,rotation_max_grid,59.74,2.2062926090764563
shuffled_rates,1,101,stationary_phase,0.33086667089853633,0.0
shuffled_rates,1,101,stationary_phase,1.2353739453047379,0.0
shuffled_rates,1,101,stationary_phase,1.8467421282916723,0.0
shuffled_rates,1,101,stationary_phase,2.595189298926852,0.0
shuffled_rates,1,101,stationary_phase,3.2169285033128743,0.0
shuffled_rates,1,101,stationary_phase,4.060363573853709,0.0
shuffled_rates,1,101,stationary_phase,4.534334782630777,0.0
shuffled_rates,1,101,stationary_phase,5.17440430285291,0.0
shuffled_rates,1,101,stationary_phase,5.927614212228292,0.0
shuffled_rates,1,101,stationary_phase,6.698544868674393,0.0
shuffled_rates,1,101,stationary_phase,7.367930629724968,0.0
shuffled_rates,1,101,stationary_phase,8.106481859999509,0.0
shuffled_rates,1,101,stationary_phase,8.85214877254921,0.0
shuffled_rates,1,101,stationary_phase,9.905289010003228,0.0
shuffled_rates,1,101,stationary_phase,10.598095683970058,0.0
shuffled_rates,1,101,stationary_phase,11.40380847739822,0.0
shuffled_rates,1,101,stationary_phase,11.669558730449408,0.0
shuffled_rates,1,101,stationary_phase,12.133134534724114,0.0
shuffled_rates,1,101,stationary_phase,12.32324960359321,0.0
shuffled_rates,1,101,stationary_phase,12.813112452282159,0.0
shuffled_rates,1,101,stationary_phase,13.680398314439126,0.0
shuffled_rates,1,101,stationary_phase,14.311692003748616,0.0
shuffled_rates,1,101,stationary_phase,14.454544777074931,0.0
shuffled_rates,1,101,stationary_phase,14.800425248508047,0.0
shuffled_rates,1,101,stationary_phase,15.130546647510815,0.0
shuffled_rates,1,101,stationary_phase,15.564700817580643,0.0
shuffled_rates,1,101,stationary_phase,15.946718735335464,0.0
shuffled_rates,1,101,stationary_phase,16.187434057141008,0.0
shuffled_rates,1,101,stationary_phase,16.445253137319654,0.0
shuffled_rates,1,101,stationary_phase,17.150336400315467,0.0
shuffled_rates,1,101,stationary_phase,17.383446466104303,0.0
shuffled_rates,1,101,stationary_phase,17.558783496167077,0.0
shuffled_rates,1,101,stationary_phase,17.792948581442612,0.0
shuffled_rates,1,101,stationary_phase,18.282993290314966,0.0
shuffled_rates,1,101,stationary_phase,18.821335890837183,0.0
shuffled_rates,1,101,stationary_phase,18.906840452216326,0.0
shuffled_rates,1,101,stationary_phase,19.262368540483276,0.0
shuffled_rates,1,101,stationary_phase,19.99479647743839,0.0
shuffled_rates,1,101,stationary_phase,20.616843771347394,0.0
shuffled_rates,1,101,stationary_phase,21.473852504494353,0.0
shuffled_rates,1,101,stationary_phase,22.106428982080853,0.0
shuffled_rates,1,101,stationary_phase,22.908858121178987,0.0
shuffled_rates,1,101,stationary_phase,23.740831532822757,0.0
shuffled_rates,1,101,stationary_phase,24.283324043520224,0.0
shuffled_rates,1,101,stationary_phase,24.61531451585177,0.0
shuffled_rates,1,101,stationary_phase,25.719536517736614,0.0
shuffled_rates,1,101,stationary_phase,26.401818634259673,0.0
shuffled_rates,1,101,stationary_phase,27.1542321725716,0.0
shuffled_rates,1,101,stationary_phase,27.425709648131278,0.0
shuffled_rates,1,101,stationary_phase,27.807300899375274,0.0
shuffled_rates,1,101,stationary_phase,27.938920940095514,0.0
shuffled_rates,1,101,stationary_phase,28.449810149458276,0.0
shuffled_rates,1,101,stationary_phase,28.911896187364245,0.0
shuffled_rates,1,101,stationary_phase,29.459613941301658,0.0
shuffled_rates,1,101,stationary_phase,29.58948874609298,0.0
shuffled_rates,1,101,stationary_phase,29.780414792816874,0.0
shuffled_rates,1,101,stationary_phase,30.277773124487627,0.0
shuffled_rates,1,101,stationary_phase,31.120670724928317,0.0
shuffled_rates,1,101,stationary_phase,31.76287757413223,0.0
shuffled_rates,1,101,stationary_phase,32.59751444531085,0.0
shuffled_rates,1,101,stationary_phase,32.727218302928975,0.0
shuffled_rates,1,101,stationary_phase,32.9670653409568,0.0
shuffled_rates,1,101,stationary_phase,33.16220848019521,0.0
shuffled_rates,1,101,stationary_phase,33.749888058636515,0.0
shuffled_rates,1,101,stationary_phase,34.262925437216936,0.0
shuffled_rates,1,101,stationary_phase,34.41210407774526,0.0
shuffled_rates,1,101,stationary_phase,34.590821485628375,0.0
shuffled_rates,1,101,stationary_phase,35.173166654397505,0.0
shuffled_rates,1,101,stationary_phase,35.58401535831678,0.0
shuffled_rates,1,101,stationary_phase,35.868353396648196,0.0
shuffled_rates,1,101,stationary_phase,36.017272825127726,0.0
shuffled_rates,1,101,stationary_phase,36.452086294389424,0.0
shuffled_rates,1,101,stationary_phase,37.01707660506351,0.0
shuffled_rates,1,101,stationary_phase,37.31919207292119,0.0
shuffled_rates,1,101,stationary_phase,37.442469063552565,0.0
shuffled_rates,1,101,stationary_phase,38.015545178953914,0.0
shuffled_rates,1,101,stationary_phase,38.56710674567151,0.0
shuffled_rates,1,101,stationary_phase,38.717396695480545,0.0
shuffled_rates,1,101,stationary_phase,38.90869936159493,0.0
shuffled_rates,1,101,stationary_phase,39.33972144886159,0.0
shuffled_rates,1,101,stationary_phase,40.35217645770598,0.0
shuffled_rates,1,101,stationary_phase,41.57272168835079,0.0
shuffled_rates,1,101,stationary_phase,42.37861174149607,0.0
shuffled_rates,1,101,stationary_phase,43.07195596076753,0.0
shuffled_rates,1,101,stationary_phase,43.21315037620589,0.0
shuffled_rates,1,101,stationary_phase,43.49981494719896,0.0
shuffled_rates,1,101,stationary_phase,43.610636041718024,0.0
shuffled_rates,1,101,stationary_phase,44.03327205205481,0.0
shuffled_rates,1,101,stationary_phase,44.256609881716145,0.0
shuffled_rates,1,101,stationary_phase,44.37154390841099,0.0
shuffled_rates,1,101,stationary_phase,44.74743108555007,0.0
shuffled_rates,1,101,stationary_phase,44.838642737086175,0.0
shuffled_rates,1,101,stationary_phase,44.999682387841794,0.0
shuffled_rates,1,101,stationary_phase,45.90810839713731,0.0
shuffled_rates,1,101,stationary_phase,46.13062978575099,0.0
shuffled_rates,1,101,stationary_phase,46.80186700507018,0.0
shuffled_rates,1,101,stationary_phase,47.67617511904956,0.0
shuffled_rates,1,101,stationary_phase,48.59686377566357,0.0
shuffled_rates,1,101,stationary_phase,49.159065507984046,0.0
shuffled_rates,1,101,stationary_phase,50.143306771590325,0.0
shuffled_rates,1,101,stationary_phase,50.60836016589246,0.0
shuffled_rates,1,101,stationary_phase,51.591322993443434,0.0
shuffled_rates,1,101,stationary_phase,51.97703776378774,0.0
shuffled_rates,1,101,stationary_phase,52.065495491728605,0.0
shuffled_rates,1,101,stationary_phase,52.51233260415897,0.0
shuffled_rates,1,101,stationary_phase,53.03440498445206,0.0
shuffled_rates,1,101,stationary_phase,53.31141970401818,0.0
shuffled_rates,1,101,stationary_phase,53.86940673361948,0.0
shuffled_rates,1,101,stationary_phase,54.11078050032009,0.0
shuffled_rates,1,101,stationary_phase,54.38204132331587,0.0
shuffled_rates,1,101,stationary_phase,54.735729702276885,0.0
shuffled_rates,1,101,stationary_phase,55.34663168380583,0.0
shuffled_rates,1,101,stationary_phase,56.15933954399209,0.0
shuffled_rates,1,101,stationary_phase,56.99550761548831,0.0
shuffled_rates,1,101,stationary_phase,57.71624623856116,0.0
shuffled_rates,1,101,stationary_phase,58.3528393554868,0.0
shuffled_rates,1,101,stationary_phase,59.068935459076435,0.0
shuffled_rates,1,101,stationary_phase,59.793555474877195,0.0
shuffled_rates,1,101,rotation_max_grid,0.8,-13.711525361036887
shuffled_rates,1,101,rotation_max_grid,1.44,20.55517163531937
shuffled_rates,1,101,rotation_max_grid,2.2600000000000002,-9.076407239784784
shuffled_rates,1,101,rotation_max_grid,2.88,16.300577308290368
shuffled_rates,1,101,rotation_max_grid,3.7600000000000002,-7.1901321619982
shuffled_rates,1,101,rotation_max_grid,4.32,12.835253576261168
shuffled_rates,1,101,rotation_max_grid,4.84,-4.062083063975491
shuffled_rates,1,101,rotation_max_grid,5.44,2.047425215425666
shuffled_rates,1,101,rotation_max_grid,5.76,10.814489972446536
shuffled_rates,1,101,rotation_max_grid,6.34,-5.502122838341834
shuffled_rates,1,101,rotation_max_grid,6.84,2.937123897481775
shuffled_rates,1,101,rotation_max_grid,7.18,11.016946142813447
shuffled_rates,1,101,rotation_max_grid,7.66,-4.029410718183938
shuffled_rates,1,101,rotation_max_grid,8.2,1.1624900647210261
shuffled_rates,1,101,rotation_max_grid,8.620000000000001,12.420755059925918
shuffled_rates,1,101,rotation_max_grid,9.22,-5.837697627606554
shuffled_rates,1,101,rotation_max_grid,9.72,-2.789979733768784
shuffled_rates,1,101,rotation_max_grid,10.06,11.532567412881466
shuffled_rates,1,101,rotation_max_grid,10.38,3.2813102687340696
shuffled_rates,1,101,rotation_max_grid,10.72,-1.432050551749431
shuffled_rates,1,101,rotation_max_grid,11.18,-4.231968452637646
shuffled_rates,1,101,rotation_max_grid,11.5,8.271674231406648
shuffled_rates,1,101,rotation_max_grid,11.98,-1.6911576423455719
shuffled_rates,1,101,rotation_max_grid,12.24,1.36858983359926
shuffled_rates,1,101,rotation_max_grid,12.58,-3.888654234013464
shuffled_rates,1,101,rotation_max_grid,12.94,10.64576696070993
shuffled_rates,1,101,rotation_max_grid,13.58,1.1353406982684506
shuffled_rates,1,101,rotation_max_grid,14.14,-5.0413741666197
shuffled_rates,1,101,rotation_max_grid,14.38,5.403299725972089
shuffled_rates,1,101,rotation_max_grid,14.56,-3.0301893046993684
shuffled_rates,1,101,rotation_max_grid,14.98,2.758220614416823
shuffled_rates,1,101,rotation_max_grid,15.36,-2.3053665395676783
shuffled_rates,1,101,rotation_max_grid,15.82,10.650501929347538
shuffled_rates,1,101,rotation_max_grid,16.04,-1.6312957622752045
shuffled_rates,1,101,rotation_max_grid,16.32,1.9600555766333474
shuffled_rates,1,101,rotation_max_grid,16.94,-2.636329227848944
shuffled_rates,1,101,rotation_max_grid,17.26,8.003835662285278
shuffled_rates,1,101,rotation_max_grid,17.46,-0.8981703516985463
shuffled_rates,1,101,rotation_max_grid,17.68,1.8417132197132466
shuffled_rates,1,101,rotation_max_grid,18.02,-3.297821177218163
shuffled_rates,1,101,rotation_max_grid,18.400000000000002,0.9432586964703258
shuffled_rates,1,101,rotation_max_grid,18.7,8.539428409121859
shuffled_rates,1,101,rotation_max_grid,18.86,-0.46378991216480564
shuffled_rates,1,101,rotation_max_grid,19.080000000000002,4.147909552823552
shuffled_rates,1,101,rotation_max_grid,19.6,-4.925929156409365
shuffled_rates,1,101,rotation_max_grid,20.14,9.610470757028201
shuffled_rates,1,101,rotation_max_grid,20.42,2.3598873017882798
shuffled_rates,1,101,rotation_max_grid,20.76,-0.8856742865842071
shuffled_rates,1,101,rotation_max_grid,21.240000000000002,-4.665613532920202
shuffled_rates,1,101,rotation_max_grid,21.580000000000002,8.730572194795728
shuffled_rates,1,101,rotation_max_grid,21.78,3.227540140175555
shuffled_rates,1,101,rotation_max_grid,22.46,-3.766869052447651
shuffled_rates,1,101,rotation_max_grid,22.740000000000002,-3.3980535845810915
shuffled_rates,1,101,rotation_max_grid,23.02,8.844297426647472
shuffled_rates,1,101,rotation_max_grid,23.56,3.1247763370539796
shuffled_rates,1,101,rotation_max_grid,24.02,-3.6033631553413032
shuffled_rates,1,101,rotation_max_grid,24.44,12.332537537590094
shuffled_rates,1,101,rotation_max_grid,24.82,-3.733856408882
shuffled_rates,1,101,rotation_max_grid,25.36,-4.402302415550405
shuffled_rates,1,101,rotation_max_grid,25.88,13.845840466425576
shuffled_rates,1,101,rotation_max_grid,26.86,-3.6206674545651225
shuffled_rates,1,101,rotation_max_grid,27.32,9.364340567718989
shuffled_rates,1,101,rotation_max_grid,27.560000000000002,-2.886834739305714
shuffled_rates,1,101,rotation_max_grid,27.88,0.28739983950537573
shuffled_rates,1,101,rotation_max_grid,28.22,-2.732915454831579
shuffled_rates,1,101,rotation_max_grid,28.76,11.806361245172793
shuffled_rates,1,101,rotation_max_grid,29.1,-3.1453038432896094
shuffled_rates,1,101,rotation_max_grid,29.52,0.1698237205952134
shuffled_rates,1,101,rotation_max_grid,29.7,-0.4160380567368165
shuffled_rates,1,101,rotation_max_grid,29.96,2.4622851159379393
shuffled_rates,1,101,rotation_max_grid,30.2,7.659247819409594
shuffled_rates,1,101,rotation_max_grid,30.52,-6.393257479710429
shuffled_rates,1,101,rotation_max_grid,31.34,6.200069300379512
shuffled_rates,1,101,rotation_max_grid,31.64,10.626372048499075
shuffled_rates,1,101,rotation_max_grid,31.98,-3.409496957572485
shuffled_rates,1,101,rotation_max_grid,32.660000000000004,0.5846548426174557
shuffled_rates,1,101,rotation_max_grid,32.86,-1.9481764350693525
shuffled_rates,1,101,rotation_max_grid,33.08,7.453508138704558
shuffled_rates,1,101,rotation_max_grid,33.36,-4.774571701465793
shuffled_rates,1,101,rotation_max_grid,34.04,6.960198920223054
shuffled_rates,1,101,rotation_max_grid,34.34,-1.1840100055149227
shuffled_rates,1,101,rotation_max_grid,34.5,6.3360903164891385
shuffled_rates,1,101,rotation_max_grid,34.74,-3.831592052077794
shuffled_rates,1,101,rotation_max_grid,35.4,4.312552817546293
shuffled_rates,1,101,rotation_max_grid,35.76,-2.711043136054647
shuffled_rates,1,101,rotation_max_grid,35.94,5.571586785025505
shuffled_rates,1,101,rotation_max_grid,36.18,-5.481176011885194
shuffled_rates,1,101,rotation_max_grid,36.74,9.030472357523456
shuffled_rates,1,101,rotation_max_grid,37.2,-3.3885953201764094
shuffled_rates,1,101,rotation_max_grid,37.38,4.538159843241808
shuffled_rates,1,101,rotation_max_grid,37.660000000000004,-7.849912666225622
shuffled_rates,1,101,rotation_max_grid,38.24,5.588418884438862
shuffled_rates,1,101,rotation_max_grid,38.660000000000004,-1.0120124097846754
shuffled_rates,1,101,rotation_max_grid,38.82,6.962728029219409
shuffled_rates,1,101,rotation_max_grid,39.06,-4.265775327463392
shuffled_rates,1,101,rotation_max_grid,39.5,2.347189824416902
shuffled_rates,1,101,rotation_max_grid,39.88,1.4096097350002703
shuffled_rates,1,101,rotation_max_grid,40.26,8.179916776423559
shuffled_rates,1,101,rotation_max_grid,40.56,-5.246291834711875
shuffled_rates,1,101,rotation_max_grid,41.08,-2.4913824118710926
shuffled_rates,1,101,rotation_max_grid,41.42,-2.927118011507652
shuffled_rates,1,101,rotation_max_grid,41.7,11.272860743420617
shuffled_rates,1,101,rotation_max_grid,42.2,2.2646533099461243
shuffled_rates,1,101,rotation_max_grid,42.94,-4.30513228327067
shuffled_rates,1,101,rotation_max_grid,43.14,5.310873430699602
shuffled_rates,1,101,rotation_max_grid,43.32,-3.024718614058509
shuffled_rates,1,101,rotation_max_grid,43.56,0.5320641236552623
shuffled_rates,1,101,rotation_max_grid,43.78,-2.290247347296176
shuffled_rates,1,101,rotation_max_grid,44.14,0.3836111101264491
shuffled_rates,1,101,rotation_max_grid,44.32,-0.2015203847951546
shuffled_rates,1,101,rotation_max_grid,44.58,10.731299457778603
shuffled_rates,1,101,rotation_max_grid,44.78,-0.28116725474006676
shuffled_rates,1,101,rotation_max_grid,44.92,0.6784200324016878
shuffled_rates,1,101,rotation_max_grid,45.160000000000004,-1.3150599186256555
shuffled_rates,1,101,rotation_max_grid,45.38,-1.1468274819059743
shuffled_rates,1,101,rotation_max_grid,45.800000000000004,-1.7132744612786865
shuffled_rates,1,101,rotation_max_grid,46.02,7.655659264119754
shuffled_rates,1,101,rotation_max_grid,46.2,-0.8601155226215336
shuffled_rates,1,101,rotation_max_grid,46.52,-4.055030453690005
shuffled_rates,1,101,rotation_max_grid,47.12,3.751211553712824
shuffled_rates,1,101,rotation_max_grid,47.46,10.742201106559488
shuffled_rates,1,101,rotation_max_grid,48.02,-6.830772651960231
shuffled_rates,1,101,rotation_max_grid,48.9,13.744733592344625
shuffled_rates,1,101,rotation_max_grid,49.5,-5.158369090772471
shuffled_rates,1,101,rotation_max_grid,49.94,-2.526759968263714
shuffled_rates,1,101,rotation_max_grid,50.34,14.24030353829186
shuffled_rates,1,101,rotation_max_grid,51.120000000000005,-3.975542198505436
shuffled_rates,1,101,rotation_max_grid,51.34,-4.219635304989038
shuffled_rates,1,101,rotation_max_grid,51.76,13.010993277274132
shuffled_rates,1,101,rotation_max_grid,52.02,-0.1953093362240354
shuffled_rates,1,101,rotation_max_grid,52.34,2.2316706782054867
shuffled_rates,1,101,rotation_max_grid,52.82,-4.482886475028562
shuffled_rates,1,101,rotation_max_grid,53.2,9.57606528302884
shuffled_rates,1,101,rotation_max_grid,53.5,-3.516128797653596
shuffled_rates,1,101,rotation_max_grid,53.980000000000004,0.8071513233639462
shuffled_rates,1,101,rotation_max_grid,54.26,-1.1622016862524602
shuffled_rates,1,101,rotation_max_grid,54.64,8.243536230789202
shuffled_rates,1,101,rotation_max_grid,54.84,-3.048289110093465
shuffled_rates,1,101,rotation_max_grid,55.18,-0.7069358449679118
shuffled_rates,1,101,rotation_max_grid,55.78,4.606538737889501
shuffled_rates,1,101,rotation_max_grid,56.08,8.068813772791456
shuffled_rates,1,101,rotation_max_grid,56.44,-8.163077584197252
shuffled_rates,1,101,rotation_max_grid,57.22,3.9670942372807745
shuffled_rates,1,101,rotation_max_grid,57.52,14.273645718281706
shuffled_rates,1,101,rotation_max_grid,58.0,-5.523668265671186
shuffled_rates,1,101,rotation_max_grid,58.54,4.10423168197753
shuffled_rates,1,101,rotation_max_grid,58.96,9.138952484926284
shuffled_rates,1,101,rotation_max_grid,59.42,-7.268365693162121
shuffled_rates,1,101,rotation_max_grid,59.96,3.8648262397816575
raised_cosine,0,5,stationary_phase,1.024409162762715,0.0
raised_cosine,0,5,stationary_phase,5.236749025314496,0.0
raised_cosine,0,5,stationary_phase,6.22172276760917,0.0
raised_cosine,0,5,stationary_phase,8.238333059065408,0.0
raised_cosine,0,5,stationary_phase,9.956951269999777,0.0
raised_cosine,0,5,stationary_phase,10.84976803620208,0.0
raised_cosine,0,5,stationary_phase,11.939808247071662,0.0
raised_cosine,0,5,stationary_phase,16.530280225759178,0.0
raised_cosine,0,5,stationary_phase,18.98403611985769,0.0
raised_cosine,0,5,stationary_phase,22.39717489365643,0.0
raised_cosine,0,5,stationary_phase,23.359192426956366,0.0
raised_cosine,0,5,stationary_phase,26.36082640097392,0.0
raised_cosine,0,5,stationary_phase,29.15852181452376,0.0
raised_cosine,0,5,stationary_phase,33.79536324671452,0.0
raised_cosine,0,5,stationary_phase,37.08275533341488,0.0
raised_cosine,0,5,stationary_phase,39.543985734761335,0.0
raised_cosine,0,5,stationary_phase,40.514087560682086,0.0
raised_cosine,0,5,stationary_phase,44.40708210964962,0.0
raised_cosine,0,5,stationary_phase,46.544839605228695,0.0
raised_cosine,0,5,stationary_phase,50.98465547130682,0.0
raised_cosine,0,5,stationary_phase,51.99707051427885,0.0
raised_cosine,0,5,stationary_phase,53.54865185220257,0.0
raised_cosine,0,5,stationary_phase,55.2341605582162,0.0
raised_cosine,0,5,stationary_phase,56.659359954151455,0.0
raised_cosine,0,5,stationary_phase,57.68226292922506,0.0
raised_cosine,0,5,rotation_max_grid,3.3200000000000003,-0.316212330570269
raised_cosine,0,5,rotation_max_grid,5.72,0.3377301025319486
raised_cosine,0,5,rotation_max_grid,7.18,-0.22411051829791379
raised_cosine,0,5,rotation_max_grid,9.06,0.9596519248063748
raised_cosine,0,5,rotation_max_grid,10.42,-0.09351256011283868
raised_cosine,0,5,rotation_max_grid,11.44,0.36223198406256685
raised_cosine,0,5,rotation_max_grid,14.120000000000001,-0.32512469941318134
raised_cosine,0,5,rotation_max_grid,17.28,0.602747950550685
raised_cosine,0,5,rotation_max_grid,18.1,1.0709743503737057
raised_cosine,0,5,rotation_max_grid,20.82,-0.29603526000265884
raised_cosine,0,5,rotation_max_grid,22.88,0.3307623256148675
raised_cosine,0,5,rotation_max_grid,24.76,-0.2813488067135691
raised_cosine,0,5,rotation_max_grid,27.2,1.0033405598075058
raised_cosine,0,5,rotation_max_grid,28.560000000000002,0.4564623834774955
raised_cosine,0,5,rotation_max_grid,31.52,-0.3265923733862107
raised_cosine,0,5,rotation_max_grid,34.32,0.3875530626421232
raised_cosine,0,5,rotation_max_grid,36.26,0.9702755907988192
raised_cosine,0,5,rotation_max_grid,38.38,-0.25477827703120515
raised_cosine,0,5,rotation_max_grid,40.04,0.3331627133961913
raised_cosine,0,5,rotation_max_grid,42.300000000000004,-0.3090561756889584
raised_cosine,0,5,rotation_max_grid,45.42,1.3540944677076583
raised_cosine,0,5,rotation_max_grid,48.94,-0.32123034936142336
raised_cosine,0,5,rotation_max_grid,51.480000000000004,0.345293183836312
raised_cosine,0,5,rotation_max_grid,52.74,-0.18019812776567806
raised_cosine,0,5,rotation_max_grid,54.38,0.9559987390646375
raised_cosine,0,5,rotation_max_grid,55.96,-0.16575264511774357
raised_cosine,0,5,rotation_max_grid,57.18,0.3478571755204028
raised_cosine,0,5,rotation_max_grid,59.76,-0.3222391421485157
raised_cosine,0,29,stationary_phase,0.6692945705672599,0.0
raised_cosine,0,29,stationary_phase,2.3120289417205897,0.0
raised_cosine,0,29,stationary_phase,2.7187556654298195,0.0
raised_cosine,0,29,stationary_phase,5.219013395352969,0.0
raised_cosine,0,29,stationary_phase,5.954424138464292,0.0
raised_cosine,0,29,stationary_phase,6.125563257389067,0.0
raised_cosine,0,29,stationary_phase,6.6741015171561155,0.0
raised_cosine,0,29,stationary_phase,7.392600233838825,0.0
raised_cosine,0,29,stationary_phase,8.157064581657897,0.0
raised_cosine,0,29,stationary_phase,8.761837480835007,0.0
raised_cosine,0,29,stationary_phase,10.098042598587622,0.0
raised_cosine,0,29,stationary_phase,11.015868870691236,0.0
raised_cosine,0,29,stationary_phase,12.283820615860135,0.0
raised_cosine,0,29,stationary_phase,12.517925474199206,0.0
raised_cosine,0,29,stationary_phase,13.25389443236659,0.0
raised_cosine,0,29,stationary_phase,15.273029952147844,0.0
raised_cosine,0,29,stationary_phase,16.354314103161418,0.0
raised_cosine,0,29,stationary_phase,16.787278800386158,0.0
raised_cosine,0,29,stationary_phase,18.566111336145955,0.0
raised_cosine,0,29,stationary_phase,18.952440707921873,0.0
raised_cosine,0,29,stationary_phase,19.95900583345731,0.0
raised_cosine,0,29,stationary_phase,22.08057570705117,0.0
raised_cosine,0,29,stationary_phase,23.846143457641514,0.0
raised_cosine,0,29,stationary_phase,25.802289211313116,0.0
raised_cosine,0,29,stationary_phase,27.772796899744804,0.0
raised_cosine,0,29,stationary_phase,28.241120934603718,0.0
raised_cosine,0,29,stationary_phase,29.459823646196888,0.0
raised_cosine,0,29,stationary_phase,31.047935535784422,0.0
raised_cosine,0,29,stationary_phase,32.23363457538988,0.0
raised_cosine,0,29,stationary_phase,33.82738935318963,0.0
raised_cosine,0,29,stationary_phase,36.85952740897134,0.0
raised_cosine,0,29,stationary_phase,38.495770285955096,0.0
raised_cosine,0,29,stationary_phase,40.17228099775875,0.0
raised_cosine,0,29,stationary_phase,41.581134553625446,0.0
raised_cosine,0,29,stationary_phase,42.415557029812774,0.0
raised_cosine,0,29,stationary_phase,44.173876290196006,0.0
raised_cosine,0,29,stationary_phase,47.25286201995238,0.0
raised_cosine,0,29,stationary_phase,50.63278260893266,0.0
raised_cosine,0,29,stationary_phase,52.05442113422424,0.0
raised_cosine,0,29,stationary_phase,53.900936804788394,0.0
raised_cosine,0,29,stationary_phase,55.46807224985269,0.0
raised_cosine,0,29,stationary_phase,57.09907480504316,0.0
raised_cosine,0,29,stationary_phase,58.80052324626923,0.0
raised_cosine,0,29,rotation_max_grid,1.4000000000000001,-2.203797265078148
raised_cosine,0,29,rotation_max_grid,2.5,0.21510759874212046
raised_cosine,0,29,rotation_max_grid,3.04,-0.3198892070127181
raised_cosine,0,29,rotation_max_grid,3.52,-0.46000075877072655
raised_cosine,0,29,rotation_max_grid,4.6000000000000005,-0.4410255035748105
raised_cosine,0,29,rotation_max_grid,5.68,0.15856698623061075
raised_cosine,0,29,rotation_max_grid,6.04,-0.029169685872131618
raised_cosine,0,29,rotation_max_grid,6.44,0.31934836757093377
raised_cosine,0,29,rotation_max_grid,7.0200000000000005,-0.5707436129628463
raised_cosine,0,29,rotation_max_grid,7.8,0.8428908102761595
raised_cosine,0,29,rotation_max_grid,8.44,-0.4201264486424204
raised_cosine,0,29,rotation_max_grid,9.1,0.462456190270405
raised_cosine,0,29,rotation_max_grid,9.700000000000001,0.6734779413226223
raised_cosine,0,29,rotation_max_grid,10.3,-0.147898864740875
raised_cosine,0,29,rotation_max_grid,10.8,-0.17922721430227095
raised_cosine,0,29,rotation_max_grid,11.56,1.0565300346723692
raised_cosine,0,29,rotation_max_grid,12.42,-0.04986665044616519
raised_cosine,0,29,rotation_max_grid,12.96,0.7291140893925476
raised_cosine,0,29,rotation_max_grid,14.06,-2.1454750726990217
raised_cosine,0,29,rotation_max_grid,15.72,1.47775793245371
raised_cosine,0,29,rotation_max_grid,16.580000000000002,-0.3331482238523746
raised_cosine,0,29,rotation_max_grid,17.18,1.0704452478542648
raised_cosine,0,29,rotation_max_grid,18.14,0.9557878536094704
raised_cosine,0,29,rotation_max_grid,18.76,-0.281705955414365
raised_cosine,0,29,rotation_max_grid,19.48,1.9061602395860322
raised_cosine,0,29,rotation_max_grid,20.56,-1.6378768005185511
raised_cosine,0,29,rotation_max_grid,21.42,-1.396634274708565
raised_cosine,0,29,rotation_max_grid,22.84,1.338491756638441
raised_cosine,0,29,rotation_max_grid,23.38,1.3905165300130335
raised_cosine,0,29,rotation_max_grid,25.060000000000002,-1.8596173511920648
raised_cosine,0,29,rotation_max_grid,26.14,0.345648131549616
raised_cosine,0,29,rotation_max_grid,27.2,1.8788706576277703
raised_cosine,0,29,rotation_max_grid,28.02,-0.32928491403718024
raised_cosine,0,29,rotation_max_grid,28.84,2.035435082196482
raised_cosine,0,29,rotation_max_grid,30.36,-1.9648597460590609
raised_cosine,0,29,rotation_max_grid,31.400000000000002,0.8300526925935316
raised_cosine,0,29,rotation_max_grid,32.96,-1.787046379815398
raised_cosine,0,29,rotation_max_grid,34.26,1.7910063685105222
raised_cosine,0,29,rotation_max_grid,35.4,1.2140828521554792
raised_cosine,0,29,rotation_max_grid,36.32,1.1498565255474231
raised_cosine,0,29,rotation_max_grid,37.5,-1.6782397167582168
raised_cosine,0,29,rotation_max_grid,39.1,2.051371074762961
raised_cosine,0,29,rotation_max_grid,40.94,-1.8453440689299392
raised_cosine,0,29,rotation_max_grid,41.96,1.310252590547221
raised_cosine,0,29,rotation_max_grid,43.52,-1.598833171277216
raised_cosine,0,29,rotation_max_grid,45.300000000000004,1.9609640627870664
raised_cosine,0,29,rotation_max_grid,46.78,1.425759972819424
raised_cosine,0,29,rotation_max_grid,47.82,-1.609575194080173
raised_cosine,0,29,rotation_max_grid,49.52,-1.1437525106829487
raised_cosine,0,29,rotation_max_grid,50.120000000000005,-1.1890919705191354
raised_cosine,0,29,rotation_max_grid,51.46,2.314008225548216
raised_cosine,0,29,rotation_max_grid,52.88,-1.4409681713410987
raised_cosine,0,29,rotation_max_grid,54.74,2.497845718013861
raised_cosine,0,29,rotation_max_grid,56.04,-1.2504546716933596
raised_cosine,0,29,rotation_max_grid,56.56,-1.1988945218410287
raised_cosine,0,29,rotation_max_grid,57.7,1.271167045555538
raised_cosine,0,29,rotation_max_grid,59.4,-1.6075657773774863
raised_cosine,0,101,stationary_phase,0.5014704251757636,0.0
raised_cosine,0,101,stationary_phase,1.5484263414225452,0.0
raised_cosine,0,101,stationary_phase,2.2174132791912213,0.0
raised_cosine,0,101,stationary_phase,3.1357540664709815,0.0
raised_cosine,0,101,stationary_phase,3.69460979842585,0.0
raised_cosine,0,101,stationary_phase,4.789588897810057,0.0
raised_cosine,0,101,stationary_phase,5.307120945232403,0.0
raised_cosine,0,101,stationary_phase,6.164530251079852,0.0
raised_cosine,0,101,stationary_phase,6.764751800953615,0.0
raised_cosine,0,101,stationary_phase,7.326127965896566,0.0
raised_cosine,0,101,stationary_phase,8.093765604937097,0.0
raised_cosine,0,101,stationary_phase,8.603224979998277,0.0
raised_cosine,0,101,stationary_phase,9.392999718397487,0.0
raised_cosine,0,101,stationary_phase,9.5747165605837,0.0
raised_cosine,0,101,stationary_phase,12.16734983510218,0.0
raised_cosine,0,101,stationary_phase,12.613087664823933,0.0
raised_cosine,0,101,stationary_phase,13.36870645029969,0.0
raised_cosine,0,101,stationary_phase,14.811796616104246,0.0
raised_cosine,0,101,stationary_phase,16.194107151468135,0.0
raised_cosine,0,101,stationary_phase,16.593184840248433,0.0
raised_cosine,0,101,stationary_phase,17.442888627196417,0.0
raised_cosine,0,101,stationary_phase,17.809208323715993,0.0
raised_cosine,0,101,stationary_phase,18.669795897886413,0.0
raised_cosine,0,101,stationary_phase,19.09106019654786,0.0
raised_cosine,0,101,stationary_phase,20.231547697464435,0.0
raised_cosine,0,101,stationary_phase,21.80062888652108,0.0
raised_cosine,0,101,stationary_phase,22.88000436688316,0.0
raised_cosine,0,101,stationary_phase,23.166529423785846,0.0
raised_cosine,0,101,stationary_phase,24.429141536085357,0.0
raised_cosine,0,101,stationary_phase,25.677958996325,0.0
raised_cosine,0,101,stationary_phase,28.17335239259381,0.0
raised_cosine,0,101,stationary_phase,28.361251675739084,0.0
raised_cosine,0,101,stationary_phase,29.680188833815652,0.0
raised_cosine,0,101,stationary_phase,31.061480635410195,0.0
raised_cosine,0,101,stationary_phase,32.25717708414672,0.0
raised_cosine,0,101,stationary_phase,33.716521076160234,0.0
raised_cosine,0,101,stationary_phase,36.90688105588332,0.0
raised_cosine,0,101,stationary_phase,38.20573498767703,0.0
raised_cosine,0,101,stationary_phase,40.342377982672836,0.0
raised_cosine,0,101,stationary_phase,41.59178922457423,0.0
raised_cosine,0,101,stationary_phase,42.5667541440786,0.0
raised_cosine,0,101,stationary_phase,43.921532490946205,0.0
raised_cosine,0,101,stationary_phase,47.36130388482727,0.0
raised_cosine,0,101,stationary_phase,48.5061805431915,0.0
raised_cosine,0,101,stationary_phase,49.21952576157941,0.0
raised_cosine,0,101,stationary_phase,50.396599641770734,0.0
raised_cosine,0,101,stationary_phase,52.43213943522132,0.0
raised_cosine,0,101,stationary_phase,53.634684798758535,0.0
raised_cosine,0,101,stationary_phase,55.78643010502896,0.0
raised_cosine,0,101,stationary_phase,57.135561170858864,0.0
raised_cosine,0,101,stationary_phase,58.76350015545071,0.0
raised_cosine,0,101,stationary_phase,59.83224536587827,0.0
raised_cosine,0,101,rotation_max_grid,0.98,-5.690233546147295
raised_cosine,0,101,rotation_max_grid,1.82,1.6746106479791436
raised_cosine,0,101,rotation_max_grid,2.7,-1.7490544287516798
raised_cosine,0,101,rotation_max_grid,3.36,0.5604127617403037
raised_cosine,0,101,rotation_max_grid,4.14,-0.635623603900859
raised_cosine,0,101,rotation_max_grid,5.04,0.30401261157766096
raised_cosine,0,101,rotation_max_grid,5.84,-0.361541875165642
raised_cosine,0,101,rotation_max_grid,6.5,0.7001488564753491
raised_cosine,0,101,rotation_max_grid,7.04,-0.7388545486909783
raised_cosine,0,101,rotation_max_grid,7.76,0.654406635162467
raised_cosine,0,101,rotation_max_grid,8.3,-0.3304221835874262
raised_cosine,0,101,rotation_max_grid,9.040000000000001,0.5044872430835329
raised_cosine,0,101,rotation_max_grid,9.48,-0.060396132983299426
raised_cosine,0,101,rotation_max_grid,9.92,0.45880575844613636
raised_cosine,0,101,rotation_max_grid,11.700000000000001,0.6085944259937229
raised_cosine,0,101,rotation_max_grid,12.42,-0.48345272397695566
raised_cosine,0,101,rotation_max_grid,13.0,1.7889937470163506
raised_cosine,0,101,rotation_max_grid,14.18,-3.263323835333714
raised_cosine,0,101,rotation_max_grid,15.02,0.34063086876362303
raised_cosine,0,101,rotation_max_grid,15.64,1.2599596634277563
raised_cosine,0,101,rotation_max_grid,16.42,-0.2577476655967287
raised_cosine,0,101,rotation_max_grid,17.04,1.3943157560026518
raised_cosine,0,101,rotation_max_grid,17.62,-0.35987095923561935
raised_cosine,0,101,rotation_max_grid,18.26,1.5102701548008053
raised_cosine,0,101,rotation_max_grid,18.88,-0.5518231383365184
raised_cosine,0,101,rotation_max_grid,19.56,1.3917038626760563
raised_cosine,0,101,rotation_max_grid,21.1,-2.5276515980584824
raised_cosine,0,101,rotation_max_grid,22.14,1.9109148131644378
raised_cosine,0,101,rotation_max_grid,23.04,-0.19625920476780032
raised_cosine,0,101,rotation_max_grid,23.580000000000002,1.6352856801188114
raised_cosine,0,101,rotation_max_grid,24.22,0.4307815990859834
raised_cosine,0,101,rotation_max_grid,25.0,-3.438677338249093
raised_cosine,0,101,rotation_max_grid,26.080000000000002,1.8847999634482318
raised_cosine,0,101,rotation_max_grid,27.38,1.009957136967138
raised_cosine,0,101,rotation_max_grid,27.72,1.0986972834738162
raised_cosine,0,101,rotation_max_grid,28.26,-0.10249501329019023
raised_cosine,0,101,rotation_max_grid,28.92,1.5111269593707464
raised_cosine,0,101,rotation_max_grid,30.5,-3.268626972573513
raised_cosine,0,101,rotation_max_grid,31.82,1.7998340399136676
raised_cosine,0,101,rotation_max_grid,32.76,-2.8236967096901053
raised_cosine,0,101,rotation_max_grid,34.160000000000004,2.2761654107959357
raised_cosine,0,101,rotation_max_grid,35.42,1.4848305921571856
raised_cosine,0,101,rotation_max_grid,36.54,2.013822563223563
raised_cosine,0,101,rotation_max_grid,37.6,-2.7335020541561605
raised_cosine,0,101,rotation_max_grid,39.08,1.6659817286235403
raised_cosine,0,101,rotation_max_grid,40.02,1.6841220559204746
raised_cosine,0,101,rotation_max_grid,40.980000000000004,-2.9371493052075555
raised_cosine,0,101,rotation_max_grid,42.0,2.814156520674525
raised_cosine,0,101,rotation_max_grid,43.4,-2.850343039231292
raised_cosine,0,101,rotation_max_grid,44.26,1.5682848757430594
raised_cosine,0,101,rotation_max_grid,45.68,1.3833792044800193
raised_cosine,0,101,rotation_max_grid,46.84,2.248277657186195
raised_cosine,0,101,rotation_max_grid,47.94,-3.1481149387849046
raised_cosine,0,101,rotation_max_grid,48.9,1.6608452810054855
raised_cosine,0,101,rotation_max_grid,49.72,-2.8486824479994595
raised_cosine,0,101,rotation_max_grid,51.32,1.5463861642053207
raised_cosine,0,101,rotation_max_grid,52.160000000000004,1.3384158970713207
raised_cosine,0,101,rotation_max_grid,52.88,-3.007288750725661
raised_cosine,0,101,rotation_max_grid,54.04,2.030436666556132
raised_cosine,0,101,rotation_max_grid,55.34,1.6640472576664398
raised_cosine,0,101,rotation_max_grid,56.46,-2.4579808603668627
raised_cosine,0,101,rotation_max_grid,57.64,2.099321866729537
raised_cosine,0,101,rotation_max_grid,58.44,1.2898686668029016
raised_cosine,0,101,rotation_max_grid,59.300000000000004,-2.820713238348974
